cluster,diseaseArea,baseMean,log2FoldChange,lfcSE,stat,pvalue,padj,gene,nCaseProfiles,nControlProfiles,nStudies
1,Lung Cancer,5.133157719492542,1.0521256805791093,0.2876902627292543,3.657147345196268,0.0002550377892615728,0.04755517051653922,ENSG00000162777,16,14,3
1,Lung Cancer,13.138236757941394,1.105258517765392,0.28285396811118413,3.9075234657161944,9.324698775933703e-05,0.025176686695021,ENSG00000116741,16,14,3
1,Lung Cancer,14.529111160848606,1.3110508550120858,0.32054276056895625,4.090096599545721,4.3119356321415494e-05,0.025176686695021,ENSG00000115970,16,14,3
1,Lung Cancer,12.80136394175352,3.4948026679473334,0.8656753326560663,4.037082421217403,5.412005902980782e-05,0.025176686695021,ENSG00000211592,16,14,3
1,Lung Cancer,10.523311413801139,1.6695294226780273,0.4265254343488809,3.9142552547345124,9.068366579418622e-05,0.025176686695021,ENSG00000115896,16,14,3
1,Lung Cancer,7.857242558929864,1.429400712667693,0.38668433912450556,3.6965570312570923,0.0002185431817046449,0.04484506088579313,ENSG00000181847,16,14,3
1,Lung Cancer,4.424385459719163,1.448414433215612,0.36433083628107715,3.9755471922178347,7.021761733886108e-05,0.025176686695021,ENSG00000138640,16,14,3
1,Lung Cancer,82.46104044591192,1.9820300004900198,0.5014324299350237,3.9527359663331985,7.726267601099571e-05,0.025176686695021,ENSG00000204388,16,14,3
1,Lung Cancer,3.6277796547574512,2.8319649234494055,0.6914885328885907,4.095461875006506,4.213275613926072e-05,0.025176686695021,ENSG00000003147,16,14,3
1,Lung Cancer,17.513234715803474,1.0799095774337488,0.2969188071747997,3.6370534682836486,0.0002757747015378303,0.0481940243783203,ENSG00000106211,16,14,3
1,Lung Cancer,3.9016476530675024,1.3136334131790375,0.3020514969440513,4.3490379172739555,1.3673607151316036e-05,0.020940655139074348,ENSG00000146776,16,14,3
1,Lung Cancer,21.55861183958068,1.3647759767776646,0.31005558228010066,4.401713933809266,1.073990994750947e-05,0.020940655139074348,ENSG00000198846,16,14,3
1,Lung Cancer,9.219045471746846,-3.270505616563063,0.8207702815931793,-3.984678405040148,6.757157500101598e-05,0.025176686695021,ENSG00000211797,16,14,3
1,Lung Cancer,3.4212776484352205,1.1046455147499548,0.3041887917070519,3.6314471304182057,0.00028183639987321813,0.0481940243783203,ENSG00000205544,16,14,3
1,Lung Cancer,4.955195368852372,2.0377041288052027,0.3784912473157237,5.383754956704253,7.294779731111812e-08,0.00037422220020603595,ENSG00000089012,16,14,3
1,Lung Cancer,17.847393205880383,1.6247219646508941,0.3991995686447985,4.069949199009646,4.702339035590507e-05,0.025176686695021,ENSG00000165591,16,14,3
36,IPF / Pulmonary Fibrosis,2.090060917228541,2.074271491784573,0.6066312671260696,3.419328353468301,0.0006277592422122198,0.017999847930358182,ENSG00000179403,34,42,4
36,IPF / Pulmonary Fibrosis,9.311542149903268,1.0764205849681658,0.2986226651196991,3.6046178361468186,0.0003126125896361304,0.011342819764698607,ENSG00000142798,34,42,4
36,IPF / Pulmonary Fibrosis,2.5042356094423406,1.153777784038955,0.3696157940162974,3.121559745869738,0.0017989574095106156,0.03559518722491315,ENSG00000117632,34,42,4
36,IPF / Pulmonary Fibrosis,80.26560182842755,-1.5205447375717134,0.33838463927699064,-4.493539484595354,7.004902598641562e-06,0.0007624966199039834,ENSG00000142748,34,42,4
36,IPF / Pulmonary Fibrosis,6.698952140964953,1.591107877150857,0.3823946383206864,4.160905299661946,3.1698851956516816e-05,0.0021510704087778698,ENSG00000175130,34,42,4
36,IPF / Pulmonary Fibrosis,1.883695840536278,1.4045788972806805,0.4405730959080848,3.1880723319830517,0.0014322470391619588,0.03122583343080129,ENSG00000116717,34,42,4
36,IPF / Pulmonary Fibrosis,1.5297806478299316,-1.4731205127514997,0.3354072181106654,-4.392035809633213,1.1229419771630096e-05,0.0010190441575634718,ENSG00000117069,34,42,4
36,IPF / Pulmonary Fibrosis,1.7444197514317594,1.2322874092698628,0.3636002239093808,3.389127201354482,0.0007011547688735472,0.01944050816716373,ENSG00000153904,34,42,4
36,IPF / Pulmonary Fibrosis,4.97369441659804,1.116018269162027,0.2915822177947924,3.8274565493134785,0.00012947423058141862,0.006109867284168412,ENSG00000143545,34,42,4
36,IPF / Pulmonary Fibrosis,7.316878937785742,1.0501239359530734,0.3388717484956573,3.0988831043450964,0.0019425164646863324,0.03731409078243876,ENSG00000143248,34,42,4
36,IPF / Pulmonary Fibrosis,3.182427459226268,1.0946811434426325,0.27374182285144055,3.9989546794123414,6.362286035427859e-05,0.0036308269239072773,ENSG00000168264,34,42,4
36,IPF / Pulmonary Fibrosis,2.8911338294029996,-1.0315067667519155,0.2874343866550077,-3.58866863062553,0.0003323709788861979,0.011985746097503506,ENSG00000133019,34,42,4
36,IPF / Pulmonary Fibrosis,7.689461485870575,1.0272726418706388,0.23980808022137923,4.283728225180362,1.8378738952505708e-05,0.0015004198272615076,ENSG00000228474,34,42,4
36,IPF / Pulmonary Fibrosis,1.5949843075800982,-2.2280299091482383,0.7331907699205235,-3.0388133628438236,0.002375119478860565,0.04269404372092478,ENSG00000115523,34,42,4
36,IPF / Pulmonary Fibrosis,8.890087880112189,-1.4229122992125607,0.2857890499700181,-4.978890196674216,6.394990864524209e-07,0.0001342491296488332,ENSG00000115604,34,42,4
36,IPF / Pulmonary Fibrosis,1.7794161022480655,1.2914950959244424,0.4189184593158124,3.082927159700107,0.0020497531987396494,0.03852962034756723,ENSG00000144063,34,42,4
36,IPF / Pulmonary Fibrosis,8.470445304463006,-1.419578794974813,0.3175591327256348,-4.47028174812816,7.811662255221855e-06,0.0008055605392314748,ENSG00000144331,34,42,4
36,IPF / Pulmonary Fibrosis,1.6336121387276177,1.6080344389130588,0.43476658765675186,3.6986154975243903,0.0002167787030844831,0.00878776011538339,ENSG00000168542,34,42,4
36,IPF / Pulmonary Fibrosis,2.0855315376170642,1.9811851606466475,0.39735357701432256,4.985950234884222,6.165801487032243e-07,0.0001342317820028723,ENSG00000118257,34,42,4
36,IPF / Pulmonary Fibrosis,8.356995927001384,1.2661472966310234,0.3037724648351216,4.168077897772101,3.071789650503862e-05,0.002124232890077847,ENSG00000115414,34,42,4
36,IPF / Pulmonary Fibrosis,4.011343926599551,-1.0442414171192411,0.32705631357824605,-3.1928489797198587,0.001408766028335401,0.03122583343080129,ENSG00000153823,34,42,4
36,IPF / Pulmonary Fibrosis,1.6467342320111784,1.2600318564198734,0.3622690157298618,3.4781662292627833,0.0005048567377940771,0.015784829280604176,ENSG00000134121,34,42,4
36,IPF / Pulmonary Fibrosis,1.285558139246608,1.4286693419860312,0.34915467229904,4.091794998986641,4.280469759837959e-05,0.0026597166306316345,ENSG00000285906,34,42,4
36,IPF / Pulmonary Fibrosis,6.05752366941234,1.2442440850858083,0.21894132148225237,5.683002535392426,1.3235030621447101e-08,5.186367332857737e-06,ENSG00000206560,34,42,4
36,IPF / Pulmonary Fibrosis,7.952837265497415,2.1591911257183,0.4207829014714363,5.131366122929002,2.8764678045091034e-07,7.35125119778457e-05,ENSG00000151789,34,42,4
36,IPF / Pulmonary Fibrosis,2.6607857180113887,1.0790239153119034,0.3588251258885638,3.007102450364648,0.002637508570266656,0.04547043997688711,ENSG00000074416,34,42,4
36,IPF / Pulmonary Fibrosis,2.7553572360931264,1.0083863081404243,0.26227776341641007,3.8447266554558857,0.00012068689089338203,0.00581473397271557,ENSG00000283154,34,42,4
36,IPF / Pulmonary Fibrosis,5.153503577004078,-1.536686019251527,0.2769886426453878,-5.547830425736463,2.8923619187435142e-08,9.44516853243021e-06,ENSG00000145147,34,42,4
36,IPF / Pulmonary Fibrosis,77.66846491286805,1.708341291106562,0.22557467256252775,7.573285031071126,3.639026587642777e-14,1.0695099141082123e-10,ENSG00000163453,34,42,4
36,IPF / Pulmonary Fibrosis,4.98558815161741,1.1392552671332656,0.3018622127849306,3.7740903593818054,0.00016059255030136915,0.007044500079637671,ENSG00000184305,34,42,4
36,IPF / Pulmonary Fibrosis,1.2480557254445237,-1.8226514284131368,0.5031396898941364,-3.6225554553182513,0.00029170689715753877,0.010783982021962346,ENSG00000196616,34,42,4
36,IPF / Pulmonary Fibrosis,2.794681186436147,-1.49041770200467,0.3082964874850391,-4.834364848470733,1.3357141445458181e-06,0.00022548698377915802,ENSG00000138821,34,42,4
36,IPF / Pulmonary Fibrosis,1.5166317239070202,1.3466216969268727,0.40821881183497133,3.2987742305988217,0.0009710797808163666,0.02460347823982156,ENSG00000138795,34,42,4
36,IPF / Pulmonary Fibrosis,9.01580701750115,2.8431503992542866,0.43793289435146854,6.492205623111929,8.458869517087602e-11,7.10303357449156e-08,ENSG00000164056,34,42,4
36,IPF / Pulmonary Fibrosis,13.852310719936524,-1.0256666027972463,0.1776270362156595,-5.77427076783497,7.728706814882438e-09,3.4945645121445364e-06,ENSG00000109686,34,42,4
36,IPF / Pulmonary Fibrosis,2.1036263523581686,-1.1112623046094947,0.3729236593135985,-2.979865387610104,0.0028837507799276533,0.04814725386413283,ENSG00000153395,34,42,4
36,IPF / Pulmonary Fibrosis,3.5314908622960215,-1.1343144138560723,0.2038734346788977,-5.563816667152474,2.6393723636468033e-08,9.126018090303476e-06,ENSG00000133401,34,42,4
36,IPF / Pulmonary Fibrosis,6.927360976533674,1.130153998975879,0.2160099906234294,5.231952446801771,1.677289050299538e-07,4.694811922695564e-05,ENSG00000039560,34,42,4
36,IPF / Pulmonary Fibrosis,2.8685964376244435,1.3102143469821759,0.3702849964190212,3.538394370965854,0.00040256831180721976,0.013521694496016215,ENSG00000184349,34,42,4
36,IPF / Pulmonary Fibrosis,5.014865650264449,1.1468395561251943,0.2711736882990982,4.229169737368682,2.3455533326021778e-05,0.0018382883318714136,ENSG00000113657,34,42,4
36,IPF / Pulmonary Fibrosis,2.5159107897048902,-1.0286271360019963,0.23608645236602668,-4.356993489856082,1.3186118838225815e-05,0.0011398236254572256,ENSG00000155508,34,42,4
36,IPF / Pulmonary Fibrosis,2.360282464416451,1.2509981644962844,0.41240721895665045,3.0334051078474964,0.0024181074693832415,0.043202540136883565,ENSG00000164330,34,42,4
36,IPF / Pulmonary Fibrosis,9.26246360731352,1.1259553953849537,0.27342079313860995,4.118031340850341,3.821227377794966e-05,0.0024414320137694356,ENSG00000181163,34,42,4
36,IPF / Pulmonary Fibrosis,123.7205434285322,2.8916362019370183,0.6011767152683971,4.809960413463518,1.5096019014616566e-06,0.00024175851697070972,ENSG00000161055,34,42,4
36,IPF / Pulmonary Fibrosis,1.4942556201951702,-1.9080877593645649,0.43451791170708765,-4.391275268419369,1.1268776835934954e-05,0.0010190441575634718,ENSG00000113303,34,42,4
36,IPF / Pulmonary Fibrosis,14.446287705656227,-1.6216714469990539,0.2580419852308981,-6.284525541639933,3.288564676117954e-10,2.147798129580148e-07,ENSG00000165810,34,42,4
36,IPF / Pulmonary Fibrosis,1.2321595841890602,-1.2801859701998586,0.35336418545523113,-3.6228515024821313,0.00029137311368342426,0.010783982021962346,ENSG00000111846,34,42,4
36,IPF / Pulmonary Fibrosis,12.184506976463021,1.110676801766901,0.29776025016352725,3.7301043411836443,0.00019140049057063939,0.007922901997001536,ENSG00000078401,34,42,4
36,IPF / Pulmonary Fibrosis,1.8274028047780058,-1.5430126462621225,0.32713234800972446,-4.7167840650728134,2.39601752029714e-06,0.0003270356472935484,ENSG00000007944,34,42,4
36,IPF / Pulmonary Fibrosis,5.3342040217661335,1.23926153450373,0.276315832580999,4.484945806138176,7.293246897165871e-06,0.0007794491865734726,ENSG00000272168,34,42,4
36,IPF / Pulmonary Fibrosis,8.607555372049154,1.1361438735343956,0.24404471208414574,4.655474252368382,3.232358014138723e-06,0.0004033504153495179,ENSG00000196230,34,42,4
36,IPF / Pulmonary Fibrosis,1.2622205119326402,1.2309132667557312,0.38324148474012054,3.2118476620307024,0.0013188428841283963,0.029815994126564282,ENSG00000137161,34,42,4
36,IPF / Pulmonary Fibrosis,3.119502361726095,3.2189272623751726,0.413265222626907,7.789010751773802,6.7535860426819836e-15,3.96975787588847e-11,ENSG00000244694,34,42,4
36,IPF / Pulmonary Fibrosis,2.0836192988644933,2.9061816326558527,0.4297185187514099,6.762989040128068,1.3517346682062015e-11,1.5890992759432106e-08,ENSG00000286811,34,42,4
36,IPF / Pulmonary Fibrosis,2.484293762324023,-1.1361541134043052,0.30791575030365037,-3.6898213627717635,0.00022441157955430075,0.008973409963402585,ENSG00000079841,34,42,4
36,IPF / Pulmonary Fibrosis,2.534238102928331,1.1870765002976174,0.3984751395279868,2.9790478314500803,0.0028914563821093716,0.04814725386413283,ENSG00000118407,34,42,4
36,IPF / Pulmonary Fibrosis,2.3520764350431564,1.008069522222875,0.30749754803542345,3.278301009758771,0.001044339667872023,0.025122987491537196,ENSG00000152661,34,42,4
36,IPF / Pulmonary Fibrosis,1.864039457762236,1.416819026247706,0.40734298089724935,3.4781967351613527,0.0005047992822917411,0.015784829280604176,ENSG00000111907,34,42,4
36,IPF / Pulmonary Fibrosis,14.219741238638065,1.1488458633477878,0.38756844143580277,2.964239965183243,0.003034315689743145,0.049820412358408395,ENSG00000118523,34,42,4
36,IPF / Pulmonary Fibrosis,1.915774872881342,2.0426161798659566,0.48573056339081044,4.2052453228529965,2.607991148098629e-05,0.001940477464370094,ENSG00000171408,34,42,4
36,IPF / Pulmonary Fibrosis,6.162207185257904,1.8244124505956056,0.24734724395978025,7.375915823393056,1.632191212174926e-13,3.1980066483880715e-10,ENSG00000153721,34,42,4
36,IPF / Pulmonary Fibrosis,1.8592415824674131,1.3431812556918747,0.4088393761640061,3.28535198418133,0.0010185504263217724,0.02505037408334468,ENSG00000075618,34,42,4
36,IPF / Pulmonary Fibrosis,1.5873480256157941,1.1642947443895129,0.3870628326956683,3.0080251732796834,0.002629513557998841,0.04547043997688711,ENSG00000006625,34,42,4
36,IPF / Pulmonary Fibrosis,3.0126891211596396,1.0421495681554105,0.3243577640016755,3.212963227080414,0.0013137310867129552,0.02981510165134653,ENSG00000183696,34,42,4
36,IPF / Pulmonary Fibrosis,13.12969998403127,1.407185715822723,0.3115381094075121,4.516897526594516,6.275225371042931e-06,0.0006959580137922707,ENSG00000106211,34,42,4
36,IPF / Pulmonary Fibrosis,6.459234143637448,-2.1821121035657254,0.3694943823329921,-5.905670580937774,3.512151589505416e-09,1.8767660948284395e-06,ENSG00000135218,34,42,4
36,IPF / Pulmonary Fibrosis,2.0337285287974725,-1.609526657712508,0.4397893552277182,-3.659767201230035,0.00025244448711055875,0.00976229404760437,ENSG00000179603,34,42,4
36,IPF / Pulmonary Fibrosis,1.7092668310006571,-1.3549235905108343,0.3330974408126583,-4.067649355711726,4.748976993175036e-05,0.0028484170169268226,ENSG00000122778,34,42,4
36,IPF / Pulmonary Fibrosis,3.016987514404116,-1.0382299764199336,0.2762663321554017,-3.7580763762264096,0.0001712246224812367,0.007240707416868412,ENSG00000059377,34,42,4
36,IPF / Pulmonary Fibrosis,1.5044858519586206,2.317790169386826,0.5858004717888994,3.9566205235527208,7.601754329209987e-05,0.004137325180286694,ENSG00000091879,34,42,4
36,IPF / Pulmonary Fibrosis,1.8096268832845177,-1.1621795208203003,0.3002548882265666,-3.8706431315227814,0.00010854860093068957,0.005361753582105827,ENSG00000076554,34,42,4
36,IPF / Pulmonary Fibrosis,2.9872722741059907,-1.6939917506122244,0.40721877906216947,-4.1599057747619375,3.183789138544993e-05,0.0021510704087778698,ENSG00000205038,34,42,4
36,IPF / Pulmonary Fibrosis,3.6494298248859325,1.838133997524502,0.489049898427611,3.758581697766331,0.00017087924414940566,0.007240707416868412,ENSG00000136997,34,42,4
36,IPF / Pulmonary Fibrosis,2.833317304942948,1.499266449141124,0.38672222412921214,3.876856191849443,0.00010581485770844515,0.005320873371661338,ENSG00000249859,34,42,4
36,IPF / Pulmonary Fibrosis,2.4612869293019046,-1.8309433239926367,0.47884341861583574,-3.8236785822080126,0.00013147528549289756,0.006109867284168412,ENSG00000277494,34,42,4
36,IPF / Pulmonary Fibrosis,1.8175530701893583,1.5156469589868613,0.4350415957102911,3.4839127429005248,0.0004941405591897007,0.015700314631984114,ENSG00000178031,34,42,4
36,IPF / Pulmonary Fibrosis,2.1847039493074565,1.0399386995638695,0.34988925621295347,2.9721938616226917,0.00295679920511821,0.048820409347429324,ENSG00000276500,34,42,4
36,IPF / Pulmonary Fibrosis,1.3555097105406333,-1.4807669995730568,0.39055717375150567,-3.791421843182437,0.0001497872870428706,0.00667007328210601,ENSG00000165072,34,42,4
36,IPF / Pulmonary Fibrosis,1.5087490561814132,-1.185474884353754,0.36520507100424937,-3.2460526385734667,0.0011701720074684915,0.027327206980622375,ENSG00000136842,34,42,4
36,IPF / Pulmonary Fibrosis,2.0020342817941335,2.5858820691304065,0.6613762255904202,3.9098503530603206,9.235331718763037e-05,0.004804007065742401,ENSG00000204291,34,42,4
36,IPF / Pulmonary Fibrosis,1.8312029494315873,-1.6288081024297985,0.43891712292952767,-3.7109696052831347,0.00020646689612637716,0.008486800107908006,ENSG00000078725,34,42,4
36,IPF / Pulmonary Fibrosis,2.4092833429411686,1.0258942811474798,0.2840753018466609,3.6113462679738357,0.0003046116302693743,0.011154743048066131,ENSG00000054148,34,42,4
36,IPF / Pulmonary Fibrosis,1.3874450293231078,2.012344078748495,0.4771221997326099,4.217670189893194,2.4683950250474615e-05,0.0019091086785827602,ENSG00000151468,34,42,4
36,IPF / Pulmonary Fibrosis,79.90059155396986,1.2838970487420305,0.2512536259989425,5.109964258774256,3.222197629436608e-07,7.576031066331352e-05,ENSG00000026025,34,42,4
36,IPF / Pulmonary Fibrosis,14.331544664065701,1.463734145878119,0.3433497117655661,4.26309996985678,2.0161026521119728e-05,0.0016233769026183804,ENSG00000165507,34,42,4
36,IPF / Pulmonary Fibrosis,5.034743028002998,1.191742426366329,0.25289445189050597,4.712410325562657,2.448038190016354e-06,0.0003270356472935484,ENSG00000150347,34,42,4
36,IPF / Pulmonary Fibrosis,3.4590324492930566,-1.5977164645733257,0.41682612586419326,-3.8330525977968093,0.0001265628789955261,0.006048265062891889,ENSG00000182010,34,42,4
36,IPF / Pulmonary Fibrosis,4.743884777653416,1.1289935397282465,0.268273353480381,4.208370026622157,2.5721941161374766e-05,0.0019383791044430883,ENSG00000138119,34,42,4
36,IPF / Pulmonary Fibrosis,1.9649463108382998,1.58675374604554,0.3790131308343286,4.186540298887771,2.8323866401217788e-05,0.0020309282636772163,ENSG00000166033,34,42,4
36,IPF / Pulmonary Fibrosis,1.7440731737770736,1.5569113566161092,0.4633709340710181,3.359967667668794,0.0007795159462376738,0.020827248781750213,ENSG00000132256,34,42,4
36,IPF / Pulmonary Fibrosis,1.4286485226445103,-1.1006510055132883,0.2992646079185361,-3.6778522297327605,0.000235206150089217,0.009278803692781326,ENSG00000166900,34,42,4
36,IPF / Pulmonary Fibrosis,12.607257905710924,1.1137049190761965,0.24076374253135607,4.625716926339739,3.733048620568923e-06,0.0004388571958340826,ENSG00000254772,34,42,4
36,IPF / Pulmonary Fibrosis,1.2559320892740395,1.231758894980385,0.385949886506049,3.191499565219019,0.0014153632402723062,0.03122583343080129,ENSG00000204922,34,42,4
36,IPF / Pulmonary Fibrosis,11.609478602586748,1.0399150871834981,0.26537250208430224,3.918699484745947,8.902803039693629e-05,0.004751791013956894,ENSG00000175602,34,42,4
36,IPF / Pulmonary Fibrosis,1.8170473912190777,1.6720325718163132,0.4373981400927739,3.8226787417561225,0.00013200972185937194,0.006109867284168412,ENSG00000149212,34,42,4
36,IPF / Pulmonary Fibrosis,1.9531809904922968,1.5274791690030478,0.4426269015133029,3.450940654037812,0.0005586363930310397,0.016753391419573733,ENSG00000178878,34,42,4
36,IPF / Pulmonary Fibrosis,79.90784637671744,1.2644487962454112,0.3020319057094724,4.186474251040542,2.8332105753918297e-05,0.0020309282636772163,ENSG00000111341,34,42,4
36,IPF / Pulmonary Fibrosis,2.0615081086566565,1.5103453132749844,0.49363540680558493,3.0596373202820604,0.00221605170272606,0.040706099714449315,ENSG00000111057,34,42,4
36,IPF / Pulmonary Fibrosis,2.5190916318240753,2.454516756053975,0.6118170964084086,4.0118472832205745,6.024546975963574e-05,0.00350616704205088,ENSG00000090382,34,42,4
36,IPF / Pulmonary Fibrosis,2.2258819091144835,-1.1685409648410616,0.2947427879810457,-3.964612579142083,7.351524587766342e-05,0.004038529114662669,ENSG00000257815,34,42,4
36,IPF / Pulmonary Fibrosis,2.507717156946885,1.2833749633525038,0.395543478376594,3.244586331241725,0.0011762135702785745,0.027327206980622375,ENSG00000139289,34,42,4
36,IPF / Pulmonary Fibrosis,1.2269733247120558,-1.1626017006349003,0.37262431130687174,-3.120037167079657,0.0018082822208839498,0.03559518722491315,ENSG00000111058,34,42,4
36,IPF / Pulmonary Fibrosis,4.9784843327716075,1.026518197840637,0.3413693310579341,3.0070604018801728,0.0026378734317996774,0.04547043997688711,ENSG00000139318,34,42,4
36,IPF / Pulmonary Fibrosis,3.037976239433969,1.4368438287358565,0.35988164170224274,3.9925454989578655,6.536778533269422e-05,0.0036945369440920827,ENSG00000120833,34,42,4
36,IPF / Pulmonary Fibrosis,12.139567839085624,1.9032292625803717,0.3958172754648018,4.808353198696142,1.5217871942695235e-06,0.00024175851697070972,ENSG00000133110,34,42,4
36,IPF / Pulmonary Fibrosis,15.269910500631546,1.1998663858475325,0.19510072560804495,6.149984230494611,7.749065113570613e-10,4.554900473756806e-07,ENSG00000187498,34,42,4
36,IPF / Pulmonary Fibrosis,3.4720089660910016,1.0675004511165054,0.30902915962472094,3.454368035731183,0.0005515840854908293,0.016712429146985022,ENSG00000100528,34,42,4
36,IPF / Pulmonary Fibrosis,5.53951069899511,1.259149882770566,0.2545637645656898,4.946304455069623,7.563563223639986e-07,0.0001533056021674339,ENSG00000072110,34,42,4
36,IPF / Pulmonary Fibrosis,13.077715307395225,1.0242213337194146,0.250371052811917,4.090813703167303,4.2986233397414986e-05,0.0026597166306316345,ENSG00000119655,34,42,4
36,IPF / Pulmonary Fibrosis,4.253414544005622,1.5302629940201107,0.32908115254336917,4.650108285427983,3.3176079422498866e-06,0.0004033504153495179,ENSG00000213145,34,42,4
36,IPF / Pulmonary Fibrosis,2.158894418654667,2.7842243146312478,0.8147098754315205,3.4174426978150363,0.0006321239938780826,0.018037013767064902,ENSG00000211892,34,42,4
36,IPF / Pulmonary Fibrosis,3.620454336371675,2.7524025108204113,0.7708197201454146,3.570747399017208,0.00035596405813070463,0.012258028310405974,ENSG00000211897,34,42,4
36,IPF / Pulmonary Fibrosis,2.5152107966720227,1.0786186359026666,0.3119312309976737,3.457873174330244,0.0005444576243763981,0.016581978839815895,ENSG00000166147,34,42,4
36,IPF / Pulmonary Fibrosis,38.34315827711837,1.0654514756010753,0.3037314701335591,3.5078731720903567,0.0004517043398337524,0.015000667285552523,ENSG00000140988,34,42,4
36,IPF / Pulmonary Fibrosis,2.85258079941118,-1.0983038693034566,0.3264259381729287,-3.364634181495757,0.0007664520578528069,0.020666078881003667,ENSG00000167972,34,42,4
36,IPF / Pulmonary Fibrosis,4.336209166974942,1.1829342709778032,0.30212404147118094,3.91539271491786,9.025717344460041e-05,0.004751791013956894,ENSG00000103187,34,42,4
36,IPF / Pulmonary Fibrosis,33.30229370504933,1.4135356919067061,0.4650840188560197,3.039312542674805,0.0023711871834433437,0.04269404372092478,ENSG00000276409,34,42,4
36,IPF / Pulmonary Fibrosis,3.7258675403784416,-1.1619158907674976,0.2795283124871924,-4.156701982811616,3.228747222967031e-05,0.0021566563837045693,ENSG00000131748,34,42,4
36,IPF / Pulmonary Fibrosis,1.842934600557564,1.128468308816431,0.28375876760957935,3.976857942832196,6.983185294762413e-05,0.003872373883265421,ENSG00000131759,34,42,4
36,IPF / Pulmonary Fibrosis,28.610627473658944,1.0375263420801009,0.24620991205994117,4.213990953489758,2.5089733923654475e-05,0.0019152916364057273,ENSG00000141753,34,42,4
36,IPF / Pulmonary Fibrosis,1.6869232053817755,1.1253110064477927,0.33350567834270345,3.3741884457254927,0.0007403366736406772,0.020146754479906947,ENSG00000173801,34,42,4
36,IPF / Pulmonary Fibrosis,1.572784798773979,-1.6822718028760073,0.5550164144631982,-3.0310307209617755,0.0024372044905261844,0.04341178180397852,ENSG00000228696,34,42,4
36,IPF / Pulmonary Fibrosis,1.4079583445987618,1.3299297570628394,0.3632531224769163,3.6611653824045316,0.00025107061868312247,0.00976229404760437,ENSG00000108829,34,42,4
36,IPF / Pulmonary Fibrosis,1.4897607127096815,1.2731663529246915,0.3556284851669883,3.580046048130441,0.00034353366359533393,0.01213821754083549,ENSG00000173918,34,42,4
36,IPF / Pulmonary Fibrosis,1.2531130615138375,-1.4907671249610028,0.3143378905450165,-4.742562604769752,2.110315824484766e-06,0.00030254722966637697,ENSG00000183287,34,42,4
36,IPF / Pulmonary Fibrosis,36.04640096716611,1.0248893274985762,0.22891858652506233,4.477090930256857,7.566702674329593e-06,0.0007942335414233812,ENSG00000130255,34,42,4
36,IPF / Pulmonary Fibrosis,3.686951425511302,1.1753295493326439,0.3027314266869206,3.8824167090790627,0.00010342344647496563,0.005286287116346504,ENSG00000087903,34,42,4
36,IPF / Pulmonary Fibrosis,2.1998381315302744,1.2104009707384937,0.3466687958806591,3.49151981695859,0.00048028083586504843,0.015550791003120472,ENSG00000125652,34,42,4
36,IPF / Pulmonary Fibrosis,2.632518529610516,-1.0880952373346282,0.32091239352982465,-3.390630151008811,0.0006973213548060186,0.01942585271824539,ENSG00000160111,34,42,4
36,IPF / Pulmonary Fibrosis,8.62552729595419,1.4130094607258767,0.3982649646078244,3.5479130385402637,0.00038829640087797475,0.013155426034044673,ENSG00000130300,34,42,4
36,IPF / Pulmonary Fibrosis,3.322036353462232,-1.1452394464532643,0.32053372760490345,-3.5729140112984,0.0003530307122219628,0.012258028310405974,ENSG00000105227,34,42,4
36,IPF / Pulmonary Fibrosis,8.004269490447808,-1.4436689744740832,0.21955876394099924,-6.575319283825227,4.854887619967987e-11,4.756171571695304e-08,ENSG00000124440,34,42,4
36,IPF / Pulmonary Fibrosis,1.536935672683516,1.073763618259565,0.3027118128831054,3.547148054886802,0.00038942567708808665,0.013155426034044673,ENSG00000024422,34,42,4
36,IPF / Pulmonary Fibrosis,13.718653816625292,1.0455399781702204,0.21494480886786244,4.864225303589292,1.1490596668987057e-06,0.00021787653942034169,ENSG00000178980,34,42,4
36,IPF / Pulmonary Fibrosis,6.594399392508181,3.148593328644474,0.8431722299488508,3.734223230804786,0.0001882954293855615,0.00784964917679667,ENSG00000125999,34,42,4
36,IPF / Pulmonary Fibrosis,7.418800216453847,1.7513346584496527,0.2523265837420749,6.940745729113684,3.900354894108497e-12,5.731571516892436e-09,ENSG00000182463,34,42,4
36,IPF / Pulmonary Fibrosis,6.177266845237789,1.2379401164705492,0.38183687401918187,3.242065396775588,0.001186667884836765,0.027461550500277578,ENSG00000154734,34,42,4
36,IPF / Pulmonary Fibrosis,5.074430537928321,1.6693053689051411,0.3453733572361488,4.833335675524487,1.3426411079058405e-06,0.00022548698377915802,ENSG00000182240,34,42,4
36,IPF / Pulmonary Fibrosis,4.185367541277033,1.3167762353571066,0.23015391738079546,5.721285348267469,1.057211652386325e-08,4.438778637662013e-06,ENSG00000182871,34,42,4
36,IPF / Pulmonary Fibrosis,37.43442432942152,1.1416128645884567,0.2897799475719369,3.939585448040897,8.162252723486423e-05,0.004401625826481945,ENSG00000100316,34,42,4
36,IPF / Pulmonary Fibrosis,13.973984576113516,-1.1597127328175403,0.3005217526078286,-3.858997635791539,0.00011385303905262414,0.005576901362927706,ENSG00000101955,34,42,4
36,IPF / Pulmonary Fibrosis,1.5678603932690145,1.3817126556892543,0.3870043962566182,3.570276382010545,0.0003566047705136818,0.012258028310405974,ENSG00000270069,34,42,4
36,IPF / Pulmonary Fibrosis,16.3406553319752,1.240865977594095,0.2825194749206303,4.392143153822221,1.1223875422030696e-05,0.0010190441575634718,ENSG00000241343,34,42,4
36,IPF / Pulmonary Fibrosis,5.753042654596712,2.0396884336051806,0.5121441032521341,3.9826455496667506,6.815236066697386e-05,0.0038152340571473557,ENSG00000198918,34,42,4
36,IPF / Pulmonary Fibrosis,4.872239505084359,-1.368460122134376,0.37768850715731905,-3.6232506316756137,0.000290923674904186,0.010783982021962346,ENSG00000185010,34,42,4
36,IPF / Pulmonary Fibrosis,39.42224606077034,1.7232910511780446,0.328438835234821,5.246916217888663,1.5466619072638135e-07,4.694811922695564e-05,ENSG00000198888,34,42,4
36,IPF / Pulmonary Fibrosis,33.3692929251562,1.602842924010745,0.3438708441683343,4.66117715762523,3.144059453332331e-06,0.0004033504153495179,ENSG00000198763,34,42,4
36,IPF / Pulmonary Fibrosis,170.06698916660494,1.5750374231152524,0.31035798703020484,5.074905396141667,3.8768883850664203e-07,8.764749972084776e-05,ENSG00000198804,34,42,4
36,IPF / Pulmonary Fibrosis,158.66817901881123,1.5942849927175122,0.33819297492569883,4.714128059779413,2.4274796859443765e-06,0.0003270356472935484,ENSG00000198712,34,42,4
36,IPF / Pulmonary Fibrosis,3.204582588102498,1.742704775026107,0.501824008485282,3.4727409321971865,0.0005151723796911448,0.016005490852279942,ENSG00000228253,34,42,4
36,IPF / Pulmonary Fibrosis,50.52375155117014,1.7465238913361432,0.3644653141451592,4.792016753178706,1.6511311171535625e-06,0.0002497000575898906,ENSG00000198899,34,42,4
36,IPF / Pulmonary Fibrosis,77.81156426198204,1.8191840115152274,0.3555135672227725,5.117059317106982,3.103360466784972e-07,7.576031066331352e-05,ENSG00000198938,34,42,4
36,IPF / Pulmonary Fibrosis,54.05122059917452,2.2334409795247026,0.3525694674013731,6.334754384678757,2.3771965666230913e-10,1.7466451773263165e-07,ENSG00000198840,34,42,4
36,IPF / Pulmonary Fibrosis,40.433119402893205,1.5538529510207781,0.3513956039482213,4.421947609935783,9.781517716701938e-06,0.000927350986109258,ENSG00000212907,34,42,4
36,IPF / Pulmonary Fibrosis,50.010860998547884,1.6232629747867213,0.3159068953052297,5.1384221076223175,2.770549902735559e-07,7.35125119778457e-05,ENSG00000198886,34,42,4
36,IPF / Pulmonary Fibrosis,28.76885554586919,1.63607741346175,0.3514694783662555,4.654962988725991,3.2403890967548916e-06,0.0004033504153495179,ENSG00000198786,34,42,4
36,IPF / Pulmonary Fibrosis,90.07301879901308,1.6088122513274574,0.33577523627229394,4.79133681562748,1.6567373674729043e-06,0.0002497000575898906,ENSG00000198727,34,42,4
44,IPF / Pulmonary Fibrosis,14.153890826362563,1.2326305045859163,0.3519561963115122,3.5022270313858317,0.00046138628723884284,0.02481986821646599,ENSG00000174950,17,7,2
44,IPF / Pulmonary Fibrosis,21.8987531887333,1.1622362239512567,0.37485362470730155,3.100506830789672,0.0019318975776861332,0.04239575246381792,ENSG00000163879,17,7,2
44,IPF / Pulmonary Fibrosis,61.19777158315074,1.1526644458424775,0.35898856195433,3.210866774048132,0.0013233527151974257,0.03457731594422988,ENSG00000117472,17,7,2
44,IPF / Pulmonary Fibrosis,5.9238768945122615,1.47263860913633,0.4687873473145044,3.141378745762847,0.001681544214765455,0.039942134659818405,ENSG00000265241,17,7,2
44,IPF / Pulmonary Fibrosis,9.155067606764636,1.2786556240807563,0.42219245630895086,3.028608410627463,0.0024568291005852743,0.04831763897817706,ENSG00000143252,17,7,2
44,IPF / Pulmonary Fibrosis,13.406199550224956,-1.4231714002406124,0.4635469653628782,-3.0701773640703527,0.0021393168530704342,0.04518431965334477,ENSG00000285280,17,7,2
44,IPF / Pulmonary Fibrosis,39.36332425058939,1.0591775218424622,0.2893769923559989,3.660199496922807,0.0002520189573903912,0.01772856434873175,ENSG00000188010,17,7,2
44,IPF / Pulmonary Fibrosis,7.82116748582153,1.4115030154353365,0.4019446310161773,3.5116852086488675,0.00044527508030320264,0.024791692966399652,ENSG00000284308,17,7,2
44,IPF / Pulmonary Fibrosis,23.898789022056445,1.0208716542454725,0.2821749911260658,3.617867232569109,0.00029704069482010834,0.020121756697258453,ENSG00000118640,17,7,2
44,IPF / Pulmonary Fibrosis,6.070473769576153,1.552121725659248,0.4915067756579517,3.157884697686034,0.0015891840072430926,0.03875490065663489,ENSG00000152076,17,7,2
44,IPF / Pulmonary Fibrosis,18.812601176807224,1.2080187782218148,0.3694419835907428,3.2698470446716286,0.001076056517524916,0.032264055254968386,ENSG00000231621,17,7,2
44,IPF / Pulmonary Fibrosis,12.684631913950568,-1.1252402804647321,0.2761501480307853,-4.074740819401226,4.6065622126224296e-05,0.013964243070035591,ENSG00000116117,17,7,2
44,IPF / Pulmonary Fibrosis,10.486330009173988,1.3878074444855177,0.39350268804838195,3.526805500029733,0.00042060561919150563,0.024791692966399652,ENSG00000115461,17,7,2
44,IPF / Pulmonary Fibrosis,22.350653751718927,1.135267224815063,0.2954701361035809,3.8422401660825725,0.0001219164515738195,0.014865679328567725,ENSG00000088727,17,7,2
44,IPF / Pulmonary Fibrosis,7.381621571522338,-2.4690788145322102,0.6510450571842872,-3.792485308483502,0.00014914707681519803,0.015518781433235982,ENSG00000144724,17,7,2
44,IPF / Pulmonary Fibrosis,9.427078721847236,1.3103529882404394,0.38539702001058507,3.4000080960782992,0.00067383857934263,0.029344065752801678,ENSG00000047457,17,7,2
44,IPF / Pulmonary Fibrosis,12.886986912738458,1.3553342075881813,0.44977229263052537,3.0133786135677956,0.002583563734417008,0.04871482546648153,ENSG00000145113,17,7,2
44,IPF / Pulmonary Fibrosis,34.06756497239187,1.9758718152826447,0.6120284270602196,3.2283987604520723,0.001244853133003347,0.0344975209130776,ENSG00000228716,17,7,2
44,IPF / Pulmonary Fibrosis,11.728127433780903,1.450205970217002,0.4477515119539815,3.2388633684078987,0.0012000704718839338,0.03376813681654946,ENSG00000131435,17,7,2
44,IPF / Pulmonary Fibrosis,96.35511730812452,1.4260123974563481,0.3752344884083259,3.800323375138635,0.00014450738706224363,0.015518781433235982,ENSG00000019582,17,7,2
44,IPF / Pulmonary Fibrosis,15.567772005457984,1.6945690128195003,0.43842118456105017,3.8651622514913657,0.0001110153755190924,0.01450336584460143,ENSG00000196126,17,7,2
44,IPF / Pulmonary Fibrosis,37.77622246647326,1.3186993856785953,0.32417373645808495,4.067878539719706,4.744309825895434e-05,0.013964243070035591,ENSG00000146425,17,7,2
44,IPF / Pulmonary Fibrosis,10.037850579155142,-1.1319486512967274,0.34132085162317355,-3.3163770859989126,0.0009119269164081227,0.030219911384018125,ENSG00000070882,17,7,2
44,IPF / Pulmonary Fibrosis,19.04388496799774,1.3559485713980888,0.3410488464026725,3.9758192578582587,7.013738081817713e-05,0.01450336584460143,ENSG00000127922,17,7,2
44,IPF / Pulmonary Fibrosis,8.208731934518989,2.09033092137102,0.5601673985315119,3.7316183106172502,0.00019025361997804266,0.015518781433235982,ENSG00000227053,17,7,2
44,IPF / Pulmonary Fibrosis,15.598222936250542,1.1098473631870667,0.35624686337550593,3.1153884490969395,0.0018370281649223443,0.04152252318642193,ENSG00000090266,17,7,2
44,IPF / Pulmonary Fibrosis,11.56562138492545,2.1246520165032283,0.6988310273946237,3.040294338996852,0.0023634704559499595,0.04750315894431292,ENSG00000159763,17,7,2
44,IPF / Pulmonary Fibrosis,89.55809353928817,-4.865919634189149,0.9232388399021356,-5.2704884412195465,1.3606119463359743e-07,0.00011414344846589949,ENSG00000168484,17,7,2
44,IPF / Pulmonary Fibrosis,10.426912309318945,1.0429965774225902,0.33482067262140097,3.1150901443948786,0.0018388870301258482,0.04152252318642193,ENSG00000086061,17,7,2
44,IPF / Pulmonary Fibrosis,28.741464416519317,1.3574461740792583,0.3643943783060043,3.7252116248053846,0.00019515143409755474,0.015518781433235982,ENSG00000148180,17,7,2
44,IPF / Pulmonary Fibrosis,6.392385814818731,1.5363274447326554,0.5118964585812213,3.0012464805690584,0.0026887682719993512,0.049624787732927826,ENSG00000171159,17,7,2
44,IPF / Pulmonary Fibrosis,11.73073870280885,1.0347209383891798,0.3343154520315922,3.09504371425644,0.0019678389195648778,0.04239575246381792,ENSG00000169813,17,7,2
44,IPF / Pulmonary Fibrosis,10.03620215581068,1.1556682571646566,0.38123084896292336,3.031413277043199,0.0024341183214076747,0.04831763897817706,ENSG00000166228,17,7,2
44,IPF / Pulmonary Fibrosis,9.664228526824461,-3.9635190855931435,0.7605192216701708,-5.211596199881559,1.8722271481558145e-07,0.00011414344846589949,ENSG00000185303,17,7,2
44,IPF / Pulmonary Fibrosis,42.663919545699095,1.1787701408434146,0.3434380422436587,3.4322643267547908,0.0005985638598970663,0.027369332493793357,ENSG00000085063,17,7,2
44,IPF / Pulmonary Fibrosis,8.916482311132311,1.2170866009945671,0.375523394869208,3.2410406851441818,0.0011909418522028947,0.03376813681654946,ENSG00000166352,17,7,2
44,IPF / Pulmonary Fibrosis,14.361313494475608,1.3278681250966613,0.3399469703455745,3.9061037189030148,9.379626468674945e-05,0.01450336584460143,ENSG00000168000,17,7,2
44,IPF / Pulmonary Fibrosis,11.4131811383974,1.5772287471731787,0.47007635203231496,3.355260779135628,0.0007929020060705612,0.02986301580799712,ENSG00000175315,17,7,2
44,IPF / Pulmonary Fibrosis,13.649849448957278,1.3576121099968774,0.4343355058550427,3.1257221472701184,0.0017736904894180645,0.041064302596780254,ENSG00000175567,17,7,2
44,IPF / Pulmonary Fibrosis,7.490281246659482,-1.8445177477833157,0.5634342270001618,-3.2737055354338387,0.0010614716282287275,0.032264055254968386,ENSG00000150672,17,7,2
44,IPF / Pulmonary Fibrosis,6.376480573680245,-3.2732268635524093,0.8262704998785015,-3.961447085468644,7.449689274846292e-05,0.01450336584460143,ENSG00000188906,17,7,2
44,IPF / Pulmonary Fibrosis,6.105141719853353,1.8177424766495653,0.5492205971723374,3.3096764506069394,0.0009340387243553058,0.030219911384018125,ENSG00000184752,17,7,2
44,IPF / Pulmonary Fibrosis,16.740391927345858,1.0547847241627035,0.3113382261428001,3.3879062562619926,0.0007042833105925744,0.02986301580799712,ENSG00000166598,17,7,2
44,IPF / Pulmonary Fibrosis,17.20390098103609,1.1052046318974853,0.3148305560904561,3.5104744775152685,0.0004473077462499664,0.024791692966399652,ENSG00000120694,17,7,2
44,IPF / Pulmonary Fibrosis,15.905566946462516,1.1734786848701706,0.354768256616239,3.3077330425860207,0.0009405442055700457,0.030219911384018125,ENSG00000102738,17,7,2
44,IPF / Pulmonary Fibrosis,9.630490342326864,-1.2344242968604093,0.38429982895348913,-3.212138553956548,0.0013175081786839429,0.03457731594422988,ENSG00000187720,17,7,2
44,IPF / Pulmonary Fibrosis,23.4311833384681,1.0240199763537183,0.26262231565261934,3.8992115875949738,9.650641495658041e-05,0.01450336584460143,ENSG00000140391,17,7,2
44,IPF / Pulmonary Fibrosis,14.237307514710912,1.6188102650732201,0.418299655981267,3.8699775195266146,0.00010884538952714092,0.01450336584460143,ENSG00000140990,17,7,2
44,IPF / Pulmonary Fibrosis,30.700756194228187,1.4422631084171114,0.3710057441713802,3.887441450908859,0.00010130641290583009,0.01450336584460143,ENSG00000267795,17,7,2
44,IPF / Pulmonary Fibrosis,8.079748372063287,2.1507588589232065,0.5323620878295062,4.040030099987147,5.34443419848273e-05,0.013964243070035591,ENSG00000069764,17,7,2
44,IPF / Pulmonary Fibrosis,11.577943412818222,1.1186512401150923,0.34274869237199607,3.263765158003826,0.0010994225353271904,0.03232378233977209,ENSG00000149932,17,7,2
44,IPF / Pulmonary Fibrosis,10.19278785301372,1.471474713246145,0.3638022588176465,4.044710217106465,5.238788291850699e-05,0.013964243070035591,ENSG00000069329,17,7,2
44,IPF / Pulmonary Fibrosis,8.418115738820303,1.2611812544157182,0.4184640791612945,3.0138339638217864,0.00257968943753184,0.04871482546648153,ENSG00000179029,17,7,2
44,IPF / Pulmonary Fibrosis,7.599847037490195,-2.225536082875847,0.626139297728631,-3.554378539965711,0.000378873466828241,0.023895157614788026,ENSG00000108602,17,7,2
44,IPF / Pulmonary Fibrosis,10.545090926252078,1.4781365521561154,0.3999873914335616,3.695457866455362,0.0002194908788003573,0.016727034055243895,ENSG00000275718,17,7,2
44,IPF / Pulmonary Fibrosis,8.04711806120566,-1.3677912291453977,0.44669974441082133,-3.0619924149485658,0.002198690240102616,0.04518431965334477,ENSG00000170921,17,7,2
44,IPF / Pulmonary Fibrosis,9.693918665516527,1.221490965536694,0.3802310544500931,3.212496589220646,0.0013158671093021958,0.03457731594422988,ENSG00000099795,17,7,2
44,IPF / Pulmonary Fibrosis,47.408976989016246,1.004686225740001,0.2675660329401051,3.7549094505762657,0.00017340415669824422,0.015518781433235982,ENSG00000205155,17,7,2
44,IPF / Pulmonary Fibrosis,29.359603508333212,1.1788424676524538,0.3391314920905987,3.4760631057452107,0.0005088325394163154,0.025805451334254728,ENSG00000105258,17,7,2
44,IPF / Pulmonary Fibrosis,9.92905751281611,1.2570006358040613,0.40618162638927,3.094676258446502,0.0019702782719652943,0.04239575246381792,ENSG00000130724,17,7,2
44,IPF / Pulmonary Fibrosis,19.351943269364188,-1.0221915902222536,0.3109471780888748,-3.287348020023167,0.0010113576263654298,0.031352086417328326,ENSG00000172264,17,7,2
44,IPF / Pulmonary Fibrosis,10.339204893774221,1.3102649115950777,0.39372042290685866,3.3279068988124183,0.0008750110327814575,0.030219911384018125,ENSG00000154723,17,7,2
44,IPF / Pulmonary Fibrosis,14.78180529220626,1.7887275366956317,0.47919138847831283,3.7328040104722913,0.00018935993522792389,0.015518781433235982,ENSG00000102109,17,7,2
44,IPF / Pulmonary Fibrosis,13.288927342456128,1.1973146984453058,0.3556699686138766,3.366364338016792,0.000761660361661637,0.02986301580799712,ENSG00000131174,17,7,2
44,IPF / Pulmonary Fibrosis,10.362176991379938,1.2860815805824564,0.3898191776319501,3.2991747312050337,0.0009696953242653028,0.03057884048415929,ENSG00000000003,17,7,2
44,IPF / Pulmonary Fibrosis,18.732743644467686,1.006522347078613,0.32920334053256234,3.05744876540539,0.0022322979878291282,0.04536525577488306,ENSG00000125356,17,7,2
5,Lung Cancer,34.874977429516605,-1.0080379375142892,0.2127377404148232,-4.738406714054065,2.154051495165116e-06,0.04150857231183179,ENSG00000124831,8,9,3
9,IPF / Pulmonary Fibrosis,3.0640199078583112,2.5805270967210356,0.791399427336284,3.2607138792185526,0.0011113211871921548,0.04866216677890031,ENSG00000184292,39,24,3
9,IPF / Pulmonary Fibrosis,5.064413134125554,1.025040000662608,0.26804016240553263,3.8242030278722514,0.00013119577376014907,0.013860737089545166,ENSG00000162599,39,24,3
9,IPF / Pulmonary Fibrosis,2.3425720141931903,2.3616456694333556,0.650175332744318,3.6323212378192062,0.00028088315082187414,0.023200245854275884,ENSG00000143387,39,24,3
9,IPF / Pulmonary Fibrosis,2.247272039895317,2.3291468352146745,0.6878635737490598,3.3860592770164226,0.0007090406603918362,0.03976225387618429,ENSG00000196754,39,24,3
9,IPF / Pulmonary Fibrosis,3.2064020068410435,1.2891020945678593,0.332471129271493,3.877335446817668,0.00010560670732557857,0.012763627338456712,ENSG00000066294,39,24,3
9,IPF / Pulmonary Fibrosis,2.6988145336409533,2.25427878296101,0.5207557257270082,4.328860292057073,1.4988297250792588e-05,0.0034221494401541794,ENSG00000117091,39,24,3
9,IPF / Pulmonary Fibrosis,2.198146522160562,2.5232436146932065,0.7311114256392088,3.451243580945464,0.0005580097123602677,0.034634525156497,ENSG00000163435,39,24,3
9,IPF / Pulmonary Fibrosis,7.508454205584725,3.0904135623064053,0.9314251662678185,3.3179408010732225,0.0009068370190489438,0.04358954182541277,ENSG00000133063,39,24,3
9,IPF / Pulmonary Fibrosis,1.8740130899475513,1.9010694006974342,0.40862671306998144,4.652337548896019,3.281932683622644e-06,0.0012341997439058567,ENSG00000058668,39,24,3
9,IPF / Pulmonary Fibrosis,2.259350546822318,1.0525900553928762,0.3031212293033945,3.4725052343309715,0.000515624957259242,0.03292028302669212,ENSG00000143891,39,24,3
9,IPF / Pulmonary Fibrosis,148.4071528828286,1.269059744463101,0.2881617700761605,4.403983721115023,1.0628092189837316e-05,0.0030670072400672127,ENSG00000115414,39,24,3
9,IPF / Pulmonary Fibrosis,2.5264284480610533,-1.2513634796820934,0.3591297612811606,-3.4844326886693424,0.0004931814942290368,0.032504219511404454,ENSG00000135917,39,24,3
9,IPF / Pulmonary Fibrosis,8.279738101523629,-1.0845161213541599,0.3073281768941057,-3.5288535282199183,0.00041736406514722836,0.02900226596180686,ENSG00000184897,39,24,3
9,IPF / Pulmonary Fibrosis,8.3167205287792,-1.0067374893182919,0.30316069483128893,-3.3208047958807736,0.0008975829171782069,0.04358954182541277,ENSG00000196428,39,24,3
9,IPF / Pulmonary Fibrosis,2.9650743706947567,1.6844991408505705,0.3645537426829279,4.620715531415269,3.824188289111678e-06,0.0012867387227521556,ENSG00000174776,39,24,3
9,IPF / Pulmonary Fibrosis,9.835716867639327,3.7366954543965547,0.9823687668665154,3.8037604415250086,0.00014251600773875067,0.0144619815472037,ENSG00000163736,39,24,3
9,IPF / Pulmonary Fibrosis,60.20724200088762,5.152948595456459,0.7580794963771588,6.79737233374898,1.0654448955292059e-11,3.774841201791196e-08,ENSG00000118785,39,24,3
9,IPF / Pulmonary Fibrosis,13.08470780221072,1.0332297484605495,0.28003498361371415,3.6896452547721936,0.00022456697846658823,0.01998657534222372,ENSG00000079215,39,24,3
9,IPF / Pulmonary Fibrosis,2.029524632923485,-1.0748852399315985,0.25732532849809914,-4.177145119002689,2.9519070690445606e-05,0.0055422884374999575,ENSG00000224032,39,24,3
9,IPF / Pulmonary Fibrosis,4.351596025327792,1.0296305698191668,0.293155784129162,3.512230102768568,0.00044436308733584296,0.029840661990184085,ENSG00000145860,39,24,3
9,IPF / Pulmonary Fibrosis,207.07504285021304,3.434829027216212,0.688329287270613,4.99009571543311,6.034938154737433e-07,0.0003215113301936368,ENSG00000161055,39,24,3
9,IPF / Pulmonary Fibrosis,4.399249120415306,1.3896598061799141,0.3827919309153164,3.6303268014480263,0.0002830625960634317,0.023200245854275884,ENSG00000146070,39,24,3
9,IPF / Pulmonary Fibrosis,1.7096970712935093,1.2784950363455365,0.3501394599226146,3.651388040148633,0.00026082680122091007,0.022533320813584837,ENSG00000188820,39,24,3
9,IPF / Pulmonary Fibrosis,2.0458375824666013,1.853507949459878,0.5517487617636839,3.3593332290136475,0.0007813079310740114,0.04223388440593991,ENSG00000129422,39,24,3
9,IPF / Pulmonary Fibrosis,5.96020044901645,2.405881305437593,0.7378321064212428,3.26074358177093,0.001111204788537125,0.04866216677890031,ENSG00000120885,39,24,3
9,IPF / Pulmonary Fibrosis,2.2877340001129656,-1.5899738511522288,0.4523198243494437,-3.5151540250066073,0.00043949900556832807,0.029840661990184085,ENSG00000253859,39,24,3
9,IPF / Pulmonary Fibrosis,2.677541035461752,1.1600691046259568,0.34731339341141787,3.340121995386947,0.0008374159502359486,0.04246444333895104,ENSG00000148120,39,24,3
9,IPF / Pulmonary Fibrosis,1.6946676519056754,-1.0016696780344,0.29402291556098814,-3.4067741833089444,0.0006573548886156231,0.038134089125572854,ENSG00000160408,39,24,3
9,IPF / Pulmonary Fibrosis,4.124684180547166,-2.440740756813576,0.7474072806209593,-3.2656100898371836,0.0010922853749902614,0.04849291946050515,ENSG00000187134,39,24,3
9,IPF / Pulmonary Fibrosis,4.706371682209382,-3.232067890684382,0.4765286701992887,-6.7825255704608525,1.1809295172192073e-11,3.774841201791196e-08,ENSG00000151632,39,24,3
9,IPF / Pulmonary Fibrosis,10.492017739994527,-1.314204693716744,0.34210576333568926,-3.841515795883241,0.00012227686565773573,0.013458232526860786,ENSG00000196139,39,24,3
9,IPF / Pulmonary Fibrosis,7.770183993096739,1.1477015255613714,0.2632106964070299,4.360390900628757,1.2983030176927601e-05,0.0033200204768439262,ENSG00000150347,39,24,3
9,IPF / Pulmonary Fibrosis,25.021993381370304,1.0785429663113004,0.18195409624687858,5.927555293110378,3.074778319045349e-09,6.552352597885639e-06,ENSG00000107798,39,24,3
9,IPF / Pulmonary Fibrosis,47.60470760560674,-1.008369466899939,0.2572497065874607,-3.9198080350661546,8.861952788344064e-05,0.011562135546098695,ENSG00000110651,39,24,3
9,IPF / Pulmonary Fibrosis,3.596997963276082,-3.1592468039663673,0.7186888594842079,-4.395847747290407,1.1034125844133567e-05,0.0030670072400672127,ENSG00000255823,39,24,3
9,IPF / Pulmonary Fibrosis,29.2787293391965,-1.1925432986144349,0.30961832997762967,-3.851656000794907,0.00011732175399763776,0.013393535237623183,ENSG00000149131,39,24,3
9,IPF / Pulmonary Fibrosis,5.985020919059984,-1.108407543183687,0.3230618126802466,-3.430945718987665,0.0006014809443680445,0.03627611016363121,ENSG00000173511,39,24,3
9,IPF / Pulmonary Fibrosis,8.137250536950583,1.0744608980913268,0.2316269187365053,4.638756600279326,3.5051155645097358e-06,0.0012449002113283745,ENSG00000137478,39,24,3
9,IPF / Pulmonary Fibrosis,6.747378937576303,1.352245484146674,0.4124472137981877,3.2785904205630874,0.0010432693532176486,0.04696916179662273,ENSG00000057294,39,24,3
9,IPF / Pulmonary Fibrosis,1.838431338132946,1.4396017973823492,0.43166107525411546,3.335028057683605,0.0008529079307982709,0.04246444333895104,ENSG00000196935,39,24,3
9,IPF / Pulmonary Fibrosis,4.8613484949223835,1.1933732749640131,0.31069633623317894,3.840963461083047,0.00012255235736954856,0.013458232526860786,ENSG00000102804,39,24,3
9,IPF / Pulmonary Fibrosis,3.548257851246707,-1.411077031860253,0.41443691630054896,-3.4048053548321997,0.0006621122935927713,0.038134089125572854,ENSG00000285534,39,24,3
9,IPF / Pulmonary Fibrosis,10.169826856306422,1.4056398308026095,0.3167284917247896,4.437996162416585,9.080023772826174e-06,0.002902429598983886,ENSG00000100600,39,24,3
9,IPF / Pulmonary Fibrosis,2.096345179259783,2.3237210141322455,0.532835549155969,4.361047264607447,1.2944139899895725e-05,0.0033200204768439262,ENSG00000182809,39,24,3
9,IPF / Pulmonary Fibrosis,3.270847319283512,1.2333026154194784,0.32136700354686487,3.8376765561111075,0.00012420392915451063,0.013458232526860786,ENSG00000259225,39,24,3
9,IPF / Pulmonary Fibrosis,2.060549356446599,-1.0867029823182828,0.30254421510494656,-3.5918815434673816,0.00032829908022106,0.025206961820045958,ENSG00000103876,39,24,3
9,IPF / Pulmonary Fibrosis,9.512908086044366,-1.6778832007597793,0.3190473671694546,-5.259041049753,1.4480856437283994e-07,0.00010286235022617398,ENSG00000159723,39,24,3
9,IPF / Pulmonary Fibrosis,3.6398789156568307,-1.2562792460481627,0.35791391245262405,-3.5100039488251316,0.00044810003927071363,0.029840661990184085,ENSG00000141574,39,24,3
9,IPF / Pulmonary Fibrosis,2.531142359292854,-1.2634462536411437,0.3643636395997249,-3.467542082489665,0.0005252414936215543,0.03292028302669212,ENSG00000134769,39,24,3
9,IPF / Pulmonary Fibrosis,1.8816922595299042,-1.2444420484157666,0.34426867137432093,-3.6147409040966534,0.00030064814280023684,0.024025544711523926,ENSG00000108106,39,24,3
9,IPF / Pulmonary Fibrosis,2.7491623388884725,-1.0662945363176777,0.3212650016580217,-3.3190497900942253,0.0009032432276887544,0.04358954182541277,ENSG00000130725,39,24,3
9,IPF / Pulmonary Fibrosis,13.410972600218454,3.644993273359918,0.9179320241459165,3.9708749422391896,7.160916288499568e-05,0.010435096692561527,ENSG00000125999,39,24,3
9,IPF / Pulmonary Fibrosis,19.91050924518385,-1.0536326230620099,0.2730707526160408,-3.8584601718350306,0.0001141036574409702,0.01326299421854768,ENSG00000100292,39,24,3
9,IPF / Pulmonary Fibrosis,1.5630910111825251,-1.1775720122150832,0.31061446526607994,-3.791104870812588,0.00014997860556037072,0.014527473111325,ENSG00000073169,39,24,3
