gene,nDiseaseAreas,nClusters,meanLog2FoldChange,direction,geneSymbol,biotype
ENSG00000002746,3,4,1.786474836259926,up,HECW1,protein_coding
ENSG00000004468,3,10,1.565471461372542,up,CD38,protein_coding
ENSG00000073910,3,4,-0.9901970417900706,down,FRY,protein_coding
ENSG00000089127,3,7,1.6827763433974412,up,OAS1,protein_coding
ENSG00000090530,3,6,-1.1739221404457616,down,P3H2,protein_coding
ENSG00000101335,3,4,-0.7384170834490346,down,MYL9,protein_coding
ENSG00000101443,3,6,1.9889864641212036,up,WFDC2,protein_coding
ENSG00000111218,3,7,2.194136660626598,up,PRMT8,protein_coding
ENSG00000124721,3,3,1.2927877265059753,up,DNAH8,protein_coding
ENSG00000127920,3,4,-1.8733294728742713,down,GNG11,protein_coding
ENSG00000132530,3,6,1.5246657397955887,up,XAF1,protein_coding
ENSG00000137809,3,5,1.7595895688309948,up,ITGA11,protein_coding
ENSG00000138316,3,13,1.9106885186063969,up,ADAMTS14,protein_coding
ENSG00000138821,3,17,-1.6894483106329945,down,SLC39A8,protein_coding
ENSG00000152766,3,5,1.5974472071146717,up,ANKRD22,protein_coding
ENSG00000154146,3,11,-2.1091790955880603,down,NRGN,protein_coding
ENSG00000156234,3,4,2.3141410593707135,up,CXCL13,protein_coding
ENSG00000157890,3,5,1.4534831541269,up,MEGF11,protein_coding
ENSG00000162849,3,11,1.5803071083393552,up,KIF26B,protein_coding
ENSG00000163032,3,9,1.72353462178188,up,VSNL1,protein_coding
ENSG00000163739,3,4,-2.4551736454510174,down,CXCL1,protein_coding
ENSG00000164161,3,23,-1.7830262968386243,down,HHIP,protein_coding
ENSG00000172572,3,2,1.8186185812708073,up,PDE3A,protein_coding
ENSG00000181458,3,14,2.1093968009687063,up,TMEM45A,protein_coding
ENSG00000183486,3,11,1.5513726423878857,up,MX2,protein_coding
ENSG00000183780,3,5,1.7971836865751967,up,SLC35F3,protein_coding
ENSG00000185303,3,18,-1.9359651768939619,down,SFTPA2,protein_coding
ENSG00000187608,3,12,1.4905621306283894,up,ISG15,protein_coding
ENSG00000188906,3,9,-1.637529673331986,down,LRRK2,protein_coding
ENSG00000205038,3,10,-1.0966846168936588,down,PKHD1L1,protein_coding
ENSG00000205403,3,3,1.79960956856503,up,CFI,protein_coding
ENSG00000227191,3,4,-1.3978727061508411,down,TRGC2,TR_C_gene
ENSG00000228221,3,3,1.606657511114806,up,LINC00578,lncRNA
ENSG00000231131,3,5,1.5298184714777283,up,LNCAROD,lncRNA
ENSG00000232855,3,3,-1.1983034263079666,down,AF165147.1,lncRNA
ENSG00000234690,3,3,1.3737792901730357,up,EPCAM-DT,lncRNA
ENSG00000234883,3,2,-1.8574038779633801,down,MIR155HG,lncRNA
ENSG00000243649,3,4,1.3340686786963796,up,CFB,protein_coding
ENSG00000251003,3,9,1.9123393710638779,up,ZFPM2-AS1,lncRNA
ENSG00000251191,3,4,1.41817159961347,up,LINC00589,lncRNA
ENSG00000253944,3,2,1.960927557672325,up,AC027117.2,lncRNA
ENSG00000262406,3,5,2.5073602813049383,up,MMP12,protein_coding
ENSG00000000971,2,5,1.1487159883026874,up,CFH,protein_coding
ENSG00000002587,2,3,1.494495432081236,up,HS3ST1,protein_coding
ENSG00000003147,2,4,1.401097616462868,up,ICA1,protein_coding
ENSG00000003436,2,9,-1.343994830897228,down,TFPI,protein_coding
ENSG00000003989,2,3,-1.5006433318378647,down,SLC7A2,protein_coding
ENSG00000004799,2,3,-1.344949256816326,down,PDK4,protein_coding
ENSG00000005001,2,2,1.8534777091816224,up,PRSS22,protein_coding
ENSG00000005249,2,2,-1.4264366166264533,down,PRKAR2B,protein_coding
ENSG00000006042,2,1,1.9736977800073574,up,TMEM98,protein_coding
ENSG00000006071,2,12,-1.5358057030230758,down,ABCC8,protein_coding
ENSG00000006128,2,2,-1.9353895578287292,down,TAC1,protein_coding
ENSG00000006210,2,3,1.5767576777066339,up,CX3CL1,protein_coding
ENSG00000006283,2,4,1.3358975532530333,up,CACNA1G,protein_coding
ENSG00000006327,2,3,-1.0988383507167274,down,TNFRSF12A,protein_coding
ENSG00000006704,2,2,1.041730923896266,up,GTF2IRD1,protein_coding
ENSG00000006747,2,6,0.5747058907131342,up,SCIN,protein_coding
ENSG00000007306,2,2,1.8276807442472225,up,CEACAM7,protein_coding
ENSG00000007312,2,3,1.2161822704214857,up,CD79B,protein_coding
ENSG00000007866,2,1,1.6845120209977722,up,TEAD3,protein_coding
ENSG00000008118,2,4,1.512892600975635,up,CAMK1G,protein_coding
ENSG00000008311,2,2,-1.277272577094307,down,AASS,protein_coding
ENSG00000008517,2,2,1.3660527659189325,up,IL32,protein_coding
ENSG00000010438,2,1,-1.7007225982257612,down,PRSS3,protein_coding
ENSG00000010932,2,2,1.1806747660113919,up,FMO1,protein_coding
ENSG00000011347,2,4,1.6889393490410731,up,SYT7,protein_coding
ENSG00000011465,2,4,-1.433311077185504,down,DCN,protein_coding
ENSG00000012171,2,2,-1.2477268232753174,down,SEMA3B,protein_coding
ENSG00000012223,2,11,1.077639571914049,up,LTF,protein_coding
ENSG00000013297,2,2,1.2306035624178016,up,CLDN11,protein_coding
ENSG00000016391,2,2,-1.0303825354739304,down,CHDH,protein_coding
ENSG00000016402,2,4,-1.337755358309216,down,IL20RA,protein_coding
ENSG00000021645,2,3,1.2965893720568689,up,NRXN3,protein_coding
ENSG00000022267,2,4,-1.3699371286564368,down,FHL1,protein_coding
ENSG00000025423,2,14,-1.152827402973427,down,HSD17B6,protein_coding
ENSG00000030419,2,2,1.2434452390720498,up,IKZF2,protein_coding
ENSG00000035720,2,2,2.288420802832702,up,STAP1,protein_coding
ENSG00000036473,2,3,-1.4250518479783139,down,OTC,protein_coding
ENSG00000038295,2,3,-1.3467008755980001,down,TLL1,protein_coding
ENSG00000038427,2,2,1.4995561203191243,up,VCAN,protein_coding
ENSG00000039139,2,1,1.7886693172648753,up,DNAH5,protein_coding
ENSG00000039560,2,3,1.5156635477622298,up,RAI14,protein_coding
ENSG00000040608,2,2,1.5232965506781089,up,RTN4R,protein_coding
ENSG00000042062,2,4,-1.3353369932359067,down,RIPOR3,protein_coding
ENSG00000043039,2,8,1.8398056597453603,up,BARX2,protein_coding
ENSG00000046604,2,3,0.9961982242209586,up,DSG2,protein_coding
ENSG00000046653,2,4,-1.1153982240748848,down,GPM6B,protein_coding
ENSG00000047457,2,6,1.1982653366148255,up,CP,protein_coding
ENSG00000049089,2,5,0.8273187485986092,up,COL9A2,protein_coding
ENSG00000049249,2,3,1.1386926375870374,up,TNFRSF9,protein_coding
ENSG00000049283,2,2,1.7743115892672505,up,EPN3,protein_coding
ENSG00000049768,2,3,0.7453244003909918,up,FOXP3,protein_coding
ENSG00000051128,2,2,1.3840612997827955,up,HOMER3,protein_coding
ENSG00000053108,2,3,-0.6014493207403384,down,FSTL4,protein_coding
ENSG00000054356,2,1,1.4077036600606938,up,PTPRN,protein_coding
ENSG00000056998,2,2,1.5032007236787912,up,GYG2,protein_coding
ENSG00000057149,2,4,2.0897692101475713,up,SERPINB3,protein_coding
ENSG00000060982,2,5,1.44188744808046,up,BCAT1,protein_coding
ENSG00000062524,2,2,-1.7028051332568883,down,LTK,protein_coding
ENSG00000063438,2,5,-1.3494556322871716,down,AHRR,protein_coding
ENSG00000064201,2,3,-1.225389614500997,down,TSPAN32,protein_coding
ENSG00000064205,2,16,-1.6223253199034333,down,CCN5,protein_coding
ENSG00000064309,2,2,1.6116395385327449,up,CDON,protein_coding
ENSG00000064655,2,7,1.596586264660394,up,EYA2,protein_coding
ENSG00000064787,2,5,1.6180797581622424,up,BCAS1,protein_coding
ENSG00000064989,2,8,-1.2956464722226178,down,CALCRL,protein_coding
ENSG00000066382,2,2,1.1496100656225243,up,MPPED2,protein_coding
ENSG00000066405,2,18,-1.6322965200956652,down,CLDN18,protein_coding
ENSG00000066468,2,2,1.2066085569096687,up,FGFR2,protein_coding
ENSG00000067798,2,3,-1.3313753281486307,down,NAV3,protein_coding
ENSG00000067840,2,4,-1.346100665024722,down,PDZD4,protein_coding
ENSG00000068078,2,1,1.8063706475133237,up,FGFR3,protein_coding
ENSG00000069188,2,2,1.232976034504461,up,SDK2,protein_coding
ENSG00000069702,2,3,-1.0433139910787854,down,TGFBR3,protein_coding
ENSG00000069764,2,2,1.4234875615802103,up,PLA2G10,protein_coding
ENSG00000070031,2,2,2.1235107950632135,up,SCT,protein_coding
ENSG00000070404,2,3,-0.4079891881386601,down,FSTL3,protein_coding
ENSG00000070526,2,4,1.6848444235267896,up,ST6GALNAC1,protein_coding
ENSG00000072163,2,3,-1.1195301278873773,down,LIMS2,protein_coding
ENSG00000072657,2,3,-1.3460340203699677,down,TRHDE,protein_coding
ENSG00000073849,2,2,1.389430400827403,up,ST6GAL1,protein_coding
ENSG00000073861,2,4,-0.7889007331841673,down,TBX21,protein_coding
ENSG00000074527,2,3,0.002201758136685624,down,NTN4,protein_coding
ENSG00000074966,2,2,-1.1971283410025666,down,TXK,protein_coding
ENSG00000075275,2,3,1.2730223443006337,up,CELSR1,protein_coding
ENSG00000075618,2,6,1.4558129432353095,up,FSCN1,protein_coding
ENSG00000075886,2,2,1.802656924344689,up,TUBA3D,protein_coding
ENSG00000076864,2,3,2.3886531254568824,up,RAP1GAP,protein_coding
ENSG00000078081,2,11,-1.6264369009526645,down,LAMP3,protein_coding
ENSG00000078098,2,7,1.7899524888814144,up,FAP,protein_coding
ENSG00000078725,2,10,-1.3966885773763433,down,BRINP1,protein_coding
ENSG00000079215,2,4,1.5209836636343363,up,SLC1A3,protein_coding
ENSG00000079263,2,2,-1.3763258959542832,down,SP140,protein_coding
ENSG00000080293,2,3,1.0423064755920337,up,SCTR,protein_coding
ENSG00000080854,2,10,1.315350300743975,up,IGSF9B,protein_coding
ENSG00000081041,2,5,-1.4305833833923216,down,CXCL2,protein_coding
ENSG00000082397,2,5,-1.4065415859060573,down,EPB41L3,protein_coding
ENSG00000082458,2,1,1.5415329531198625,up,DLG3,protein_coding
ENSG00000082497,2,1,1.7659814243769731,up,SERTAD4,protein_coding
ENSG00000083782,2,1,1.606468717111569,up,EPYC,protein_coding
ENSG00000085063,2,1,1.1805257073448003,up,CD59,protein_coding
ENSG00000085552,2,2,1.6466261525820998,up,IGSF9,protein_coding
ENSG00000085733,2,3,1.4380691824533889,up,CTTN,protein_coding
ENSG00000085831,2,5,-0.40483073528309677,down,TTC39A,protein_coding
ENSG00000086548,2,5,2.2542222807323524,up,CEACAM6,protein_coding
ENSG00000086991,2,4,1.5994563225257952,up,NOX4,protein_coding
ENSG00000087085,2,2,1.4704697438290357,up,ACHE,protein_coding
ENSG00000087245,2,6,1.592611722605567,up,MMP2,protein_coding
ENSG00000087494,2,5,2.3851877882826003,up,PTHLH,protein_coding
ENSG00000087495,2,5,-0.19610212232659371,down,PHACTR3,protein_coding
ENSG00000088882,2,5,2.0988135400046097,up,CPXM1,protein_coding
ENSG00000088992,2,5,1.8964145346834416,up,TESC,protein_coding
ENSG00000089250,2,4,-0.5289618985602793,down,NOS1,protein_coding
ENSG00000089685,2,4,0.7679415997072159,up,BIRC5,protein_coding
ENSG00000090104,2,8,1.3592694018633298,up,RGS1,protein_coding
ENSG00000091844,2,5,0.5828578125085142,up,RGS17,protein_coding
ENSG00000091972,2,4,1.5698356175618844,up,CD200,protein_coding
ENSG00000092421,2,4,-1.3310085878237432,down,SEMA6A,protein_coding
ENSG00000092964,2,2,-1.8238914254348442,down,DPYSL2,protein_coding
ENSG00000094963,2,6,-0.7468400603690396,down,FMO2,protein_coding
ENSG00000095303,2,3,-0.4819477679012894,down,PTGS1,protein_coding
ENSG00000095970,2,3,1.2531506828616281,up,TREM2,protein_coding
ENSG00000099256,2,2,1.4984428013599684,up,PRTFDC1,protein_coding
ENSG00000099260,2,5,1.4223853377163824,up,PALMD,protein_coding
ENSG00000099377,2,2,1.0982804813529574,up,HSD3B7,protein_coding
ENSG00000099812,2,1,1.793710595380401,up,MISP,protein_coding
ENSG00000099840,2,3,-1.2161975106437086,down,IZUMO4,protein_coding
ENSG00000099953,2,6,2.7268890593179864,up,MMP11,protein_coding
ENSG00000099958,2,4,1.7914540177916471,up,DERL3,protein_coding
ENSG00000100122,2,2,1.7294768059546075,up,CRYBB1,protein_coding
ENSG00000100162,2,3,1.0722599755518616,up,CENPM,protein_coding
ENSG00000100362,2,3,1.7919946679718042,up,PVALB,protein_coding
ENSG00000100427,2,2,-1.1777866008442266,down,MLC1,protein_coding
ENSG00000100448,2,4,1.458306162139771,up,CTSG,protein_coding
ENSG00000100558,2,6,1.2656356820596717,up,PLEK2,protein_coding
ENSG00000100600,2,3,1.086292721806836,up,LGMN,protein_coding
ENSG00000100625,2,3,1.5313798682339428,up,SIX4,protein_coding
ENSG00000100968,2,2,1.2085254173122015,up,NFATC4,protein_coding
ENSG00000100985,2,10,2.9850558030055767,up,MMP9,protein_coding
ENSG00000101004,2,2,1.5854039691653823,up,NINL,protein_coding
ENSG00000101057,2,2,1.4536166855239183,up,MYBL2,protein_coding
ENSG00000101115,2,4,1.5190654099252354,up,SALL4,protein_coding
ENSG00000101134,2,9,1.4331887854570553,up,DOK5,protein_coding
ENSG00000101162,2,3,-2.8118905240613876,down,TUBB1,protein_coding
ENSG00000101187,2,14,-1.1264770078284723,down,SLCO4A1,protein_coding
ENSG00000101197,2,2,2.1781345188710386,up,BIRC7,protein_coding
ENSG00000101210,2,2,2.371304713640945,up,EEF1A2,protein_coding
ENSG00000101255,2,6,-1.3919363130561242,down,TRIB3,protein_coding
ENSG00000101311,2,2,1.4376404097641247,up,FERMT1,protein_coding
ENSG00000101448,2,3,-0.4353796905925779,down,EPPIN,protein_coding
ENSG00000101470,2,2,2.0189615493821385,up,TNNC2,protein_coding
ENSG00000101542,2,3,1.7862094435337996,up,CDH20,protein_coding
ENSG00000101825,2,9,1.358849464301464,up,MXRA5,protein_coding
ENSG00000101938,2,2,-1.1458378891415346,down,CHRDL1,protein_coding
ENSG00000101955,2,8,-1.399510340551157,down,SRPX,protein_coding
ENSG00000102109,2,8,1.9582628949170373,up,PCSK1N,protein_coding
ENSG00000102265,2,4,1.698630832440552,up,TIMP1,protein_coding
ENSG00000102290,2,4,-1.3051282087256821,down,PCDH11X,protein_coding
ENSG00000102678,2,7,-1.3226828850076016,down,FGF9,protein_coding
ENSG00000102683,2,3,-1.5744815413163114,down,SGCG,protein_coding
ENSG00000102760,2,4,-0.878612528385913,down,RGCC,protein_coding
ENSG00000102854,2,6,0.812583187645736,up,MSLN,protein_coding
ENSG00000103034,2,4,-1.1919871302204432,down,NDRG4,protein_coding
ENSG00000103089,2,1,1.95454488462982,up,FA2H,protein_coding
ENSG00000103257,2,2,-1.1693957270798434,down,SLC7A5,protein_coding
ENSG00000103316,2,4,1.3418720749577715,up,CRYM,protein_coding
ENSG00000103490,2,3,1.3412855193390074,up,PYCARD,protein_coding
ENSG00000103528,2,2,1.4665825070693406,up,SYT17,protein_coding
ENSG00000103534,2,2,1.9127671938322326,up,TMC5,protein_coding
ENSG00000103742,2,3,1.3584335371350484,up,IGDCC4,protein_coding
ENSG00000103855,2,4,1.1619062371099707,up,CD276,protein_coding
ENSG00000104093,2,2,-1.0189978324180204,down,DMXL2,protein_coding
ENSG00000104332,2,3,-0.4303812743322238,down,SFRP1,protein_coding
ENSG00000104419,2,2,1.89155361462814,up,NDRG1,protein_coding
ENSG00000104723,2,2,1.5441657134733222,up,TUSC3,protein_coding
ENSG00000105289,2,1,1.6763830064156489,up,TJP3,protein_coding
ENSG00000105357,2,1,1.8917488247108578,up,MYH14,protein_coding
ENSG00000105369,2,2,1.5063633525813498,up,CD79A,protein_coding
ENSG00000105374,2,4,-1.6301753834464274,down,NKG7,protein_coding
ENSG00000105388,2,7,3.3346825372265343,up,CEACAM5,protein_coding
ENSG00000105427,2,4,1.4785570444796436,up,CNFN,protein_coding
ENSG00000105472,2,3,1.300070236565305,up,CLEC11A,protein_coding
ENSG00000105509,2,3,-0.679011307232931,down,HAS1,protein_coding
ENSG00000105655,2,3,1.2397980560457273,up,ISYNA1,protein_coding
ENSG00000105664,2,7,1.8784191025749872,up,COMP,protein_coding
ENSG00000105696,2,8,2.1575436821050404,up,TMEM59L,protein_coding
ENSG00000105697,2,5,1.460170908707927,up,HAMP,protein_coding
ENSG00000105699,2,2,1.6441472210992132,up,LSR,protein_coding
ENSG00000105880,2,2,1.5636648384435015,up,DLX5,protein_coding
ENSG00000105928,2,8,1.4432377006936679,up,GSDME,protein_coding
ENSG00000105929,2,3,1.4800295190875985,up,ATP6V0A4,protein_coding
ENSG00000106123,2,3,-0.42223696410604333,down,EPHB6,protein_coding
ENSG00000106236,2,3,1.2512438727860744,up,NPTX2,protein_coding
ENSG00000106258,2,4,-1.303506906080874,down,CYP3A5,protein_coding
ENSG00000106278,2,4,2.0629560166287977,up,PTPRZ1,protein_coding
ENSG00000106333,2,3,1.4748790550563555,up,PCOLCE,protein_coding
ENSG00000106624,2,3,-1.3702798109907264,down,AEBP1,protein_coding
ENSG00000106688,2,2,1.62039526105433,up,SLC1A1,protein_coding
ENSG00000106819,2,2,1.5958773817388832,up,ASPN,protein_coding
ENSG00000107593,2,1,1.3581545568462112,up,PKD2L1,protein_coding
ENSG00000107731,2,3,1.6466521540996653,up,UNC5B,protein_coding
ENSG00000107796,2,2,1.4339039395977198,up,ACTA2,protein_coding
ENSG00000107798,2,1,1.1927756600881088,up,LIPA,protein_coding
ENSG00000107984,2,2,-2.0867760631086596,down,DKK1,protein_coding
ENSG00000108001,2,3,1.5616777998354894,up,EBF3,protein_coding
ENSG00000108176,2,2,2.1184746106723114,up,DNAJC12,protein_coding
ENSG00000108342,2,10,-1.9604713902354711,down,CSF3,protein_coding
ENSG00000108405,2,4,-1.3424244677630193,down,P2RX1,protein_coding
ENSG00000108576,2,15,-1.3319746587940096,down,SLC6A4,protein_coding
ENSG00000108622,2,2,-1.583083587530672,down,ICAM2,protein_coding
ENSG00000108821,2,21,1.9085349317133806,up,COL1A1,protein_coding
ENSG00000108846,2,2,1.9139890442828236,up,ABCC3,protein_coding
ENSG00000108924,2,2,-1.1635357313322838,down,HLF,protein_coding
ENSG00000108947,2,2,1.1350394205330578,up,EFNB3,protein_coding
ENSG00000109072,2,3,-0.5392235854057862,down,VTN,protein_coding
ENSG00000109099,2,2,1.5084756740751948,up,PMP22,protein_coding
ENSG00000109265,2,5,1.3268603105296881,up,KIAA1211,protein_coding
ENSG00000109272,2,4,-1.2278140848267671,down,PF4V1,protein_coding
ENSG00000109339,2,1,1.385491521914028,up,MAPK10,protein_coding
ENSG00000109472,2,3,1.9005066263097898,up,CPE,protein_coding
ENSG00000109654,2,4,1.5755784681948917,up,TRIM2,protein_coding
ENSG00000109684,2,8,1.5651700866492966,up,CLNK,protein_coding
ENSG00000109846,2,6,-1.4338348927260263,down,CRYAB,protein_coding
ENSG00000110092,2,4,1.565057970276729,up,CCND1,protein_coding
ENSG00000110492,2,8,1.8244195281349505,up,MDK,protein_coding
ENSG00000110680,2,2,0.2894150409868992,down,CALCA,protein_coding
ENSG00000110693,2,3,1.1987110859807328,up,SOX6,protein_coding
ENSG00000110786,2,2,-1.2409681046269219,down,PTPN5,protein_coding
ENSG00000110934,2,4,-1.4433162384700537,down,BIN2,protein_coding
ENSG00000111331,2,6,1.7852271967802562,up,OAS3,protein_coding
ENSG00000111335,2,5,1.78263232021775,up,OAS2,protein_coding
ENSG00000111424,2,2,1.2966342512347553,up,VDR,protein_coding
ENSG00000111452,2,3,-0.18866594945457704,down,ADGRD1,protein_coding
ENSG00000111490,2,3,-0.5341341894519841,down,TBC1D30,protein_coding
ENSG00000112175,2,4,0.6546022039281947,up,BMP5,protein_coding
ENSG00000112245,2,4,1.5014179239316174,up,PTP4A1,protein_coding
ENSG00000112486,2,2,1.1609912176460218,up,CCR6,protein_coding
ENSG00000112559,2,4,1.278663064960245,up,MDFI,protein_coding
ENSG00000112667,2,5,1.1630164913415106,up,DNPH1,protein_coding
ENSG00000112759,2,1,1.2596069182017566,up,SLC29A1,protein_coding
ENSG00000112902,2,4,-0.5381801501154017,down,SEMA5A,protein_coding
ENSG00000113249,2,2,1.3670858444676774,up,HAVCR1,protein_coding
ENSG00000113361,2,4,1.3096024490437221,up,CDH6,protein_coding
ENSG00000113532,2,2,1.2229076461922062,up,ST8SIA4,protein_coding
ENSG00000113722,2,2,1.9027511410460636,up,CDX1,protein_coding
ENSG00000113805,2,5,1.486273279558744,up,CNTN3,protein_coding
ENSG00000114115,2,10,1.6289066960027327,up,RBP1,protein_coding
ENSG00000114270,2,9,1.5492751749891907,up,COL7A1,protein_coding
ENSG00000114279,2,1,-1.8309592164885315,down,FGF12,protein_coding
ENSG00000114631,2,3,1.6181686265123443,up,PODXL2,protein_coding
ENSG00000114854,2,6,-1.379995617033857,down,TNNC1,protein_coding
ENSG00000115008,2,4,-1.7287883020072594,down,IL1A,protein_coding
ENSG00000115226,2,6,1.4017910689104394,up,FNDC4,protein_coding
ENSG00000115361,2,10,-1.208220137293686,down,ACADL,protein_coding
ENSG00000115457,2,6,2.0705713983853324,up,IGFBP2,protein_coding
ENSG00000115468,2,2,2.0228307511987564,up,EFHD1,protein_coding
ENSG00000115523,2,3,-2.247323714631393,down,GNLY,protein_coding
ENSG00000115590,2,15,-1.328052267244742,down,IL1R2,protein_coding
ENSG00000115604,2,15,-1.3191190547440375,down,IL18R1,protein_coding
ENSG00000115607,2,5,-1.1915746055931866,down,IL18RAP,protein_coding
ENSG00000115641,2,15,1.722291358999506,up,FHL2,protein_coding
ENSG00000115884,2,4,1.9447139908300892,up,SDC1,protein_coding
ENSG00000115896,2,2,1.3154442716849806,up,PLCL1,protein_coding
ENSG00000115919,2,4,-1.299776433959308,down,KYNU,protein_coding
ENSG00000116016,2,3,-1.2659868330444068,down,EPAS1,protein_coding
ENSG00000116106,2,2,1.7355561019598882,up,EPHA4,protein_coding
ENSG00000116132,2,1,1.1338591450346158,up,PRRX1,protein_coding
ENSG00000116157,2,3,1.2079244717262434,up,GPX7,protein_coding
ENSG00000116675,2,3,-1.1195399177343026,down,DNAJC6,protein_coding
ENSG00000116701,2,3,-1.6317508650743928,down,NCF2,protein_coding
ENSG00000116761,2,7,-0.9244026292161588,down,CTH,protein_coding
ENSG00000116991,2,2,1.704111168171916,up,SIPA1L2,protein_coding
ENSG00000117122,2,4,1.664036700273351,up,MFAP2,protein_coding
ENSG00000117600,2,6,1.9992157894585465,up,PLPPR4,protein_coding
ENSG00000117834,2,3,-1.1864498412504065,down,SLC5A9,protein_coding
ENSG00000118137,2,3,-1.437088638984499,down,APOA1,protein_coding
ENSG00000118194,2,4,-1.7061891152230284,down,TNNT2,protein_coding
ENSG00000118407,2,3,0.1217333854083249,down,FILIP1,protein_coding
ENSG00000118785,2,22,2.8193852249932236,up,SPP1,protein_coding
ENSG00000118849,2,4,1.2625622095088194,up,RARRES1,protein_coding
ENSG00000118898,2,2,-0.26967875808519465,down,PPL,protein_coding
ENSG00000118971,2,7,1.3637085869376655,up,CCND2,protein_coding
ENSG00000119147,2,3,-0.8670091133512301,down,ECRG4,protein_coding
ENSG00000119535,2,13,-1.4366515340384822,down,CSF3R,protein_coding
ENSG00000119630,2,4,1.8168316840640137,up,PGF,protein_coding
ENSG00000119655,2,2,1.7355156297866086,up,NPC2,protein_coding
ENSG00000119888,2,1,2.1340454057477602,up,EPCAM,protein_coding
ENSG00000119917,2,9,2.1865939843725988,up,IFIT3,protein_coding
ENSG00000120217,2,3,-1.1697387756996511,down,CD274,protein_coding
ENSG00000120278,2,4,1.361984175636634,up,PLEKHG1,protein_coding
ENSG00000120337,2,2,2.2966716283549764,up,TNFSF18,protein_coding
ENSG00000120457,2,2,1.651102426869904,up,KCNJ5,protein_coding
ENSG00000120549,2,2,1.2491079086028831,up,KIAA1217,protein_coding
ENSG00000120659,2,2,1.7388957356797452,up,TNFSF11,protein_coding
ENSG00000120708,2,4,0.9622031553788669,up,TGFBI,protein_coding
ENSG00000120875,2,6,1.3444135982854768,up,DUSP4,protein_coding
ENSG00000120907,2,14,-1.9271590127755427,down,ADRA1A,protein_coding
ENSG00000120949,2,3,1.2380645971399022,up,TNFRSF8,protein_coding
ENSG00000121005,2,5,1.535963037007401,up,CRISPLD1,protein_coding
ENSG00000121039,2,2,-1.352658909712239,down,RDH10,protein_coding
ENSG00000121207,2,3,1.4844922032774288,up,LRAT,protein_coding
ENSG00000121361,2,7,-1.1420099001294646,down,KCNJ8,protein_coding
ENSG00000121410,2,1,1.0401610318105088,up,A1BG,protein_coding
ENSG00000121690,2,2,1.4604655057611313,up,DEPDC7,protein_coding
ENSG00000121807,2,3,-0.42588698801645636,down,CCR2,protein_coding
ENSG00000121895,2,3,0.6420150736140859,up,TMEM156,protein_coding
ENSG00000121904,2,2,1.3063760632413282,up,CSMD2,protein_coding
ENSG00000122025,2,5,-1.2002279246079914,down,FLT3,protein_coding
ENSG00000122254,2,5,2.2826066359560953,up,HS3ST2,protein_coding
ENSG00000122378,2,3,0.6461725862172367,up,PRXL2A,protein_coding
ENSG00000122420,2,5,-1.618739093302634,down,PTGFR,protein_coding
ENSG00000122574,2,3,1.6575488908411795,up,WIPF3,protein_coding
ENSG00000122641,2,2,1.711875517212313,up,INHBA,protein_coding
ENSG00000122691,2,6,1.4111003214862492,up,TWIST1,protein_coding
ENSG00000122729,2,2,-1.1352778938690986,down,ACO1,protein_coding
ENSG00000122852,2,20,-1.8566739349424946,down,SFTPA1,protein_coding
ENSG00000122861,2,5,1.6559145985570418,up,PLAU,protein_coding
ENSG00000122870,2,2,1.4900234665963836,up,BICC1,protein_coding
ENSG00000122966,2,2,1.6242236692707632,up,CIT,protein_coding
ENSG00000123119,2,19,-1.8962638812903136,down,NECAB1,protein_coding
ENSG00000123500,2,2,3.0978478428584464,up,COL10A1,protein_coding
ENSG00000123572,2,5,1.8578983684721535,up,NRK,protein_coding
ENSG00000123685,2,5,-0.8667199731536046,down,BATF3,protein_coding
ENSG00000123836,2,4,-0.5340900255260703,down,PFKFB2,protein_coding
ENSG00000123989,2,2,1.191112785470434,up,CHPF,protein_coding
ENSG00000124102,2,12,-2.2353457607275593,down,PI3,protein_coding
ENSG00000124107,2,5,-0.44604833976839675,down,SLPI,protein_coding
ENSG00000124143,2,3,1.7753406477767244,up,ARHGAP40,protein_coding
ENSG00000124212,2,2,-1.6406522571648177,down,PTGIS,protein_coding
ENSG00000124215,2,2,1.3929035435489014,up,CDH26,protein_coding
ENSG00000124225,2,4,0.6078878169664588,up,PMEPA1,protein_coding
ENSG00000124249,2,3,1.729917539673175,up,KCNK15,protein_coding
ENSG00000124564,2,3,-0.5694639985496701,down,SLC17A3,protein_coding
ENSG00000124602,2,1,1.433184818798205,up,UNC5CL,protein_coding
ENSG00000124664,2,3,1.6864693613783222,up,SPDEF,protein_coding
ENSG00000124749,2,5,1.8488345690660146,up,COL21A1,protein_coding
ENSG00000124772,2,4,1.5045714110187236,up,CPNE5,protein_coding
ENSG00000124813,2,2,1.654201419843026,up,RUNX2,protein_coding
ENSG00000125144,2,9,-1.8679286240400776,down,MT1G,protein_coding
ENSG00000125148,2,7,-0.8781769525319041,down,MT2A,protein_coding
ENSG00000125355,2,1,1.3088545482950522,up,TMEM255A,protein_coding
ENSG00000125398,2,5,2.0329383811228023,up,SOX9,protein_coding
ENSG00000125538,2,7,-1.6812644288047214,down,IL1B,protein_coding
ENSG00000125730,2,2,1.4251752797921353,up,C3,protein_coding
ENSG00000125869,2,3,1.8656420126483988,up,LAMP5,protein_coding
ENSG00000126217,2,2,2.019278481321744,up,MCF2L,protein_coding
ENSG00000126262,2,3,-1.3276642496618223,down,FFAR2,protein_coding
ENSG00000126709,2,10,1.5705624809140544,up,IFI6,protein_coding
ENSG00000126733,2,2,1.4143565316382416,up,DACH2,protein_coding
ENSG00000126856,2,3,-0.41715152579463116,down,PRDM7,protein_coding
ENSG00000127083,2,1,-1.325302746707389,down,OMD,protein_coding
ENSG00000127329,2,7,-1.2145851304842246,down,PTPRB,protein_coding
ENSG00000127824,2,2,-1.1965127674422877,down,TUBA4A,protein_coding
ENSG00000127863,2,8,1.3236306730194036,up,TNFRSF19,protein_coding
ENSG00000127928,2,4,1.5745306941541959,up,GNGT1,protein_coding
ENSG00000127954,2,4,0.8843326920752494,up,STEAP4,protein_coding
ENSG00000127990,2,2,1.3842380274492467,up,SGCE,protein_coding
ENSG00000128039,2,2,1.4304213240461214,up,SRD5A3,protein_coding
ENSG00000128218,2,4,0.8911795571776583,up,VPREB3,protein_coding
ENSG00000128268,2,1,-1.6750206220369859,down,MGAT3,protein_coding
ENSG00000128383,2,3,-0.620938707695742,down,APOBEC3A,protein_coding
ENSG00000128573,2,3,-0.614575062076608,down,FOXP2,protein_coding
ENSG00000128606,2,1,1.347987385575352,up,LRRC17,protein_coding
ENSG00000128656,2,2,1.609628592038584,up,CHN1,protein_coding
ENSG00000128833,2,2,1.3008825948059992,up,MYO5C,protein_coding
ENSG00000129167,2,2,-1.0439013206870797,down,TPH1,protein_coding
ENSG00000129194,2,2,-1.229678577740621,down,SOX15,protein_coding
ENSG00000129244,2,1,1.1226605285757536,up,ATP1B2,protein_coding
ENSG00000129437,2,3,-1.4524229185194073,down,KLK14,protein_coding
ENSG00000129654,2,3,1.5371799325859539,up,FOXJ1,protein_coding
ENSG00000129682,2,4,1.3346988962906052,up,FGF13,protein_coding
ENSG00000129990,2,2,-2.14264585371167,down,SYT5,protein_coding
ENSG00000130005,2,2,1.6792270165896102,up,GAMT,protein_coding
ENSG00000130203,2,3,1.6608233069209732,up,APOE,protein_coding
ENSG00000130208,2,2,1.399733215696413,up,APOC1,protein_coding
ENSG00000130300,2,4,1.4683393096375534,up,PLVAP,protein_coding
ENSG00000130413,2,2,1.3857401199257933,up,STK33,protein_coding
ENSG00000130508,2,4,1.8753262702756635,up,PXDN,protein_coding
ENSG00000130513,2,7,1.6573944827912577,up,GDF15,protein_coding
ENSG00000130522,2,1,-1.9698346529909827,down,JUND,protein_coding
ENSG00000130592,2,5,-0.7556385642494032,down,LSP1,protein_coding
ENSG00000130595,2,3,-1.8034364120788648,down,TNNT3,protein_coding
ENSG00000130600,2,6,-1.2288313738506984,down,H19,lncRNA
ENSG00000130635,2,5,1.493700590862052,up,COL5A1,protein_coding
ENSG00000130988,2,2,-1.236273279931255,down,RGN,protein_coding
ENSG00000131018,2,1,-2.721219222936937,down,SYNE1,protein_coding
ENSG00000131042,2,2,-1.3229674945621788,down,LILRB2,protein_coding
ENSG00000131471,2,8,-1.3130159383530793,down,AOC3,protein_coding
ENSG00000131477,2,2,-1.1162918111619982,down,RAMP2,protein_coding
ENSG00000131480,2,2,-1.1160159072006015,down,AOC2,protein_coding
ENSG00000131711,2,5,1.2217967473247995,up,MAP1B,protein_coding
ENSG00000131831,2,2,-1.7836381959616765,down,RAI2,protein_coding
ENSG00000131941,2,1,1.63823506796618,up,RHPN2,protein_coding
ENSG00000132000,2,1,1.4748248556926356,up,PODNL1,protein_coding
ENSG00000132031,2,3,-0.3217560057372306,down,MATN3,protein_coding
ENSG00000132185,2,3,1.2922523997705493,up,FCRLA,protein_coding
ENSG00000132386,2,6,1.6386823807773765,up,SERPINF1,protein_coding
ENSG00000132437,2,2,-1.5531503031350655,down,DDC,protein_coding
ENSG00000132470,2,5,1.4645354523828533,up,ITGB4,protein_coding
ENSG00000132563,2,2,1.073910899719969,up,REEP2,protein_coding
ENSG00000132639,2,7,1.7745535332049336,up,SNAP25,protein_coding
ENSG00000132698,2,1,2.0871729180575413,up,RAB25,protein_coding
ENSG00000132702,2,2,-0.47027596171285463,down,HAPLN2,protein_coding
ENSG00000132821,2,7,1.415062771203953,up,VSTM2L,protein_coding
ENSG00000133019,2,6,-0.9947939126259875,down,CHRM3,protein_coding
ENSG00000133048,2,10,1.41785519794506,up,CHI3L1,protein_coding
ENSG00000133063,2,13,1.9227333701753373,up,CHIT1,protein_coding
ENSG00000133083,2,6,1.4588144009085535,up,DCLK1,protein_coding
ENSG00000133106,2,5,1.5551803842798784,up,EPSTI1,protein_coding
ENSG00000133110,2,10,1.92862314665648,up,POSTN,protein_coding
ENSG00000133121,2,5,-0.663872477725107,down,STARD13,protein_coding
ENSG00000133169,2,3,-1.3525263319011558,down,BEX1,protein_coding
ENSG00000133466,2,3,2.231496620125799,up,C1QTNF6,protein_coding
ENSG00000133561,2,4,-1.3616864969161444,down,GIMAP6,protein_coding
ENSG00000133574,2,3,-0.29948855717028455,down,GIMAP4,protein_coding
ENSG00000133636,2,6,-2.2538035301827652,down,NTS,protein_coding
ENSG00000133661,2,9,-1.5161592325975852,down,SFTPD,protein_coding
ENSG00000133687,2,5,-1.3088258049028025,down,TMTC1,protein_coding
ENSG00000133863,2,3,-1.1478869023281695,down,TEX15,protein_coding
ENSG00000134013,2,2,1.3792119155169367,up,LOXL2,protein_coding
ENSG00000134020,2,17,-1.275318896478446,down,PEBP4,protein_coding
ENSG00000134028,2,5,1.908191757884999,up,ADAMDEC1,protein_coding
ENSG00000134121,2,14,1.4613449137927144,up,CHL1,protein_coding
ENSG00000134259,2,3,-1.5279506257301652,down,NGF,protein_coding
ENSG00000134291,2,1,-1.2134651371878613,down,TMEM106C,protein_coding
ENSG00000134323,2,2,1.6154714425020058,up,MYCN,protein_coding
ENSG00000134363,2,3,-0.8424561425875084,down,FST,protein_coding
ENSG00000134398,2,9,1.6969019878248712,up,ERN2,protein_coding
ENSG00000134460,2,2,1.277088082202274,up,IL2RA,protein_coding
ENSG00000134504,2,3,1.2428832422971572,up,KCTD1,protein_coding
ENSG00000134548,2,2,-1.1386191486865311,down,SPX,protein_coding
ENSG00000134871,2,3,-0.528755256062076,down,COL4A2,protein_coding
ENSG00000134917,2,12,-1.4526770961346278,down,ADAMTS8,protein_coding
ENSG00000134986,2,2,1.5125963361254924,up,NREP,protein_coding
ENSG00000135052,2,3,1.2441077013494195,up,GOLM1,protein_coding
ENSG00000135094,2,10,1.3014108679343606,up,SDS,protein_coding
ENSG00000135218,2,10,-1.49691595115603,down,CD36,protein_coding
ENSG00000135318,2,4,1.2068782903260977,up,NT5E,protein_coding
ENSG00000135604,2,9,-1.2523551562511712,down,STX11,protein_coding
ENSG00000135750,2,3,1.6612474718343146,up,KCNK1,protein_coding
ENSG00000135862,2,2,-1.296072523391016,down,LAMC1,protein_coding
ENSG00000135916,2,5,1.4119382169732588,up,ITM2C,protein_coding
ENSG00000136111,2,3,0.0003620546659056645,down,TBC1D4,protein_coding
ENSG00000136160,2,13,-1.6236647955049301,down,EDNRB,protein_coding
ENSG00000136235,2,4,1.3338935825106248,up,GPNMB,protein_coding
ENSG00000136244,2,8,-1.7590925385006493,down,IL6,protein_coding
ENSG00000136286,2,5,-1.001670961885924,down,MYO1G,protein_coding
ENSG00000136352,2,1,1.8257884738304426,up,NKX2-1,protein_coding
ENSG00000136383,2,4,0.5512941308207382,up,ALPK3,protein_coding
ENSG00000136573,2,5,1.5160845604818378,up,BLK,protein_coding
ENSG00000136842,2,10,-1.1974237419070324,down,TMOD1,protein_coding
ENSG00000136859,2,2,1.3493230236122118,up,ANGPTL2,protein_coding
ENSG00000136881,2,5,1.9989154494169483,up,BAAT,protein_coding
ENSG00000137193,2,3,-1.099549356413413,down,PIM1,protein_coding
ENSG00000137203,2,7,1.719922347954749,up,TFAP2A,protein_coding
ENSG00000137266,2,4,1.5091408574109235,up,SLC22A23,protein_coding
ENSG00000137441,2,4,-1.701130398363233,down,FGFBP2,protein_coding
ENSG00000137507,2,9,-1.1164717860835813,down,LRRC32,protein_coding
ENSG00000137558,2,4,1.5013338755625332,up,PI15,protein_coding
ENSG00000137573,2,5,1.1629735752280344,up,SULF1,protein_coding
ENSG00000137648,2,11,1.9623480724009374,up,TMPRSS4,protein_coding
ENSG00000137673,2,25,2.46496227448408,up,MMP7,protein_coding
ENSG00000137745,2,2,3.190642941665184,up,MMP13,protein_coding
ENSG00000137819,2,1,-1.047453657977137,down,PAQR5,protein_coding
ENSG00000137857,2,3,-0.584996526009946,down,DUOX1,protein_coding
ENSG00000137868,2,3,2.076198862968692,up,STRA6,protein_coding
ENSG00000137941,2,2,-1.3440937281845935,down,TTLL7,protein_coding
ENSG00000137959,2,15,2.5616127171082375,up,IFI44L,protein_coding
ENSG00000137968,2,4,1.496477849282281,up,SLC44A5,protein_coding
ENSG00000138061,2,9,-1.682768071647987,down,CYP1B1,protein_coding
ENSG00000138080,2,2,1.308080609315689,up,EMILIN1,protein_coding
ENSG00000138185,2,4,1.7443900208979481,up,ENTPD1,protein_coding
ENSG00000138356,2,4,-1.1460454529703614,down,AOX1,protein_coding
ENSG00000138435,2,4,1.5503345419171652,up,CHRNA1,protein_coding
ENSG00000138640,2,3,1.755962364691385,up,FAM13A,protein_coding
ENSG00000138642,2,2,1.4260952973549343,up,HERC6,protein_coding
ENSG00000138646,2,3,1.3737737891339536,up,HERC5,protein_coding
ENSG00000138685,2,2,-1.0903527704988307,down,FGF2,protein_coding
ENSG00000138741,2,2,-1.2592626827314257,down,TRPC3,protein_coding
ENSG00000138755,2,2,2.066951317106596,up,CXCL9,protein_coding
ENSG00000138772,2,6,-1.1992159383408263,down,ANXA3,protein_coding
ENSG00000138792,2,2,1.9704594150082202,up,ENPEP,protein_coding
ENSG00000138795,2,5,1.4452888238602957,up,LEF1,protein_coding
ENSG00000139044,2,1,1.4871299516931917,up,B4GALNT3,protein_coding
ENSG00000139193,2,8,1.172847649926031,up,CD27,protein_coding
ENSG00000139194,2,3,1.4673768141919172,up,RBP5,protein_coding
ENSG00000139220,2,2,1.4762767297245716,up,PPFIA2,protein_coding
ENSG00000139263,2,2,1.6957784061322438,up,LRIG3,protein_coding
ENSG00000139329,2,6,1.319828992234348,up,LUM,protein_coding
ENSG00000139351,2,5,-0.6450224545225618,down,SYCP3,protein_coding
ENSG00000139865,2,1,1.4774046161827958,up,TTC6,protein_coding
ENSG00000139970,2,3,-1.1867440944434202,down,RTN1,protein_coding
ENSG00000139973,2,6,1.88598247120081,up,SYT16,protein_coding
ENSG00000140297,2,3,2.266236726698721,up,GCNT3,protein_coding
ENSG00000140403,2,4,1.2589002375435236,up,DNAJA4,protein_coding
ENSG00000140937,2,2,1.9765062272222083,up,CDH11,protein_coding
ENSG00000140945,2,5,-0.8826330467912369,down,CDH13,protein_coding
ENSG00000140961,2,5,-1.2625583905089333,down,OSGIN1,protein_coding
ENSG00000141161,2,3,-1.4105131843390808,down,UNC45B,protein_coding
ENSG00000141293,2,2,-1.4828914338752055,down,SKAP1,protein_coding
ENSG00000141448,2,3,-1.1171867035717036,down,GATA6,protein_coding
ENSG00000141639,2,2,-1.442601944108346,down,MAPK4,protein_coding
ENSG00000141738,2,1,1.9195138208089035,up,GRB7,protein_coding
ENSG00000141744,2,11,-1.7785038352391471,down,PNMT,protein_coding
ENSG00000141753,2,5,1.4815348863220437,up,IGFBP4,protein_coding
ENSG00000141756,2,2,1.9014886284504269,up,FKBP10,protein_coding
ENSG00000141934,2,8,1.6614210762405428,up,PLPP2,protein_coding
ENSG00000142156,2,5,1.7965056296760835,up,COL6A1,protein_coding
ENSG00000142173,2,8,2.056930344479199,up,COL6A2,protein_coding
ENSG00000142273,2,2,1.4856573579945167,up,CBLC,protein_coding
ENSG00000142494,2,3,1.1719388232062686,up,SLC47A1,protein_coding
ENSG00000142583,2,4,1.448336614309431,up,SLC2A5,protein_coding
ENSG00000142606,2,3,1.2779855240867086,up,MMEL1,protein_coding
ENSG00000142611,2,2,-1.0755761720346664,down,PRDM16,protein_coding
ENSG00000142748,2,24,-2.0324467598427205,down,FCN3,protein_coding
ENSG00000142798,2,2,1.639237114019877,up,HSPG2,protein_coding
ENSG00000142910,2,4,1.2474741546217043,up,TINAGL1,protein_coding
ENSG00000142920,2,3,1.1592551893000722,up,AZIN2,protein_coding
ENSG00000142949,2,1,1.6976303504032801,up,PTPRF,protein_coding
ENSG00000142973,2,5,-0.8433271906834401,down,CYP4B1,protein_coding
ENSG00000143126,2,2,1.4455112033370916,up,CELSR2,protein_coding
ENSG00000143171,2,3,-1.5280955873402629,down,RXRG,protein_coding
ENSG00000143217,2,3,1.4273279842018933,up,NECTIN4,protein_coding
ENSG00000143226,2,2,1.0808351395093874,up,FCGR2A,protein_coding
ENSG00000143248,2,1,1.8345096762601365,up,RGS5,protein_coding
ENSG00000143320,2,10,2.403839785815859,up,CRABP2,protein_coding
ENSG00000143341,2,8,1.7665549989412113,up,HMCN1,protein_coding
ENSG00000143369,2,2,1.3941182023012795,up,ECM1,protein_coding
ENSG00000143387,2,7,2.1514357289538792,up,CTSK,protein_coding
ENSG00000143507,2,3,1.2508228451836516,up,DUSP10,protein_coding
ENSG00000143603,2,4,1.255774968745054,up,KCNN3,protein_coding
ENSG00000143816,2,3,-1.2933075168794048,down,WNT9A,protein_coding
ENSG00000144063,2,2,2.0736629597122085,up,MALL,protein_coding
ENSG00000144218,2,12,-1.3647143622577496,down,AFF3,protein_coding
ENSG00000144331,2,18,-1.996616028951329,down,ZNF385B,protein_coding
ENSG00000144354,2,6,1.478090661951027,up,CDCA7,protein_coding
ENSG00000144369,2,2,1.1080057316487348,up,FAM171B,protein_coding
ENSG00000144460,2,3,1.7620010030045516,up,NYAP2,protein_coding
ENSG00000144476,2,2,-1.3927072247868963,down,ACKR3,protein_coding
ENSG00000144619,2,6,-1.3014969445548383,down,CNTN4,protein_coding
ENSG00000144771,2,3,-1.3853288943728037,down,LRTM1,protein_coding
ENSG00000144810,2,2,1.7546682169610015,up,COL8A1,protein_coding
ENSG00000145242,2,2,-1.4370169141254763,down,EPHA5,protein_coding
ENSG00000145247,2,5,1.2864803834877134,up,OCIAD2,protein_coding
ENSG00000145623,2,1,1.7370697590040276,up,OSMR,protein_coding
ENSG00000145824,2,13,2.5807701467318926,up,CXCL14,protein_coding
ENSG00000145850,2,5,1.4742023735141945,up,TIMD4,protein_coding
ENSG00000145861,2,2,-0.37603632390450653,down,C1QTNF2,protein_coding
ENSG00000145864,2,1,-1.5641847098612898,down,GABRB2,protein_coding
ENSG00000145936,2,5,-0.766793654836075,down,KCNMB1,protein_coding
ENSG00000146070,2,4,1.5070104139176588,up,PLA2G7,protein_coding
ENSG00000146166,2,3,2.5907806992954834,up,LGSN,protein_coding
ENSG00000146555,2,3,1.5753383918515707,up,SDK1,protein_coding
ENSG00000146648,2,1,1.8574601693189907,up,EGFR,protein_coding
ENSG00000146918,2,2,-1.180806011614034,down,NCAPG2,protein_coding
ENSG00000147206,2,2,-1.3376697926766163,down,NXF3,protein_coding
ENSG00000147576,2,3,-1.1359649393705158,down,ADHFE1,protein_coding
ENSG00000147676,2,1,2.196317629188789,up,MAL2,protein_coding
ENSG00000147689,2,6,1.6455866842814122,up,FAM83A,protein_coding
ENSG00000147697,2,4,1.4463481503374247,up,GSDMC,protein_coding
ENSG00000147862,2,1,1.7237819980721845,up,NFIB,protein_coding
ENSG00000147889,2,11,2.0072108926825702,up,CDKN2A,protein_coding
ENSG00000148053,2,3,-1.1405344583997001,down,NTRK2,protein_coding
ENSG00000148344,2,2,1.6692599395713954,up,PTGES,protein_coding
ENSG00000148677,2,10,-1.8408658098650725,down,ANKRD1,protein_coding
ENSG00000148680,2,3,-1.2546376545472544,down,HTR7,protein_coding
ENSG00000148848,2,7,1.3013969550902624,up,ADAM12,protein_coding
ENSG00000148926,2,1,-1.096571235033216,down,ADM,protein_coding
ENSG00000149090,2,2,1.4262753923320113,up,PAMR1,protein_coding
ENSG00000149131,2,5,-1.1238667381378273,down,SERPING1,protein_coding
ENSG00000149256,2,3,1.3467178501977854,up,TENM4,protein_coding
ENSG00000149294,2,1,1.8316410349740235,up,NCAM1,protein_coding
ENSG00000149380,2,2,1.424310894137809,up,P4HA3,protein_coding
ENSG00000149485,2,6,-1.3020050043892792,down,FADS1,protein_coding
ENSG00000149516,2,4,-1.820338757211583,down,MS4A3,protein_coding
ENSG00000149575,2,3,-0.31997187896856744,down,SCN2B,protein_coding
ENSG00000149596,2,2,-1.2837520854006623,down,JPH2,protein_coding
ENSG00000149798,2,4,-1.2143745425999857,down,CDC42EP2,protein_coding
ENSG00000149968,2,1,3.2523786388213205,up,MMP3,protein_coding
ENSG00000149972,2,3,-1.03545388632164,down,CNTN5,protein_coding
ENSG00000150045,2,3,-1.584601556809061,down,KLRF1,protein_coding
ENSG00000150551,2,2,1.4853370746810148,up,LYPD1,protein_coding
ENSG00000150594,2,2,1.7156826903765128,up,ADRA2A,protein_coding
ENSG00000150625,2,12,-1.50774607148136,down,GPM6A,protein_coding
ENSG00000150627,2,2,-1.155231802237089,down,WDR17,protein_coding
ENSG00000150630,2,3,-1.4626366334677658,down,VEGFC,protein_coding
ENSG00000150637,2,4,-1.5007168653760699,down,CD226,protein_coding
ENSG00000150667,2,4,-1.3572934302791997,down,FSIP1,protein_coding
ENSG00000150672,2,3,-1.892365688529325,down,DLG2,protein_coding
ENSG00000150687,2,6,0.8365891544632508,up,PRSS23,protein_coding
ENSG00000151067,2,2,1.6349061716302955,up,CACNA1C,protein_coding
ENSG00000151572,2,2,1.7297658191935457,up,ANO4,protein_coding
ENSG00000151575,2,3,1.160233538842873,up,TEX9,protein_coding
ENSG00000151729,2,3,-0.09685544422195151,down,SLC25A4,protein_coding
ENSG00000151790,2,5,1.67923526732215,up,TDO2,protein_coding
ENSG00000151952,2,9,1.8441642646995482,up,TMEM132D,protein_coding
ENSG00000152078,2,2,-1.2840998504566163,down,TLCD4,protein_coding
ENSG00000152463,2,6,-1.6287697581227392,down,OLAH,protein_coding
ENSG00000152467,2,3,-1.288724379137925,down,ZSCAN1,protein_coding
ENSG00000152527,2,3,1.2722526339149056,up,PLEKHH2,protein_coding
ENSG00000152583,2,8,-1.5527804335812188,down,SPARCL1,protein_coding
ENSG00000152779,2,5,-1.1257331358713116,down,SLC16A12,protein_coding
ENSG00000152784,2,1,-1.1622428020021385,down,PRDM8,protein_coding
ENSG00000152804,2,2,-1.0514643245528106,down,HHEX,protein_coding
ENSG00000152894,2,1,1.6775386911754373,up,PTPRK,protein_coding
ENSG00000153012,2,3,1.4657395128951651,up,LGI2,protein_coding
ENSG00000153162,2,4,-0.8040956751597657,down,BMP6,protein_coding
ENSG00000153404,2,4,2.2244964187566465,up,PLEKHG4B,protein_coding
ENSG00000153446,2,2,1.8145991556209076,up,C16orf89,protein_coding
ENSG00000153563,2,2,-1.6582776241154946,down,CD8A,protein_coding
ENSG00000153820,2,3,-1.291308537735132,down,SPHKAP,protein_coding
ENSG00000153898,2,2,-1.054491146695696,down,MCOLN2,protein_coding
ENSG00000153944,2,2,1.0637703830688872,up,MSI2,protein_coding
ENSG00000153976,2,2,1.166095174070541,up,HS3ST3A1,protein_coding
ENSG00000154096,2,10,2.013289004168191,up,THY1,protein_coding
ENSG00000154102,2,3,1.1411195484071497,up,C16orf74,protein_coding
ENSG00000154175,2,10,-1.3566110234960118,down,ABI3BP,protein_coding
ENSG00000154227,2,2,-1.1477610302484738,down,CERS3,protein_coding
ENSG00000154277,2,2,-1.2800795571028036,down,UCHL1,protein_coding
ENSG00000154342,2,4,-1.3572748678770628,down,WNT3A,protein_coding
ENSG00000154380,2,3,1.5347910836065008,up,ENAH,protein_coding
ENSG00000154654,2,1,1.181714460827865,up,NCAM2,protein_coding
ENSG00000154721,2,2,-1.2336243219994432,down,JAM2,protein_coding
ENSG00000154856,2,2,1.0973103750507542,up,APCDD1,protein_coding
ENSG00000154864,2,3,1.2009335784773727,up,PIEZO2,protein_coding
ENSG00000154917,2,3,1.7064554160992569,up,RAB6B,protein_coding
ENSG00000154975,2,3,2.7388678224224274,up,CA10,protein_coding
ENSG00000155011,2,5,-1.306891325647684,down,DKK2,protein_coding
ENSG00000155066,2,9,1.609061606035415,up,PROM2,protein_coding
ENSG00000155093,2,6,1.5239926038971365,up,PTPRN2,protein_coding
ENSG00000155265,2,3,1.5130708537046675,up,GOLGA7B,protein_coding
ENSG00000155324,2,3,1.1928916948438533,up,GRAMD2B,protein_coding
ENSG00000155511,2,8,-1.433752538486029,down,GRIA1,protein_coding
ENSG00000155657,2,12,-1.7820888083654403,down,TTN,protein_coding
ENSG00000155761,2,2,1.608054949568459,up,SPAG17,protein_coding
ENSG00000155886,2,2,1.981385299145239,up,SLC24A2,protein_coding
ENSG00000155897,2,6,-1.3469311139080886,down,ADCY8,protein_coding
ENSG00000155974,2,7,0.6778376519336111,up,GRIP1,protein_coding
ENSG00000156011,2,4,1.394400820920235,up,PSD3,protein_coding
ENSG00000156076,2,2,2.612857903760473,up,WIF1,protein_coding
ENSG00000156219,2,1,-1.5732441979263223,down,ART3,protein_coding
ENSG00000156738,2,3,1.309560794087749,up,MS4A1,protein_coding
ENSG00000156804,2,2,1.5183881455399275,up,FBXO32,protein_coding
ENSG00000157064,2,2,1.6443468446080298,up,NMNAT2,protein_coding
ENSG00000157388,2,2,1.5083250321133854,up,CACNA1D,protein_coding
ENSG00000157404,2,3,1.2465225302785343,up,KIT,protein_coding
ENSG00000157445,2,6,-1.4123927948693458,down,CACNA2D3,protein_coding
ENSG00000157551,2,2,1.2583005959809617,up,KCNJ15,protein_coding
ENSG00000157601,2,13,1.7885328621965535,up,MX1,protein_coding
ENSG00000157766,2,3,1.6871695791823385,up,ACAN,protein_coding
ENSG00000157870,2,1,1.1357867754473912,up,PRXL2B,protein_coding
ENSG00000157992,2,1,1.7875902053929102,up,KRTCAP3,protein_coding
ENSG00000158286,2,4,1.4426524191421843,up,RNF207,protein_coding
ENSG00000158488,2,4,1.7676380462477517,up,CD1E,protein_coding
ENSG00000158747,2,7,1.2594632082570354,up,NBL1,protein_coding
ENSG00000158816,2,2,-1.108418093374048,down,VWA5B1,protein_coding
ENSG00000158966,2,2,1.731257573258869,up,CACHD1,protein_coding
ENSG00000159167,2,4,-1.5608849987035178,down,STC1,protein_coding
ENSG00000159212,2,5,1.7073489545574263,up,CLIC6,protein_coding
ENSG00000159363,2,2,-1.054541109703374,down,ATP13A2,protein_coding
ENSG00000159403,2,3,1.6479196442131752,up,C1R,protein_coding
ENSG00000159685,2,1,1.4787091952614118,up,CHCHD6,protein_coding
ENSG00000159708,2,3,-1.191697871194303,down,LRRC36,protein_coding
ENSG00000159714,2,3,-0.265897242788752,down,ZDHHC1,protein_coding
ENSG00000160014,2,1,1.2103797726903118,up,CALM3,protein_coding
ENSG00000160161,2,2,2.1425973930429687,up,CILP2,protein_coding
ENSG00000160191,2,2,1.3666348327698747,up,PDE9A,protein_coding
ENSG00000160213,2,3,1.2357468107987568,up,CSTB,protein_coding
ENSG00000160307,2,9,1.0280802655758525,up,S100B,protein_coding
ENSG00000160712,2,3,-1.2608319189219612,down,IL6R,protein_coding
ENSG00000160862,2,3,-0.3153679080299447,down,AZGP1,protein_coding
ENSG00000160867,2,9,-1.53644361855838,down,FGFR4,protein_coding
ENSG00000160870,2,3,-1.4105816284474688,down,CYP3A7,protein_coding
ENSG00000160932,2,2,1.1448959719602565,up,LY6E,protein_coding
ENSG00000161249,2,1,1.5314278221545425,up,DMKN,protein_coding
ENSG00000161281,2,3,-1.7475378641875527,down,COX7A1,protein_coding
ENSG00000161381,2,2,1.6176430977019045,up,PLXDC1,protein_coding
ENSG00000161544,2,2,1.7932060812502488,up,CYGB,protein_coding
ENSG00000161649,2,2,-1.125148131430528,down,CD300LG,protein_coding
ENSG00000161798,2,10,1.4668307978451176,up,AQP5,protein_coding
ENSG00000161896,2,5,-1.5957290714855195,down,IP6K3,protein_coding
ENSG00000161958,2,2,1.3994272658360203,up,FGF11,protein_coding
ENSG00000162069,2,2,1.4955926324802349,up,BICDL2,protein_coding
ENSG00000162078,2,8,1.6050322316549106,up,ZG16B,protein_coding
ENSG00000162267,2,2,-1.4517720770949964,down,ITIH3,protein_coding
ENSG00000162366,2,1,1.960021781730187,up,PDZK1IP1,protein_coding
ENSG00000162458,2,4,1.3833296972881897,up,FBLIM1,protein_coding
ENSG00000162493,2,2,1.7741719688715574,up,PDPN,protein_coding
ENSG00000162545,2,7,-0.041780838028992254,down,CAMK2N1,protein_coding
ENSG00000162576,2,4,0.9071917194201571,up,MXRA8,protein_coding
ENSG00000162591,2,2,1.6774182430230082,up,MEGF6,protein_coding
ENSG00000162594,2,2,-1.0774517009293403,down,IL23R,protein_coding
ENSG00000162595,2,3,1.5833686445396482,up,DIRAS3,protein_coding
ENSG00000162618,2,3,-0.2671405979429395,down,ADGRL4,protein_coding
ENSG00000162630,2,2,-1.2178902479379268,down,B3GALT2,protein_coding
ENSG00000162692,2,4,1.0010818123691807,up,VCAM1,protein_coding
ENSG00000162894,2,3,1.5277985869524449,up,FCMR,protein_coding
ENSG00000162949,2,4,1.6109084417037678,up,CAPN13,protein_coding
ENSG00000163017,2,4,1.2870176862134755,up,ACTG2,protein_coding
ENSG00000163040,2,2,1.4392492941336346,up,CCDC74A,protein_coding
ENSG00000163053,2,3,1.3819339471281251,up,SLC16A14,protein_coding
ENSG00000163082,2,3,1.5697297180110656,up,SGPP2,protein_coding
ENSG00000163083,2,5,1.8821692509057188,up,INHBB,protein_coding
ENSG00000163359,2,7,1.4484993877865617,up,COL6A3,protein_coding
ENSG00000163364,2,3,1.8542267681029094,up,LINC01116,lncRNA
ENSG00000163435,2,1,2.075209601768556,up,ELF3,protein_coding
ENSG00000163453,2,9,1.3579518862933735,up,IGFBP7,protein_coding
ENSG00000163464,2,3,-0.9576385950361841,down,CXCR1,protein_coding
ENSG00000163599,2,6,1.4102492713929673,up,CTLA4,protein_coding
ENSG00000163606,2,2,1.1548791947546482,up,CD200R1,protein_coding
ENSG00000163661,2,6,-1.3906980558361788,down,PTX3,protein_coding
ENSG00000163673,2,2,1.9248349042030677,up,DCLK3,protein_coding
ENSG00000163687,2,4,-1.5906316480547817,down,DNASE1L3,protein_coding
ENSG00000163734,2,9,-1.5314075213014344,down,CXCL3,protein_coding
ENSG00000163737,2,3,-3.6388931540346205,down,PF4,protein_coding
ENSG00000163814,2,2,1.360862547887819,up,CDCP1,protein_coding
ENSG00000163827,2,2,-1.4282117931395546,down,LRRC2,protein_coding
ENSG00000163884,2,6,-1.0892590765727688,down,KLF15,protein_coding
ENSG00000163995,2,2,1.5299449988838973,up,ABLIM2,protein_coding
ENSG00000164050,2,2,1.6294867049606234,up,PLXNB1,protein_coding
ENSG00000164056,2,4,1.5118239776814475,up,SPRY1,protein_coding
ENSG00000164112,2,2,1.780680840690911,up,TMEM155,protein_coding
ENSG00000164116,2,2,2.061901474773824,up,GUCY1A1,protein_coding
ENSG00000164125,2,3,1.1235745877169119,up,GASK1B,protein_coding
ENSG00000164129,2,3,-0.49193785118054695,down,NPY5R,protein_coding
ENSG00000164176,2,6,-1.2322352378551553,down,EDIL3,protein_coding
ENSG00000164181,2,3,-0.5397830757559056,down,ELOVL7,protein_coding
ENSG00000164283,2,3,1.6176655448259092,up,ESM1,protein_coding
ENSG00000164318,2,3,0.741875340383237,up,EGFLAM,protein_coding
ENSG00000164330,2,3,0.7923258272787211,up,EBF1,protein_coding
ENSG00000164485,2,3,0.9981185092541274,up,IL22RA2,protein_coding
ENSG00000164619,2,4,-0.6409976685648747,down,BMPER,protein_coding
ENSG00000164638,2,2,1.98045882912405,up,SLC29A4,protein_coding
ENSG00000164647,2,5,0.8856950242367775,up,STEAP1,protein_coding
ENSG00000164659,2,4,-0.9417877782345152,down,KIAA1324L,protein_coding
ENSG00000164692,2,16,1.44056994688507,up,COL1A2,protein_coding
ENSG00000164694,2,7,2.4873413278225223,up,FNDC1,protein_coding
ENSG00000164749,2,4,1.795115060968956,up,HNF4G,protein_coding
ENSG00000164932,2,10,1.8848022067524028,up,CTHRC1,protein_coding
ENSG00000164949,2,9,1.6043876005908781,up,GEM,protein_coding
ENSG00000165071,2,2,-1.324559564220882,down,TMEM71,protein_coding
ENSG00000165072,2,2,-1.5703201046579212,down,MAMDC2,protein_coding
ENSG00000165078,2,12,1.9048881829694688,up,CPA6,protein_coding
ENSG00000165105,2,4,1.4959370663067197,up,RASEF,protein_coding
ENSG00000165124,2,2,-1.1445196286243955,down,SVEP1,protein_coding
ENSG00000165140,2,4,-0.5657911382279537,down,FBP1,protein_coding
ENSG00000165152,2,2,-1.0501646623691963,down,TMEM246,protein_coding
ENSG00000165197,2,6,-1.3173465107096514,down,VEGFD,protein_coding
ENSG00000165215,2,2,2.5022565853904304,up,CLDN3,protein_coding
ENSG00000165246,2,10,1.613716907413282,up,NLGN4Y,protein_coding
ENSG00000165272,2,2,1.6421167599601638,up,AQP3,protein_coding
ENSG00000165312,2,2,-1.2068979462829077,down,OTUD1,protein_coding
ENSG00000165457,2,5,1.2900631900171293,up,FOLR2,protein_coding
ENSG00000165474,2,4,1.49623364369531,up,GJB2,protein_coding
ENSG00000165816,2,2,1.730440725465894,up,VWA2,protein_coding
ENSG00000165868,2,1,1.9040703355041617,up,HSPA12A,protein_coding
ENSG00000165935,2,3,1.4298248690580764,up,SMCO2,protein_coding
ENSG00000165949,2,9,1.7830768404609432,up,IFI27,protein_coding
ENSG00000165966,2,3,-1.3099373509910917,down,PDZRN4,protein_coding
ENSG00000165973,2,6,2.071843186797171,up,NELL1,protein_coding
ENSG00000165996,2,2,1.1468242526453525,up,HACD1,protein_coding
ENSG00000166033,2,6,1.1049752808296935,up,HTRA1,protein_coding
ENSG00000166105,2,4,2.349554089174448,up,GLB1L3,protein_coding
ENSG00000166106,2,2,-1.4783470933119685,down,ADAMTS15,protein_coding
ENSG00000166292,2,14,-1.39943567122462,down,TMEM100,protein_coding
ENSG00000166342,2,3,2.3827550776601747,up,NETO1,protein_coding
ENSG00000166501,2,3,-1.4347187232976781,down,PRKCB,protein_coding
ENSG00000166578,2,1,1.3727309407924846,up,IQCD,protein_coding
ENSG00000166803,2,3,1.4450229893332922,up,PCLAF,protein_coding
ENSG00000166823,2,2,1.552180092156518,up,MESP1,protein_coding
ENSG00000166920,2,3,1.7791562202951805,up,C15orf48,protein_coding
ENSG00000166922,2,7,1.611266878740056,up,SCG5,protein_coding
ENSG00000166923,2,7,2.2366077703065224,up,GREM1,protein_coding
ENSG00000167034,2,2,-1.1516362969569487,down,NKX3-1,protein_coding
ENSG00000167183,2,3,1.7885437560380564,up,PRR15L,protein_coding
ENSG00000167419,2,2,1.4474793336748402,up,LPO,protein_coding
ENSG00000167549,2,4,-1.4643899448050353,down,CORO6,protein_coding
ENSG00000167608,2,3,1.2718016131763197,up,TMC4,protein_coding
ENSG00000167664,2,2,-1.8670370026687464,down,TMIGD2,protein_coding
ENSG00000167693,2,3,1.239014249531487,up,NXN,protein_coding
ENSG00000167741,2,2,1.551203864776885,up,GGT6,protein_coding
ENSG00000167780,2,3,-0.4099436776125393,down,SOAT2,protein_coding
ENSG00000167861,2,2,1.796384246795375,up,HID1,protein_coding
ENSG00000168070,2,2,-1.0372390739219055,down,MAJIN,protein_coding
ENSG00000168079,2,1,-2.0490895164820575,down,SCARA5,protein_coding
ENSG00000168229,2,3,-1.274336466837364,down,PTGDR,protein_coding
ENSG00000168243,2,4,-0.4864793213080541,down,GNG4,protein_coding
ENSG00000168306,2,1,1.6692258573320902,up,ACOX2,protein_coding
ENSG00000168309,2,10,-1.3438166893995098,down,FAM107A,protein_coding
ENSG00000168329,2,2,-1.2766231971324533,down,CX3CR1,protein_coding
ENSG00000168481,2,10,-1.3533618748435434,down,LGI3,protein_coding
ENSG00000168484,2,20,-2.508777270058862,down,SFTPC,protein_coding
ENSG00000168490,2,2,-1.2888020925871233,down,PHYHIP,protein_coding
ENSG00000168497,2,3,-2.2137001052687593,down,CAVIN2,protein_coding
ENSG00000168502,2,3,1.6841160127684354,up,MTCL1,protein_coding
ENSG00000168542,2,20,1.7097532613412298,up,COL3A1,protein_coding
ENSG00000168785,2,2,1.1291721772951504,up,TSPAN5,protein_coding
ENSG00000168874,2,3,-1.2078715169636625,down,ATOH8,protein_coding
ENSG00000168916,2,2,1.436528335673825,up,ZNF608,protein_coding
ENSG00000168961,2,2,2.1337859130408448,up,LGALS9,protein_coding
ENSG00000168993,2,3,-0.7044120724442818,down,CPLX1,protein_coding
ENSG00000169129,2,8,1.5409711971749653,up,AFAP1L2,protein_coding
ENSG00000169174,2,5,-1.2307270876815462,down,PCSK9,protein_coding
ENSG00000169218,2,6,-1.36027473104118,down,RSPO1,protein_coding
ENSG00000169245,2,2,2.7063873065455164,up,CXCL10,protein_coding
ENSG00000169252,2,3,-1.1117765882568023,down,ADRB2,protein_coding
ENSG00000169282,2,2,-1.6306045449037536,down,KCNAB1,protein_coding
ENSG00000169302,2,5,1.321958427817587,up,STK32A,protein_coding
ENSG00000169313,2,2,-1.3461149870712719,down,P2RY12,protein_coding
ENSG00000169418,2,5,-1.4965329849595035,down,NPR1,protein_coding
ENSG00000169429,2,10,-1.4790494917464438,down,CXCL8,protein_coding
ENSG00000169432,2,3,-1.6162907436202565,down,SCN9A,protein_coding
ENSG00000169435,2,2,1.4152741249173921,up,RASSF6,protein_coding
ENSG00000169436,2,4,1.82235694212287,up,COL22A1,protein_coding
ENSG00000169442,2,2,1.0622558846624344,up,CD52,protein_coding
ENSG00000169495,2,2,1.489707807067611,up,HTRA4,protein_coding
ENSG00000169507,2,2,1.7654786879281827,up,SLC38A11,protein_coding
ENSG00000169604,2,2,1.4263435777301054,up,ANTXR1,protein_coding
ENSG00000169750,2,2,1.5376977348552734,up,RAC3,protein_coding
ENSG00000169760,2,3,-1.2342331548797174,down,NLGN1,protein_coding
ENSG00000170074,2,2,-1.4849182134074406,down,FAM153A,protein_coding
ENSG00000170214,2,2,-1.4269648451566799,down,ADRA1B,protein_coding
ENSG00000170290,2,1,2.436683031379883,up,SLN,protein_coding
ENSG00000170323,2,5,-1.8998767800594418,down,FABP4,protein_coding
ENSG00000170369,2,1,2.936518079054202,up,CST2,protein_coding
ENSG00000170373,2,1,7.025058048385842,up,CST1,protein_coding
ENSG00000170381,2,8,-0.8590295328977406,down,SEMA3E,protein_coding
ENSG00000170421,2,2,1.5594834796570904,up,KRT8,protein_coding
ENSG00000170442,2,2,1.2053402022487276,up,KRT86,protein_coding
ENSG00000170476,2,4,1.2770907755477905,up,MZB1,protein_coding
ENSG00000170485,2,2,1.6768851220816476,up,NPAS2,protein_coding
ENSG00000170608,2,2,1.665798330265637,up,FOXA3,protein_coding
ENSG00000170745,2,2,1.1094520600625035,up,KCNS3,protein_coding
ENSG00000170873,2,2,1.2160004136858702,up,MTSS1,protein_coding
ENSG00000170891,2,8,1.3040953592885776,up,CYTL1,protein_coding
ENSG00000170927,2,5,1.7080842630045503,up,PKHD1,protein_coding
ENSG00000170955,2,2,1.4107849461514412,up,CAVIN3,protein_coding
ENSG00000170962,2,2,1.5107123478889983,up,PDGFD,protein_coding
ENSG00000171004,2,9,1.9668079480348748,up,HS6ST2,protein_coding
ENSG00000171115,2,5,-1.2538939782513956,down,GIMAP8,protein_coding
ENSG00000171345,2,4,1.80197866803478,up,KRT19,protein_coding
ENSG00000171346,2,15,1.6756935071712311,up,KRT15,protein_coding
ENSG00000171408,2,7,1.5060519178248322,up,PDE7B,protein_coding
ENSG00000171502,2,6,1.1108852133028435,up,COL24A1,protein_coding
ENSG00000171617,2,5,1.36025440411538,up,ENC1,protein_coding
ENSG00000171631,2,3,1.43255254438942,up,P2RY6,protein_coding
ENSG00000171680,2,2,1.5605826616452352,up,PLEKHG5,protein_coding
ENSG00000171877,2,10,1.446515985131706,up,FRMD5,protein_coding
ENSG00000171885,2,7,-1.7470096672740982,down,AQP4,protein_coding
ENSG00000171940,2,2,1.4964459494329114,up,ZNF217,protein_coding
ENSG00000171951,2,4,1.9218521810854692,up,SCG2,protein_coding
ENSG00000172061,2,3,1.7359536656582082,up,LRRC15,protein_coding
ENSG00000172215,2,2,1.3103113225200502,up,CXCR6,protein_coding
ENSG00000172232,2,2,-1.1956003216257787,down,AZU1,protein_coding
ENSG00000172260,2,3,-1.1070083372190294,down,NEGR1,protein_coding
ENSG00000172264,2,2,-2.0738451479602342,down,MACROD2,protein_coding
ENSG00000172348,2,5,1.5751093114078756,up,RCAN2,protein_coding
ENSG00000172458,2,2,-1.2385316296736852,down,IL17D,protein_coding
ENSG00000172508,2,2,-1.7794939869269455,down,CARNS1,protein_coding
ENSG00000172543,2,4,-0.9540768456916016,down,CTSW,protein_coding
ENSG00000172673,2,2,-1.231882486189693,down,THEMIS,protein_coding
ENSG00000172724,2,4,2.1832216057955516,up,CCL19,protein_coding
ENSG00000172817,2,2,1.658429884319418,up,CYP7B1,protein_coding
ENSG00000172927,2,3,1.6843592192181718,up,MYEOV,protein_coding
ENSG00000172985,2,6,1.50024125826853,up,SH3RF3,protein_coding
ENSG00000173068,2,4,-0.10653954255896472,down,BNC2,protein_coding
ENSG00000173114,2,4,-1.0819893740046247,down,LRRN3,protein_coding
ENSG00000173198,2,2,-1.4638075782098703,down,CYSLTR1,protein_coding
ENSG00000173267,2,4,-1.2536662694375749,down,SNCG,protein_coding
ENSG00000173898,2,4,1.4643823330416863,up,SPTBN2,protein_coding
ENSG00000174123,2,2,1.5495046585179875,up,TLR10,protein_coding
ENSG00000174255,2,2,1.3209540613740254,up,ZNF80,protein_coding
ENSG00000174485,2,2,-1.2250720754788764,down,DENND4A,protein_coding
ENSG00000174514,2,2,1.4900323108541442,up,MFSD4A,protein_coding
ENSG00000174640,2,4,-1.2840942401321256,down,SLCO2A1,protein_coding
ENSG00000174837,2,1,-1.2058457270136274,down,ADGRE1,protein_coding
ENSG00000174938,2,4,1.748799401010738,up,SEZ6L2,protein_coding
ENSG00000174944,2,3,-0.5332257880731315,down,P2RY14,protein_coding
ENSG00000175040,2,3,-0.2976847518595816,down,CHST2,protein_coding
ENSG00000175093,2,4,-0.5848096892936172,down,SPSB4,protein_coding
ENSG00000175130,2,5,1.3732234794743454,up,MARCKSL1,protein_coding
ENSG00000175161,2,2,-1.4654089419938494,down,CADM2,protein_coding
ENSG00000175315,2,9,1.373306273947316,up,CST6,protein_coding
ENSG00000175318,2,2,1.8627139682084204,up,GRAMD2A,protein_coding
ENSG00000175445,2,7,-1.1876493739201335,down,LPL,protein_coding
ENSG00000175471,2,3,-1.3821672434744006,down,MCTP1,protein_coding
ENSG00000175556,2,4,-1.538450487390214,down,LONRF3,protein_coding
ENSG00000175600,2,4,1.5623519426656656,up,SUGCT,protein_coding
ENSG00000175785,2,4,-1.4679634497177778,down,PRIMA1,protein_coding
ENSG00000175928,2,8,1.4830788460421385,up,LRRN1,protein_coding
ENSG00000176153,2,1,2.3403057589961316,up,GPX2,protein_coding
ENSG00000176204,2,2,-0.40831063500781134,down,LRRTM4,protein_coding
ENSG00000176532,2,2,1.2851523054059535,up,PRR15,protein_coding
ENSG00000176659,2,4,1.373246410816683,up,C20orf197,lncRNA
ENSG00000176907,2,4,2.166945575492343,up,TCIM,protein_coding
ENSG00000176920,2,3,1.523066558613078,up,FUT2,protein_coding
ENSG00000176945,2,2,1.369051688759318,up,MUC20,protein_coding
ENSG00000176956,2,4,1.8859007681891105,up,LY6H,protein_coding
ENSG00000176971,2,7,-1.3527961949708793,down,FIBIN,protein_coding
ENSG00000177455,2,3,1.2917917952392737,up,CD19,protein_coding
ENSG00000177839,2,2,-1.0517541221533118,down,PCDHB9,protein_coding
ENSG00000177875,2,4,-0.5528182637658103,down,CCDC184,protein_coding
ENSG00000178385,2,2,-1.09756245921918,down,PLEKHM3,protein_coding
ENSG00000178401,2,3,1.9289719533707959,up,DNAJC22,protein_coding
ENSG00000178445,2,2,-1.0961595568036946,down,GLDC,protein_coding
ENSG00000178531,2,3,1.1003212295605682,up,CTXN1,protein_coding
ENSG00000178538,2,4,-1.5343560868511341,down,CA8,protein_coding
ENSG00000178662,2,2,1.4895992871830508,up,CSRNP3,protein_coding
ENSG00000178773,2,5,1.4174226536931913,up,CPNE7,protein_coding
ENSG00000178803,2,3,-1.1908923062193735,down,ADORA2A-AS1,lncRNA
ENSG00000179058,2,3,-0.3968767861440045,down,C9orf50,protein_coding
ENSG00000179082,2,2,-1.1242378768980905,down,C9orf106,lncRNA
ENSG00000179144,2,3,-1.3457248565516655,down,GIMAP7,protein_coding
ENSG00000179403,2,4,1.8103877225007892,up,VWA1,protein_coding
ENSG00000179431,2,1,1.3313566648094612,up,FJX1,protein_coding
ENSG00000179772,2,2,1.5115622940416993,up,FOXS1,protein_coding
ENSG00000179813,2,2,1.2334424124602004,up,FAM216B,protein_coding
ENSG00000179862,2,1,-1.2563200177031493,down,CITED4,protein_coding
ENSG00000179913,2,5,1.747274719580372,up,B3GNT3,protein_coding
ENSG00000179934,2,2,1.6543379903838666,up,CCR8,protein_coding
ENSG00000179965,2,2,1.0231442918824771,up,ZNF771,protein_coding
ENSG00000180044,2,1,1.613311380809923,up,C3orf80,protein_coding
ENSG00000180287,2,8,1.7615067209632216,up,PLD5,protein_coding
ENSG00000180347,2,4,1.577873700758765,up,ITPRID1,protein_coding
ENSG00000180537,2,4,-1.4783896796404992,down,RNF182,protein_coding
ENSG00000180644,2,3,-2.005023367594441,down,PRF1,protein_coding
ENSG00000180739,2,4,-1.2193323153016418,down,S1PR5,protein_coding
ENSG00000180767,2,4,1.6460106904559115,up,CHST13,protein_coding
ENSG00000180871,2,4,-1.3360467991899572,down,CXCR2,protein_coding
ENSG00000180875,2,2,-1.1062238251476293,down,GREM2,protein_coding
ENSG00000181072,2,7,-1.6745260024250368,down,CHRM2,protein_coding
ENSG00000181374,2,6,2.387880457282159,up,CCL13,protein_coding
ENSG00000181585,2,3,-0.42765155289918194,down,TMIE,protein_coding
ENSG00000181634,2,4,0.8913517378515203,up,TNFSF15,protein_coding
ENSG00000182013,2,2,1.182338518569027,up,PNMA8A,protein_coding
ENSG00000182107,2,3,0.9251809797175479,up,TMEM30B,protein_coding
ENSG00000182240,2,4,1.2345705553351316,up,BACE2,protein_coding
ENSG00000182255,2,4,-0.9071507918446127,down,KCNA4,protein_coding
ENSG00000182492,2,4,1.6006792904713958,up,BGN,protein_coding
ENSG00000182575,2,4,-0.6209948094714834,down,NXPH3,protein_coding
ENSG00000182585,2,4,-1.482371865668264,down,EPGN,protein_coding
ENSG00000182601,2,3,-0.5056688501920882,down,HS3ST4,protein_coding
ENSG00000182732,2,3,-1.4901987352969197,down,RGS6,protein_coding
ENSG00000182853,2,5,-0.3984607210444951,down,VMO1,protein_coding
ENSG00000182871,2,7,1.449702945519304,up,COL18A1,protein_coding
ENSG00000182901,2,3,-1.1534878028296685,down,RGS7,protein_coding
ENSG00000182985,2,5,1.053716402785438,up,CADM1,protein_coding
ENSG00000183036,2,8,1.8823436362496295,up,PCP4,protein_coding
ENSG00000183049,2,5,1.7023835349006535,up,CAMK1D,protein_coding
ENSG00000183117,2,2,-1.0758770235273454,down,CSMD1,protein_coding
ENSG00000183150,2,2,-1.0773909833036432,down,GPR19,protein_coding
ENSG00000183196,2,2,1.3093573713748343,up,CHST6,protein_coding
ENSG00000183421,2,1,1.5385558633762855,up,RIPK4,protein_coding
ENSG00000183691,2,1,-1.6494212166436486,down,NOG,protein_coding
ENSG00000183734,2,1,-1.28243934276239,down,ASCL2,protein_coding
ENSG00000183840,2,2,1.8752910274724843,up,GPR39,protein_coding
ENSG00000183960,2,5,1.3673367664935556,up,KCNH8,protein_coding
ENSG00000184012,2,1,2.144384225634409,up,TMPRSS2,protein_coding
ENSG00000184232,2,4,1.381478175507665,up,OAF,protein_coding
ENSG00000184368,2,2,1.4822458470959314,up,MAP7D2,protein_coding
ENSG00000184408,2,3,1.3470223179665894,up,KCND2,protein_coding
ENSG00000184979,2,2,1.3359779301811758,up,USP18,protein_coding
ENSG00000184986,2,3,1.1271380106191,up,TMEM121,protein_coding
ENSG00000185008,2,5,0.6558182274975545,up,ROBO2,protein_coding
ENSG00000185056,2,2,1.1322940676397972,up,C5orf47,protein_coding
ENSG00000185070,2,3,1.4521444697300891,up,FLRT2,protein_coding
ENSG00000185215,2,2,-1.0534479625295874,down,TNFAIP2,protein_coding
ENSG00000185272,2,2,-1.0428200220491994,down,RBM11,protein_coding
ENSG00000185291,2,3,-0.2549837264504793,down,IL3RA,protein_coding
ENSG00000185499,2,2,1.8827120088242235,up,MUC1,protein_coding
ENSG00000185634,2,2,-1.725037743580395,down,SHC4,protein_coding
ENSG00000185666,2,4,-0.5016758335921913,down,SYN3,protein_coding
ENSG00000185745,2,9,1.8758969010311695,up,IFIT1,protein_coding
ENSG00000185842,2,2,1.36519283947459,up,DNAH14,protein_coding
ENSG00000185905,2,2,-1.298035293855706,down,C16orf54,protein_coding
ENSG00000185985,2,3,-1.470785447210628,down,SLITRK2,protein_coding
ENSG00000185989,2,2,-1.3726188245284823,down,RASA3,protein_coding
ENSG00000186007,2,2,1.7390711238690624,up,LEMD1,protein_coding
ENSG00000186160,2,3,-1.651240678428692,down,CYP4Z1,protein_coding
ENSG00000186198,2,3,-1.3651974982451887,down,SLC51B,protein_coding
ENSG00000186340,2,3,1.2097384578134653,up,THBS2,protein_coding
ENSG00000186377,2,2,0.11816123905633985,down,CYP4X1,protein_coding
ENSG00000186407,2,10,-1.2228913435336901,down,CD300E,protein_coding
ENSG00000186462,2,2,-1.312769664081508,down,NAP1L2,protein_coding
ENSG00000186827,2,3,1.589761927470463,up,TNFRSF4,protein_coding
ENSG00000187017,2,6,1.7005635543354074,up,ESPN,protein_coding
ENSG00000187094,2,6,-2.0015267825167142,down,CCK,protein_coding
ENSG00000187116,2,5,-1.55803953676917,down,LILRA5,protein_coding
ENSG00000187151,2,2,-1.2870682828319628,down,ANGPTL5,protein_coding
ENSG00000187260,2,2,1.0983916925986097,up,WDR86,protein_coding
ENSG00000187498,2,4,1.1044277338227537,up,COL4A1,protein_coding
ENSG00000187583,2,4,1.3963122939299322,up,PLEKHN1,protein_coding
ENSG00000187730,2,3,2.226192547712418,up,GABRD,protein_coding
ENSG00000187808,2,2,1.2159946823882697,up,SOWAHD,protein_coding
ENSG00000187862,2,2,1.575933953693962,up,TTC24,protein_coding
ENSG00000188042,2,2,-1.178000530911887,down,ARL4C,protein_coding
ENSG00000188064,2,2,1.8943000631313962,up,WNT7B,protein_coding
ENSG00000188112,2,1,1.3220858861605431,up,C6orf132,protein_coding
ENSG00000188153,2,2,1.33396193244955,up,COL4A5,protein_coding
ENSG00000188158,2,6,1.3801796356067892,up,NHS,protein_coding
ENSG00000188282,2,2,1.6449614628623357,up,RUFY4,protein_coding
ENSG00000188596,2,2,1.4058257342669793,up,CFAP54,protein_coding
ENSG00000188643,2,2,1.143123378858455,up,S100A16,protein_coding
ENSG00000188859,2,2,1.502519235878081,up,FAM78B,protein_coding
ENSG00000189129,2,5,-1.248531035834203,down,PLAC9,protein_coding
ENSG00000189221,2,8,-0.9169586424558093,down,MAOA,protein_coding
ENSG00000189292,2,3,-1.3980235300940678,down,ALKAL2,protein_coding
ENSG00000189337,2,2,1.382601019027261,up,KAZN,protein_coding
ENSG00000189377,2,3,0.9020611469441882,up,CXCL17,protein_coding
ENSG00000189430,2,4,-0.8753440860906556,down,NCR1,protein_coding
ENSG00000196091,2,2,-1.0921734015820856,down,MYBPC1,protein_coding
ENSG00000196188,2,8,1.4653931319132454,up,CTSE,protein_coding
ENSG00000196196,2,2,-1.4159530986677882,down,HRCT1,protein_coding
ENSG00000196208,2,3,1.7487638609537821,up,GREB1,protein_coding
ENSG00000196220,2,4,1.3169076080867397,up,SRGAP3,protein_coding
ENSG00000196329,2,4,-0.5249585840193107,down,GIMAP5,protein_coding
ENSG00000196353,2,5,1.6299244184426775,up,CPNE4,protein_coding
ENSG00000196460,2,3,1.30680081044665,up,RFX8,protein_coding
ENSG00000196611,2,12,3.346527427060204,up,MMP1,protein_coding
ENSG00000196616,2,23,-1.8197474923070587,down,ADH1B,protein_coding
ENSG00000196639,2,7,1.523502387645621,up,HRH1,protein_coding
ENSG00000196711,2,4,1.9387826544709412,up,ALKAL1,protein_coding
ENSG00000196739,2,3,1.569489013071574,up,COL27A1,protein_coding
ENSG00000196743,2,1,1.2938081599297637,up,GM2A,protein_coding
ENSG00000197046,2,5,1.5248162466422681,up,SIGLEC15,protein_coding
ENSG00000197085,2,3,1.5060086319057169,up,NPSR1-AS1,lncRNA
ENSG00000197238,2,2,1.4697056499839887,up,HIST1H4J,protein_coding
ENSG00000197279,2,2,-1.0931805193334911,down,ZNF165,protein_coding
ENSG00000197415,2,9,-1.7618379221059466,down,VEPH1,protein_coding
ENSG00000197506,2,9,1.9798990395047134,up,SLC28A3,protein_coding
ENSG00000197540,2,4,-1.6300985942843553,down,GZMM,protein_coding
ENSG00000197565,2,2,1.1991438835761945,up,COL4A6,protein_coding
ENSG00000197635,2,2,2.260519331850087,up,DPP4,protein_coding
ENSG00000197766,2,4,-1.746049952208752,down,CFD,protein_coding
ENSG00000197953,2,2,-1.6170642971531537,down,AADACL2,protein_coding
ENSG00000197977,2,3,1.8928692241064657,up,ELOVL2,protein_coding
ENSG00000198108,2,2,1.3343689244790287,up,CHSY3,protein_coding
ENSG00000198203,2,3,1.5225187475410786,up,SULT1C2,protein_coding
ENSG00000198246,2,1,1.2692305846178948,up,SLC29A3,protein_coding
ENSG00000198417,2,2,-1.258634532788098,down,MT1F,protein_coding
ENSG00000198467,2,2,1.5049763358491406,up,TPM2,protein_coding
ENSG00000198478,2,1,1.7046813413672866,up,SH3BGRL2,protein_coding
ENSG00000198483,2,3,1.0332498858286767,up,ANKRD35,protein_coding
ENSG00000198488,2,2,1.4717142933597445,up,B3GNT6,protein_coding
ENSG00000198515,2,2,1.6891964008019436,up,CNGA1,protein_coding
ENSG00000198523,2,3,1.1322355192786642,up,PLN,protein_coding
ENSG00000198535,2,1,1.4929663041823258,up,C2CD4A,protein_coding
ENSG00000198598,2,3,1.5726228211099482,up,MMP17,protein_coding
ENSG00000198626,2,3,1.1579169970271155,up,RYR2,protein_coding
ENSG00000198691,2,4,1.783068327062549,up,ABCA4,protein_coding
ENSG00000198805,2,2,-1.0518719137110852,down,PNP,protein_coding
ENSG00000198835,2,3,-0.39661610615787984,down,GJC2,protein_coding
ENSG00000198883,2,2,1.5363988501898338,up,PNMA5,protein_coding
ENSG00000198929,2,3,1.6702116684729456,up,NOS1AP,protein_coding
ENSG00000198959,2,2,1.1906368115749528,up,TGM2,protein_coding
ENSG00000203446,2,2,1.3705332435051703,up,AC004988.1,lncRNA
ENSG00000203585,2,2,1.309119294814073,up,LINC02408,lncRNA
ENSG00000203618,2,2,-1.8229610849852997,down,GP1BB,protein_coding
ENSG00000203635,2,2,2.343187515200631,up,AC144450.1,lncRNA
ENSG00000203697,2,2,1.7830118206385597,up,CAPN8,protein_coding
ENSG00000203706,2,3,1.3317132084904029,up,SERTAD4-AS1,lncRNA
ENSG00000203756,2,2,1.3699590968006596,up,TMEM244,protein_coding
ENSG00000203780,2,2,1.189677537817224,up,FANK1,protein_coding
ENSG00000204252,2,2,1.5005525321495174,up,HLA-DOA,protein_coding
ENSG00000204262,2,8,1.279567127055535,up,COL5A2,protein_coding
ENSG00000204305,2,19,-1.5571555457538988,down,AGER,protein_coding
ENSG00000204381,2,3,1.5832589016539136,up,LAYN,protein_coding
ENSG00000204385,2,3,1.5124792272531238,up,SLC44A4,protein_coding
ENSG00000204544,2,4,1.871402112877002,up,MUC21,protein_coding
ENSG00000204580,2,1,1.7066890015995,up,DDR1,protein_coding
ENSG00000204603,2,2,-1.5536711795937697,down,LINC01257,lncRNA
ENSG00000204832,2,2,-1.1404398648086485,down,ST8SIA6-AS1,lncRNA
ENSG00000204839,2,2,1.6249956819776608,up,MROH6,protein_coding
ENSG00000204929,2,2,1.7700171516617298,up,AC007389.1,lncRNA
ENSG00000205056,2,3,1.3132746418755428,up,LINC02397,lncRNA
ENSG00000205213,2,4,2.161305372231151,up,LGR4,protein_coding
ENSG00000205269,2,2,-1.0877927494612856,down,TMEM170B,protein_coding
ENSG00000205336,2,2,1.4928186347695103,up,ADGRG1,protein_coding
ENSG00000205364,2,9,-1.851372390759813,down,MT1M,protein_coding
ENSG00000205426,2,4,1.025162832239318,up,KRT81,protein_coding
ENSG00000205978,2,4,1.54570334874651,up,NYNRIN,protein_coding
ENSG00000206195,2,7,1.4688621975236855,up,DUXAP8,lncRNA
ENSG00000206417,2,1,-1.4033118308458388,down,H1FX-AS1,lncRNA
ENSG00000206560,2,3,1.0770887542841825,up,ANKRD28,protein_coding
ENSG00000206579,2,5,1.3795027814163126,up,XKR4,protein_coding
ENSG00000211445,2,13,-1.5323158660517795,down,GPX3,protein_coding
ENSG00000211448,2,1,1.7309371476574769,up,DIO2,protein_coding
ENSG00000211592,2,12,2.0405062006173225,up,IGKC,IG_C_gene
ENSG00000211675,2,7,1.9463608437572013,up,IGLC1,IG_C_gene
ENSG00000211677,2,8,2.1893240541027774,up,IGLC2,IG_C_gene
ENSG00000211679,2,2,1.9949372602219098,up,IGLC3,IG_C_gene
ENSG00000211892,2,16,2.8202425347248523,up,IGHG4,IG_C_gene
ENSG00000211895,2,7,1.9237944264776223,up,IGHA1,IG_C_gene
ENSG00000211896,2,19,1.9837139071384184,up,IGHG1,IG_C_gene
ENSG00000211897,2,18,2.28261864250736,up,IGHG3,IG_C_gene
ENSG00000211949,2,2,11.832891861700915,up,IGHV3-23,IG_V_gene
ENSG00000213316,2,1,1.2947518814929975,up,LTC4S,protein_coding
ENSG00000213658,2,3,-0.3296099086636108,down,LAT,protein_coding
ENSG00000213981,2,3,-1.1653471154296644,down,AC007277.1,lncRNA
ENSG00000214803,2,2,-1.1978896317092291,down,AC090921.1,lncRNA
ENSG00000215915,2,3,1.2658897954670871,up,ATAD3C,protein_coding
ENSG00000221818,2,2,-1.3301673226373008,down,EBF2,protein_coding
ENSG00000221955,2,2,1.2895642360531183,up,SLC12A8,protein_coding
ENSG00000222032,2,3,1.7743838188922325,up,AC112721.2,lncRNA
ENSG00000223542,2,3,-1.3797480122181707,down,AL024497.1,lncRNA
ENSG00000223586,2,3,-0.6961043071162287,down,LINC01312,lncRNA
ENSG00000223749,2,7,1.142438898595638,up,MIR503HG,lncRNA
ENSG00000224063,2,2,-1.2386802829473127,down,AC007319.1,lncRNA
ENSG00000224101,2,2,-1.355744622833245,down,ELMO1-AS1,lncRNA
ENSG00000224137,2,3,1.4574431028101997,up,LINC01857,lncRNA
ENSG00000224478,2,2,1.1840223985548795,up,AL356417.1,lncRNA
ENSG00000224610,2,2,1.6335369231103722,up,AC108879.1,lncRNA
ENSG00000224658,2,2,-1.1617383328420274,down,AL513164.1,lncRNA
ENSG00000224821,2,5,2.2519454556738707,up,COL4A2-AS2,lncRNA
ENSG00000225194,2,4,-0.5166509800936274,down,LINC00092,lncRNA
ENSG00000225473,2,6,-1.567647920658783,down,ATP13A4-AS1,lncRNA
ENSG00000225506,2,2,-0.28624275697909757,down,CYP4A22-AS1,lncRNA
ENSG00000225614,2,3,1.4916462122468452,up,ZNF469,protein_coding
ENSG00000225879,2,2,1.537676014439593,up,AL513210.1,lncRNA
ENSG00000226149,2,3,-1.230981311155883,down,AL356124.1,lncRNA
ENSG00000226363,2,2,1.3660575638673522,up,HAGLROS,lncRNA
ENSG00000226383,2,3,2.002086710809669,up,LINC01876,lncRNA
ENSG00000226476,2,3,2.0734858628640076,up,LINC01748,lncRNA
ENSG00000226581,2,2,-1.1329756502302692,down,LINC02848,lncRNA
ENSG00000227028,2,2,1.18099451483932,up,SLC8A1-AS1,lncRNA
ENSG00000227036,2,3,1.803406708724866,up,LINC00511,lncRNA
ENSG00000227240,2,3,1.19476547687166,up,AL136456.1,lncRNA
ENSG00000227260,2,4,-0.8197892444438046,down,LINC01985,lncRNA
ENSG00000227274,2,3,-0.3399355421045729,down,AC005358.1,lncRNA
ENSG00000227496,2,3,1.476073173693141,up,AC099066.2,lncRNA
ENSG00000227544,2,3,-1.348524972294135,down,AC018647.1,lncRNA
ENSG00000227741,2,2,-1.4179007138624826,down,AL121987.2,lncRNA
ENSG00000227906,2,2,1.652549724634783,up,SNAP25-AS1,lncRNA
ENSG00000227925,2,3,1.90012890409175,up,LINC01655,lncRNA
ENSG00000227954,2,4,-1.25310761549843,down,TARID,lncRNA
ENSG00000228035,2,1,-1.378319897742999,down,NGF-AS1,lncRNA
ENSG00000228208,2,2,1.2429640559046238,up,C1orf143,lncRNA
ENSG00000228253,2,4,1.395340060835192,up,MT-ATP8,protein_coding
ENSG00000228340,2,2,1.6137775837436275,up,MIR646HG,lncRNA
ENSG00000228548,2,2,-1.229913488142103,down,ITPKB-AS1,lncRNA
ENSG00000228553,2,3,-0.37747318992544826,down,AL389885.1,lncRNA
ENSG00000228643,2,2,-1.4890476597893367,down,AC079779.2,lncRNA
ENSG00000228863,2,4,-1.3884711412049433,down,AL121985.1,lncRNA
ENSG00000228918,2,2,1.1775780844666146,up,LINC01344,lncRNA
ENSG00000229056,2,2,1.7392815546407783,up,HECW2-AS1,lncRNA
ENSG00000229267,2,2,-1.6523685420509673,down,SNHG31,lncRNA
ENSG00000229291,2,3,-1.143062784158208,down,LINC02768,lncRNA
ENSG00000229498,2,2,-1.2637325380283382,down,AC105053.1,lncRNA
ENSG00000229664,2,3,-0.44858938529112646,down,AL137186.1,lncRNA
ENSG00000230107,2,2,1.308303956598499,up,AL022316.1,lncRNA
ENSG00000230186,2,2,-1.6822422591644302,down,AC246680.1,lncRNA
ENSG00000230310,2,2,3.2712679695576234,up,AC010422.1,lncRNA
ENSG00000230379,2,3,-0.2913945998946124,down,AP000146.1,lncRNA
ENSG00000230387,2,5,-0.9283507744657558,down,AL118508.1,lncRNA
ENSG00000230910,2,4,-1.2052759608080374,down,AL391807.1,lncRNA
ENSG00000231105,2,2,2.1224108654699614,up,AL031728.1,lncRNA
ENSG00000231106,2,3,2.6915449604989137,up,LINC01436,lncRNA
ENSG00000231150,2,2,1.8287716570488788,up,AL034345.2,lncRNA
ENSG00000231160,2,3,-1.7205567727866802,down,KLF3-AS1,lncRNA
ENSG00000231367,2,2,-1.0579975915970978,down,LINC02613,lncRNA
ENSG00000231507,2,3,-0.36580131427295304,down,LINC01353,lncRNA
ENSG00000231749,2,1,-1.1354671768823827,down,ABCA9-AS1,lncRNA
ENSG00000231789,2,3,1.4735931767738852,up,PIK3CD-AS2,lncRNA
ENSG00000231943,2,3,-1.5001599483661636,down,PGM5P4-AS1,lncRNA
ENSG00000231985,2,3,-1.2403952250561405,down,AL354949.1,lncRNA
ENSG00000232006,2,4,1.4015009757470336,up,AC005537.1,lncRNA
ENSG00000232021,2,2,1.4289651821038338,up,LEF1-AS1,lncRNA
ENSG00000232093,2,2,-1.9741203834780015,down,DCST1-AS1,lncRNA
ENSG00000232124,2,2,1.711840158297663,up,AP001057.1,lncRNA
ENSG00000232192,2,2,1.371600677420892,up,KIF26B-AS1,lncRNA
ENSG00000232234,2,8,-1.2936476557099768,down,AL355499.1,lncRNA
ENSG00000232310,2,4,1.2193501090531365,up,AL078590.2,lncRNA
ENSG00000232363,2,3,-0.5695307204320145,down,AL021391.1,lncRNA
ENSG00000232618,2,3,-1.1637780609104107,down,AL355304.1,lncRNA
ENSG00000232679,2,8,2.2615922856973025,up,LINC01705,lncRNA
ENSG00000232748,2,3,-1.0815997351705764,down,AC135050.1,lncRNA
ENSG00000232827,2,3,-1.2515440192197171,down,LINC01189,lncRNA
ENSG00000232949,2,2,-1.121231115529638,down,AC002480.2,lncRNA
ENSG00000233392,2,4,0.7068577693468318,up,AC104809.2,lncRNA
ENSG00000233493,2,8,-2.0211837634045953,down,TMEM238,protein_coding
ENSG00000233682,2,1,1.6327223417038828,up,AL356417.2,lncRNA
ENSG00000233729,2,3,-1.0551904443943088,down,NCKAP5-AS1,lncRNA
ENSG00000233968,2,2,1.0948399250508365,up,AL157895.1,lncRNA
ENSG00000234184,2,2,1.1903900318582177,up,LINC01781,lncRNA
ENSG00000234279,2,2,-1.292427912809101,down,LINC01937,lncRNA
ENSG00000234281,2,7,-1.5350075221554034,down,LANCL1-AS1,lncRNA
ENSG00000234380,2,4,1.4489083374722933,up,LINC01426,lncRNA
ENSG00000234477,2,2,1.6442235507031722,up,AC004231.1,lncRNA
ENSG00000234693,2,2,-1.3229920079470696,down,AL353653.1,lncRNA
ENSG00000234840,2,3,-2.4452050809199637,down,LINC01239,lncRNA
ENSG00000234906,2,6,1.4927038993334285,up,APOC2,protein_coding
ENSG00000235098,2,2,1.7022265227532856,up,ANKRD65,protein_coding
ENSG00000235304,2,1,2.1748594796987737,up,LINC01281,lncRNA
ENSG00000235531,2,2,1.2000888421882472,up,MSC-AS1,lncRNA
ENSG00000235532,2,2,1.476778551765911,up,LINC00402,lncRNA
ENSG00000235904,2,2,1.692356781710159,up,RBMS3-AS3,lncRNA
ENSG00000236069,2,2,1.5429838943013365,up,AL136987.1,lncRNA
ENSG00000236107,2,2,-1.4283261277251105,down,SCN1A-AS1,lncRNA
ENSG00000236212,2,3,1.994759061808761,up,AC009262.1,lncRNA
ENSG00000236333,2,5,-1.2718579855967975,down,TRHDE-AS1,lncRNA
ENSG00000236532,2,2,-1.3999346637413888,down,LINC01695,lncRNA
ENSG00000237400,2,4,-0.6822101003847356,down,AC006960.2,lncRNA
ENSG00000237413,2,2,-1.1789984642070441,down,AC096531.2,lncRNA
ENSG00000237460,2,2,1.9586241602776269,up,LINC01661,lncRNA
ENSG00000237505,2,2,1.1807538438806868,up,PKN2-AS1,lncRNA
ENSG00000237596,2,5,-1.2745277227347007,down,AL138828.1,lncRNA
ENSG00000237914,2,2,1.4600139950630022,up,SIRPG-AS1,lncRNA
ENSG00000237943,2,2,-1.5212843562823566,down,PRKCQ-AS1,lncRNA
ENSG00000237978,2,10,1.3873525298220386,up,KCNMB2-AS1,lncRNA
ENSG00000238042,2,4,1.881717200884337,up,LINC02257,lncRNA
ENSG00000238057,2,2,-1.2811264303174692,down,ZEB2-AS1,lncRNA
ENSG00000238755,2,12,-1.432216540257482,down,LINC02006,lncRNA
ENSG00000239268,2,9,-1.7809542120470896,down,AC092691.1,lncRNA
ENSG00000240405,2,3,1.4024200315130608,up,SAMMSON,lncRNA
ENSG00000240505,2,4,0.9036002968494576,up,TNFRSF13B,protein_coding
ENSG00000240521,2,2,-1.1138384034816378,down,AC092979.1,lncRNA
ENSG00000240541,2,4,1.3601254263475147,up,TM4SF1-AS1,lncRNA
ENSG00000241359,2,4,1.5608499845598551,up,SYNPR-AS1,lncRNA
ENSG00000241397,2,3,-0.8283775031683961,down,LINC00903,lncRNA
ENSG00000241644,2,7,-1.1733524205342107,down,INMT,protein_coding
ENSG00000241697,2,2,-1.1895955283906505,down,TMEFF1,protein_coding
ENSG00000241935,2,2,-1.5632625230887787,down,HOGA1,protein_coding
ENSG00000242258,2,2,1.3053089706227612,up,LINC00996,lncRNA
ENSG00000242550,2,4,-2.48121850567475,down,SERPINB10,protein_coding
ENSG00000242753,2,2,1.9891095461367432,up,AL445430.2,lncRNA
ENSG00000242816,2,4,-1.2945958260640993,down,AC092691.3,lncRNA
ENSG00000243449,2,10,1.5545875324797886,up,C4orf48,protein_coding
ENSG00000243819,2,2,-1.1800862221466206,down,RN7SL832P,lncRNA
ENSG00000244124,2,4,-0.6424524600314208,down,ATP1B3-AS1,lncRNA
ENSG00000244239,2,2,1.5551162850570783,up,AC007009.1,lncRNA
ENSG00000244482,2,2,-1.464326357242936,down,LILRA6,protein_coding
ENSG00000244558,2,4,-1.5676702453688767,down,KCNK15-AS1,lncRNA
ENSG00000245112,2,2,-1.2609470069123885,down,SMARCA5-AS1,lncRNA
ENSG00000245248,2,3,1.2860577657285999,up,USP2-AS1,lncRNA
ENSG00000245750,2,4,1.437546978657514,up,DRAIC,lncRNA
ENSG00000248222,2,3,-1.201130860187595,down,AC011389.1,lncRNA
ENSG00000248307,2,2,-1.2753475246557557,down,LINC00616,lncRNA
ENSG00000248360,2,3,1.2533406787998163,up,LINC00504,lncRNA
ENSG00000248388,2,3,-1.5553954916876673,down,AC093801.1,lncRNA
ENSG00000248540,2,2,1.7367776746312231,up,AC010931.2,lncRNA
ENSG00000248927,2,3,1.570167791385851,up,AC114284.1,lncRNA
ENSG00000248964,2,2,1.6712046645995575,up,AC131254.1,lncRNA
ENSG00000249001,2,3,2.013386465114326,up,AC093895.1,lncRNA
ENSG00000249035,2,2,-1.1140944836978286,down,CLMAT3,lncRNA
ENSG00000249167,2,2,-1.146507899957241,down,SEMA6A-AS2,lncRNA
ENSG00000249364,2,12,-1.6058878224889144,down,AC112206.2,lncRNA
ENSG00000249992,2,3,0.6762692869505322,up,TMEM158,protein_coding
ENSG00000249993,2,3,1.3318459378149223,up,BFSP2-AS1,lncRNA
ENSG00000249998,2,2,-1.1673733568370697,down,AC106894.1,lncRNA
ENSG00000250295,2,4,-0.9214524797024617,down,RDH10-AS1,lncRNA
ENSG00000250334,2,1,1.49429568164388,up,LINC00989,lncRNA
ENSG00000250354,2,3,-1.3149234860522356,down,AC069272.1,lncRNA
ENSG00000250383,2,3,-1.2442357413141558,down,AC008871.1,lncRNA
ENSG00000250493,2,2,-1.2614811297425375,down,AP004147.1,lncRNA
ENSG00000250863,2,2,2.1362704374751273,up,AC114757.1,lncRNA
ENSG00000250891,2,2,-1.2546545459170353,down,LINC02208,lncRNA
ENSG00000250934,2,3,-1.4087832879707243,down,AC016924.1,lncRNA
ENSG00000250954,2,3,-0.3160034380841801,down,AC016687.3,lncRNA
ENSG00000251138,2,3,2.3945829933231164,up,AC090015.1,lncRNA
ENSG00000251170,2,3,-0.8590243840402821,down,AC004052.1,lncRNA
ENSG00000251216,2,3,-0.5558614370622285,down,AC106895.2,lncRNA
ENSG00000251388,2,2,1.0454512823430608,up,AC079380.1,lncRNA
ENSG00000251598,2,2,-0.28063603372831564,down,AC093916.1,lncRNA
ENSG00000251680,2,2,1.3025353871213343,up,AC008591.1,lncRNA
ENSG00000253116,2,2,-1.0507632435018874,down,AC027698.1,lncRNA
ENSG00000253309,2,2,-1.1562086056198155,down,SERPINE3,protein_coding
ENSG00000253397,2,1,-1.7802561327286694,down,AC069113.2,lncRNA
ENSG00000253398,2,2,-1.164203957171035,down,AC021733.2,lncRNA
ENSG00000253490,2,3,2.236671385628089,up,LINC02099,lncRNA
ENSG00000253629,2,2,-1.2372549030050302,down,AP000426.1,lncRNA
ENSG00000253666,2,2,1.8636004432335802,up,AP000424.1,lncRNA
ENSG00000253736,2,2,-1.1113646220029407,down,AC022217.3,lncRNA
ENSG00000253755,2,17,1.8229527574937492,up,IGHGP,IG_C_pseudogene
ENSG00000254119,2,2,1.447125461796657,up,LINC02842,lncRNA
ENSG00000254254,2,4,-1.166678842031018,down,AC012349.1,lncRNA
ENSG00000254560,2,4,1.9920186318880346,up,BBOX1-AS1,lncRNA
ENSG00000254726,2,2,1.7775372414706885,up,MEX3A,protein_coding
ENSG00000255101,2,2,3.393172923659265,up,AC103843.1,lncRNA
ENSG00000255109,2,3,-0.6300093358768671,down,LINC02740,lncRNA
ENSG00000255148,2,3,-0.5563083470003143,down,AC239802.2,lncRNA
ENSG00000255191,2,1,-1.152624612278959,down,AP003555.2,lncRNA
ENSG00000255346,2,2,1.3063769341814737,up,NOX5,protein_coding
ENSG00000255446,2,5,-1.9957065705796981,down,AP003064.2,lncRNA
ENSG00000255545,2,3,2.1636894054197047,up,AP004608.1,lncRNA
ENSG00000255595,2,7,2.27825108421362,up,AC007368.1,lncRNA
ENSG00000255737,2,2,1.3795460898270018,up,AGAP2-AS1,lncRNA
ENSG00000255886,2,2,1.458206768456769,up,AC020611.2,lncRNA
ENSG00000256039,2,2,-1.4938441924955341,down,LINC02446,lncRNA
ENSG00000256287,2,7,1.4846889078007273,up,LINC02398,lncRNA
ENSG00000256422,2,2,-1.4240085433512082,down,LINC02552,lncRNA
ENSG00000256618,2,7,1.8805081753822073,up,MTRNR2L1,protein_coding
ENSG00000256916,2,2,2.075205396136544,up,AP000851.1,lncRNA
ENSG00000257219,2,2,1.7324735331649355,up,LNCOG,lncRNA
ENSG00000257277,2,2,-1.1979173910919212,down,AC092652.2,lncRNA
ENSG00000257585,2,2,2.340717530344506,up,LINC00609,lncRNA
ENSG00000257663,2,6,-1.4254079615740134,down,AC025259.1,lncRNA
ENSG00000258162,2,1,1.1369271414387776,up,AC069228.1,lncRNA
ENSG00000258232,2,3,-1.2626221226413596,down,AC125611.3,lncRNA
ENSG00000258302,2,3,-1.1098855294752743,down,AC025034.1,lncRNA
ENSG00000258312,2,2,1.1588173674796016,up,AC016152.1,lncRNA
ENSG00000258498,2,5,-1.6704476507770936,down,DIO3OS,lncRNA
ENSG00000258520,2,2,-1.0363775177160077,down,AL359317.1,lncRNA
ENSG00000258569,2,2,1.134172038458927,up,AC007376.2,lncRNA
ENSG00000258572,2,2,1.2887007530402994,up,AL133467.1,lncRNA
ENSG00000258766,2,1,1.3204768169832048,up,DIO2-AS1,lncRNA
ENSG00000258851,2,3,-1.151074077473399,down,AL139300.2,lncRNA
ENSG00000258908,2,2,-1.4594486283558619,down,AL355075.3,lncRNA
ENSG00000258912,2,2,-1.197128491605113,down,LINC02316,lncRNA
ENSG00000258947,2,9,1.7255170193508285,up,TUBB3,protein_coding
ENSG00000258949,2,3,-1.1534846287448506,down,AL049870.3,lncRNA
ENSG00000258955,2,3,0.6509464267486773,up,LINC00519,lncRNA
ENSG00000259007,2,3,-1.0977597016108271,down,AL358333.3,lncRNA
ENSG00000259097,2,2,1.048677967708298,up,AL163932.1,lncRNA
ENSG00000259104,2,2,1.6617465465922032,up,PTCSC3,lncRNA
ENSG00000259125,2,2,-1.4008063315166863,down,LRP1-AS,lncRNA
ENSG00000259225,2,4,1.1818114176689227,up,LINC02345,lncRNA
ENSG00000259342,2,3,1.7212375472204182,up,AC025580.1,lncRNA
ENSG00000259417,2,3,-1.3106936526112922,down,CTXND1,protein_coding
ENSG00000259426,2,2,1.1207754083730406,up,AC027237.3,lncRNA
ENSG00000259471,2,2,-1.2866171014910464,down,LINC01169,lncRNA
ENSG00000259544,2,3,-1.3997698523681146,down,AC021739.4,lncRNA
ENSG00000259583,2,2,1.6326750211136,up,AC015712.2,lncRNA
ENSG00000259925,2,1,1.8747106477982296,up,AC130456.2,lncRNA
ENSG00000260001,2,4,-0.656853504347201,down,TGFBR3L,protein_coding
ENSG00000260027,2,3,1.68851228281565,up,HOXB7,protein_coding
ENSG00000260177,2,2,-1.3141744051321347,down,AC126696.1,lncRNA
ENSG00000260253,2,2,-1.4188699175394053,down,AC084262.1,lncRNA
ENSG00000260289,2,2,1.920338752073092,up,AC093515.1,lncRNA
ENSG00000260455,2,6,1.2667988428636503,up,NBAT1,lncRNA
ENSG00000260468,2,4,-1.1951874641047389,down,LINC01290,lncRNA
ENSG00000260633,2,2,-1.0741324273451947,down,AC010207.1,lncRNA
ENSG00000260641,2,2,1.3941288881358394,up,AC114811.2,lncRNA
ENSG00000260658,2,5,1.3119639233728284,up,AC138305.1,lncRNA
ENSG00000260695,2,2,1.1500608784580588,up,AC022164.1,lncRNA
ENSG00000260823,2,4,-0.9699375482947865,down,AC026461.3,lncRNA
ENSG00000260832,2,2,-1.5223532166442204,down,AC125793.1,lncRNA
ENSG00000260997,2,4,-0.5650105510430012,down,AC004847.1,lncRNA
ENSG00000261039,2,1,1.4049997551417999,up,LINC02544,lncRNA
ENSG00000261115,2,3,1.2343685951968462,up,TMEM178B,protein_coding
ENSG00000261150,2,1,1.7470082966269649,up,EPPK1,protein_coding
ENSG00000261193,2,3,-1.28747535948926,down,AC134312.4,lncRNA
ENSG00000261253,2,2,1.404150344189325,up,AC137932.2,lncRNA
ENSG00000261327,2,2,1.7712649732767423,up,AC134312.5,lncRNA
ENSG00000261573,2,3,-1.336189907608599,down,AL157402.2,lncRNA
ENSG00000261592,2,2,-1.2235121152626924,down,AC010531.3,lncRNA
ENSG00000262370,2,2,-1.119855132616703,down,AC108134.3,lncRNA
ENSG00000263417,2,3,1.1637704446863772,up,GTSCR1,lncRNA
ENSG00000263424,2,4,-1.2165427516406278,down,AC110597.3,lncRNA
ENSG00000263594,2,1,-1.067991868180159,down,AC022655.1,lncRNA
ENSG00000263655,2,2,1.9854895228566554,up,AC090125.1,lncRNA
ENSG00000263756,2,3,-1.5190580643014606,down,AL645941.3,lncRNA
ENSG00000263787,2,2,-1.4285242027219,down,SKAP1-AS1,lncRNA
ENSG00000264000,2,1,-1.614684832930029,down,AP005059.1,lncRNA
ENSG00000264707,2,3,1.5123048795400327,up,L3MBTL4-AS1,lncRNA
ENSG00000264825,2,2,-1.2243562258169254,down,AC091588.2,lncRNA
ENSG00000265107,2,3,-0.33228370651864075,down,GJA5,protein_coding
ENSG00000266088,2,2,1.071564591469413,up,AC004585.1,lncRNA
ENSG00000266524,2,4,-1.314554020428872,down,GDF10,protein_coding
ENSG00000266677,2,3,-1.1098396947588847,down,AC087164.1,lncRNA
ENSG00000266835,2,2,1.3330694819029947,up,GAPLINC,lncRNA
ENSG00000267107,2,2,-1.3009011564274033,down,PCAT19,lncRNA
ENSG00000267397,2,2,-1.2863914351275851,down,AC090229.1,lncRNA
ENSG00000267458,2,2,1.07232056738948,up,AC092069.1,lncRNA
ENSG00000267467,2,2,1.170485420025491,up,APOC4,protein_coding
ENSG00000267489,2,3,-1.609515624715433,down,LINC01837,lncRNA
ENSG00000267568,2,2,1.255016350744882,up,AC016168.2,lncRNA
ENSG00000267607,2,5,-1.2369921617065824,down,AC011511.5,lncRNA
ENSG00000267795,2,3,1.7980850715574082,up,SMIM22,protein_coding
ENSG00000268104,2,10,-1.5913566422555445,down,SLC6A14,protein_coding
ENSG00000268416,2,5,-1.597589774085011,down,AC010329.1,lncRNA
ENSG00000269124,2,6,-1.4963136905207848,down,AC007193.2,lncRNA
ENSG00000269959,2,3,-1.1942020387367644,down,SPACA6P-AS,lncRNA
ENSG00000270071,2,2,-1.360827877430888,down,AP001172.1,lncRNA
ENSG00000270164,2,2,1.718188221266032,up,LINC01480,lncRNA
ENSG00000270547,2,5,1.243923203461195,up,LINC01235,lncRNA
ENSG00000270571,2,2,1.5316429228317658,up,AC007681.1,lncRNA
ENSG00000271216,2,3,1.5460760939614193,up,LINC01050,lncRNA
ENSG00000271857,2,2,1.575276334946789,up,AL096865.1,lncRNA
ENSG00000271952,2,3,1.2583037829459316,up,LINC01954,lncRNA
ENSG00000272168,2,9,1.5654555662822844,up,CASC15,lncRNA
ENSG00000272282,2,2,1.2083174552845266,up,LINC02084,lncRNA
ENSG00000272398,2,16,1.8196684139639985,up,CD24,protein_coding
ENSG00000272512,2,4,-0.659784999741621,down,AL645608.7,lncRNA
ENSG00000272568,2,3,-1.3078506486679446,down,AC005162.3,lncRNA
ENSG00000272573,2,2,-0.3905528529548176,down,MUSTN1,protein_coding
ENSG00000272736,2,2,1.4885886547532283,up,AC005323.2,lncRNA
ENSG00000273079,2,2,1.2760292569296194,up,GRIN2B,protein_coding
ENSG00000273172,2,2,-1.2679551829623832,down,LINC02091,lncRNA
ENSG00000273320,2,2,-1.2502302974321071,down,AC007032.1,lncRNA
ENSG00000273348,2,2,-1.2284864376389493,down,AC027449.1,lncRNA
ENSG00000273415,2,2,1.9972820021882456,up,LINC02725,lncRNA
ENSG00000273445,2,2,1.5739785651997888,up,AC133644.2,lncRNA
ENSG00000273805,2,2,-1.3543548543225146,down,AC083805.3,lncRNA
ENSG00000274383,2,2,1.1365326246737495,up,AC103691.1,lncRNA
ENSG00000275342,2,1,1.24199551828144,up,PRAG1,protein_coding
ENSG00000275385,2,13,1.3939780783186577,up,CCL18,protein_coding
ENSG00000275395,2,5,1.7934495174445801,up,FCGBP,protein_coding
ENSG00000276023,2,3,1.221197735531413,up,DUSP14,protein_coding
ENSG00000276170,2,4,-0.6587877443992303,down,AC244153.1,lncRNA
ENSG00000276644,2,3,-1.2032354615948637,down,DACH1,protein_coding
ENSG00000277369,2,2,1.2758226834448203,up,AC010654.1,lncRNA
ENSG00000277631,2,2,-1.5117014143591008,down,PGM5P3-AS1,lncRNA
ENSG00000277639,2,5,1.4397493196942335,up,AC007906.2,protein_coding
ENSG00000277734,2,2,1.1421582384689937,up,TRAC,TR_C_gene
ENSG00000278057,2,4,-1.2502218300366368,down,TEX28,protein_coding
ENSG00000278158,2,2,1.8800889260108085,up,AP001059.3,lncRNA
ENSG00000278996,2,6,0.9614503961208024,up,FP671120.4,lncRNA
ENSG00000279082,2,3,1.2723503122838729,up,LINC01727,lncRNA
ENSG00000281131,2,4,0.7310043438569322,up,SCHLAP1,lncRNA
ENSG00000281852,2,8,-0.7459581760688392,down,LINC00891,lncRNA
ENSG00000282849,2,3,1.5482179883157032,up,AL359834.1,lncRNA
ENSG00000283199,2,3,-1.0742494165059837,down,C13orf46,protein_coding
ENSG00000283579,2,2,-1.3851006184804278,down,AL160035.1,lncRNA
ENSG00000284954,2,3,-0.2951927044596223,down,AL662884.3,lncRNA
ENSG00000285108,2,3,2.103708660436983,up,AC103718.1,lncRNA
ENSG00000285492,2,1,1.4271674783631063,up,AL356417.3,lncRNA
ENSG00000285552,2,2,1.4099682598910084,up,AC114977.1,lncRNA
ENSG00000285631,2,2,1.7203937455313136,up,AC097105.1,lncRNA
ENSG00000285744,2,3,-1.328004761730721,down,AC083837.1,lncRNA
ENSG00000285783,2,1,-1.1340576067639465,down,AC098588.3,lncRNA
ENSG00000285820,2,3,1.2153136821223756,up,AL157829.1,lncRNA
ENSG00000285847,2,3,-1.189830526276168,down,AL713852.1,lncRNA
ENSG00000285848,2,2,-1.3118657251691639,down,AC025280.3,lncRNA
ENSG00000285867,2,2,-1.1402441164849355,down,BX470102.2,lncRNA
ENSG00000285973,2,2,-1.2167749556894483,down,AC063960.2,lncRNA
ENSG00000286042,2,1,2.8889119650649184,up,LCAL1,lncRNA
ENSG00000286082,2,2,1.138661872841802,up,AL133493.1,lncRNA
ENSG00000286256,2,2,-1.1815808607892329,down,AC084871.3,lncRNA
ENSG00000286282,2,3,-1.380577164001183,down,AC021733.4,lncRNA
ENSG00000286313,2,2,1.4367440776219176,up,AL360178.1,lncRNA
ENSG00000286410,2,4,-1.1753182876511088,down,AC089985.1,lncRNA
ENSG00000286451,2,2,1.8632246244560218,up,AL499602.1,lncRNA
ENSG00000286494,2,10,-1.4699696783986052,down,AC022325.2,lncRNA
ENSG00000286521,2,2,-1.083218929809756,down,AC107881.1,lncRNA
ENSG00000286618,2,6,2.0368420606221336,up,AC131944.1,lncRNA
ENSG00000286685,2,2,1.4094131578769473,up,AL158077.2,lncRNA
ENSG00000286811,2,17,1.8730736308731561,up,AL353138.1,lncRNA
ENSG00000286854,2,2,-1.3070427141538585,down,AC079382.2,lncRNA
ENSG00000286887,2,3,-0.44312530443786335,down,AL355881.1,lncRNA
ENSG00000286974,2,4,-1.1931652226978255,down,AL662884.5,lncRNA
ENSG00000287012,2,2,-1.1524407014665945,down,AC108667.2,lncRNA
ENSG00000287124,2,2,-1.1257557029315248,down,AL512603.2,lncRNA
ENSG00000287271,2,2,-1.1505491988598489,down,AC011455.6,lncRNA
ENSG00000287293,2,2,-1.2098457492176384,down,AL357054.5,lncRNA
ENSG00000287335,2,3,1.1995090140865954,up,AL139351.3,lncRNA
ENSG00000287382,2,5,0.6922593599121327,up,AC110611.2,lncRNA
ENSG00000287426,2,1,-1.5834226593656073,down,AP003327.2,lncRNA
ENSG00000287691,2,2,-1.2169459321515683,down,AL031602.2,lncRNA
ENSG00000287907,2,4,-1.3147968097044498,down,AC005909.2,lncRNA
ENSG00000287970,2,2,1.3656003127841059,up,AC245164.2,lncRNA
ENSG00000287979,2,2,1.267535562780494,up,AC253572.2,lncRNA
ENSG00000288015,2,4,1.147606790186458,up,AL159156.1,lncRNA
ENSG00000288064,2,3,-0.7449088891613452,down,AC067945.4,lncRNA
