position,srx,status,r2_file,timestamp,error
1/801,ERX11662371,success,clustered_20260509/ERX11662371_clustered.h5ad,2026-05-09 21:43:50,
3/801,ERX11662373,success,clustered_20260509/ERX11662373_clustered.h5ad,2026-05-09 21:43:52,
2/801,SRX19233503,success,clustered_20260509/SRX19233503_clustered.h5ad,2026-05-09 21:44:03,
4/801,ERX11662385,success,clustered_20260509/ERX11662385_clustered.h5ad,2026-05-09 21:44:28,
13/801,ERX8831394,success,clustered_20260509/ERX8831394_clustered.h5ad,2026-05-09 21:44:56,
8/801,ERX11662370,success,clustered_20260509/ERX11662370_clustered.h5ad,2026-05-09 21:45:54,
15/801,SRX20098024,success,clustered_20260509/SRX20098024_clustered.h5ad,2026-05-09 21:46:43,
9/801,ERX11662369,success,clustered_20260509/ERX11662369_clustered.h5ad,2026-05-09 21:47:03,
16/801,SRX22613097,success,clustered_20260509/SRX22613097_clustered.h5ad,2026-05-09 21:47:25,
17/801,SRX19233504,success,clustered_20260509/SRX19233504_clustered.h5ad,2026-05-09 21:48:36,
5/801,ERX11662357,success,clustered_20260509/ERX11662357_clustered.h5ad,2026-05-09 21:49:14,
19/801,ERX11662375,success,clustered_20260509/ERX11662375_clustered.h5ad,2026-05-09 21:49:47,
14/801,ERX8831397,success,clustered_20260509/ERX8831397_clustered.h5ad,2026-05-09 21:50:00,
21/801,ERX11662384,success,clustered_20260509/ERX11662384_clustered.h5ad,2026-05-09 21:50:29,
23/801,SRX22613099,success,clustered_20260509/SRX22613099_clustered.h5ad,2026-05-09 21:51:47,
22/801,ERX11662361,success,clustered_20260509/ERX11662361_clustered.h5ad,2026-05-09 21:51:59,
24/801,SRX22613094,success,clustered_20260509/SRX22613094_clustered.h5ad,2026-05-09 21:52:14,
26/801,ERX11662382,success,clustered_20260509/ERX11662382_clustered.h5ad,2026-05-09 21:52:52,
25/801,SRX22613095,success,clustered_20260509/SRX22613095_clustered.h5ad,2026-05-09 21:53:39,
6/801,ERX11662360,success,clustered_20260509/ERX11662360_clustered.h5ad,2026-05-09 21:54:05,
20/801,ERX11662381,success,clustered_20260509/ERX11662381_clustered.h5ad,2026-05-09 21:54:55,
29/801,SRX22613098,success,clustered_20260509/SRX22613098_clustered.h5ad,2026-05-09 21:55:20,
10/801,ERX11662367,success,clustered_20260509/ERX11662367_clustered.h5ad,2026-05-09 21:55:39,
18/801,ERX11662376,success,clustered_20260509/ERX11662376_clustered.h5ad,2026-05-09 21:56:51,
31/801,ERX8831396,success,clustered_20260509/ERX8831396_clustered.h5ad,2026-05-09 21:57:09,
33/801,SRX10327362,success,clustered_20260509/SRX10327362_clustered.h5ad,2026-05-09 21:57:46,
11/801,ERX11662377,success,clustered_20260509/ERX11662377_clustered.h5ad,2026-05-09 21:59:25,
30/801,ERX11662338,success,clustered_20260509/ERX11662338_clustered.h5ad,2026-05-09 21:59:36,
36/801,ERX11876760,success,clustered_20260509/ERX11876760_clustered.h5ad,2026-05-09 21:59:37,
32/801,SRX19192164,success,clustered_20260509/SRX19192164_clustered.h5ad,2026-05-09 22:00:02,
38/801,ERX11876767,success,clustered_20260509/ERX11876767_clustered.h5ad,2026-05-09 22:00:20,
37/801,ERX11876763,success,clustered_20260509/ERX11876763_clustered.h5ad,2026-05-09 22:00:27,
35/801,ERX11876750,success,clustered_20260509/ERX11876750_clustered.h5ad,2026-05-09 22:00:30,
12/801,ERX11662378,success,clustered_20260509/ERX11662378_clustered.h5ad,2026-05-09 22:00:44,
34/801,SRX26771412,success,clustered_20260509/SRX26771412_clustered.h5ad,2026-05-09 22:01:22,
7/801,ERX11662364,success,clustered_20260509/ERX11662364_clustered.h5ad,2026-05-09 22:01:43,
27/801,ERX11662366,success,clustered_20260509/ERX11662366_clustered.h5ad,2026-05-09 22:01:53,
42/801,ERX11876753,success,clustered_20260509/ERX11876753_clustered.h5ad,2026-05-09 22:01:54,
40/801,ERX11876755,success,clustered_20260509/ERX11876755_clustered.h5ad,2026-05-09 22:02:00,
44/801,ERX11876768,success,clustered_20260509/ERX11876768_clustered.h5ad,2026-05-09 22:02:00,
41/801,ERX11876754,success,clustered_20260509/ERX11876754_clustered.h5ad,2026-05-09 22:02:10,
47/801,ERX11876765,success,clustered_20260509/ERX11876765_clustered.h5ad,2026-05-09 22:02:30,
43/801,ERX11876769,success,clustered_20260509/ERX11876769_clustered.h5ad,2026-05-09 22:02:47,
39/801,SRX18248070,success,clustered_20260509/SRX18248070_clustered.h5ad,2026-05-09 22:02:49,
50/801,SRX22996343,success,clustered_20260509/SRX22996343_clustered.h5ad,2026-05-09 22:03:00,
49/801,ERX11876770,success,clustered_20260509/ERX11876770_clustered.h5ad,2026-05-09 22:03:04,
45/801,ERX11876758,success,clustered_20260509/ERX11876758_clustered.h5ad,2026-05-09 22:03:17,
46/801,ERX11876751,success,clustered_20260509/ERX11876751_clustered.h5ad,2026-05-09 22:03:26,
56/801,SRX22996310,success,clustered_20260509/SRX22996310_clustered.h5ad,2026-05-09 22:03:59,
53/801,SRX22996385,success,clustered_20260509/SRX22996385_clustered.h5ad,2026-05-09 22:04:05,
55/801,SRX22996351,success,clustered_20260509/SRX22996351_clustered.h5ad,2026-05-09 22:04:06,
48/801,SRX26487574,success,clustered_20260509/SRX26487574_clustered.h5ad,2026-05-09 22:04:16,
51/801,SRX20407496,success,clustered_20260509/SRX20407496_clustered.h5ad,2026-05-09 22:04:42,
57/801,SRX25038166,success,clustered_20260509/SRX25038166_clustered.h5ad,2026-05-09 22:04:45,
59/801,SRX22996360,success,clustered_20260509/SRX22996360_clustered.h5ad,2026-05-09 22:04:55,
52/801,ERX11876748,success,clustered_20260509/ERX11876748_clustered.h5ad,2026-05-09 22:04:58,
62/801,SRX22996331,success,clustered_20260509/SRX22996331_clustered.h5ad,2026-05-09 22:05:08,
54/801,SRX24313469,success,clustered_20260509/SRX24313469_clustered.h5ad,2026-05-09 22:05:14,
64/801,SRX22996346,success,clustered_20260509/SRX22996346_clustered.h5ad,2026-05-09 22:05:32,
63/801,SRX22996320,success,clustered_20260509/SRX22996320_clustered.h5ad,2026-05-09 22:05:35,
65/801,SRX22996348,success,clustered_20260509/SRX22996348_clustered.h5ad,2026-05-09 22:05:44,
67/801,SRX22996378,success,clustered_20260509/SRX22996378_clustered.h5ad,2026-05-09 22:06:22,
66/801,SRX22996356,success,clustered_20260509/SRX22996356_clustered.h5ad,2026-05-09 22:06:32,
69/801,SRX22996333,success,clustered_20260509/SRX22996333_clustered.h5ad,2026-05-09 22:06:37,
68/801,SRX22996323,success,clustered_20260509/SRX22996323_clustered.h5ad,2026-05-09 22:06:37,
60/801,SRX26487567,success,clustered_20260509/SRX26487567_clustered.h5ad,2026-05-09 22:06:43,
76/801,SRX22146401,failed,,2026-05-09 22:06:45,"ValueError: Found array with 0 sample(s) (shape=(0, 0)) while a minimum of 1 is required."
70/801,SRX22996328,success,clustered_20260509/SRX22996328_clustered.h5ad,2026-05-09 22:06:47,
61/801,SRX26487572,success,clustered_20260509/SRX26487572_clustered.h5ad,2026-05-09 22:07:00,
58/801,SRX27313889,success,clustered_20260509/SRX27313889_clustered.h5ad,2026-05-09 22:07:00,
72/801,SRX22996322,success,clustered_20260509/SRX22996322_clustered.h5ad,2026-05-09 22:07:03,
73/801,SRX24732577,success,clustered_20260509/SRX24732577_clustered.h5ad,2026-05-09 22:07:10,
71/801,SRX22996369,success,clustered_20260509/SRX22996369_clustered.h5ad,2026-05-09 22:07:27,
81/801,SRX22159982,success,clustered_20260509/SRX22159982_clustered.h5ad,2026-05-09 22:07:52,
74/801,SRX10425169,success,clustered_20260509/SRX10425169_clustered.h5ad,2026-05-09 22:07:53,
28/801,ERX11662359,success,clustered_20260509/ERX11662359_clustered.h5ad,2026-05-09 22:07:54,
80/801,SRX22996382,success,clustered_20260509/SRX22996382_clustered.h5ad,2026-05-09 22:07:56,
82/801,SRX22996352,success,clustered_20260509/SRX22996352_clustered.h5ad,2026-05-09 22:07:59,
78/801,SRX20221194,success,clustered_20260509/SRX20221194_clustered.h5ad,2026-05-09 22:08:09,
83/801,SRX22996373,success,clustered_20260509/SRX22996373_clustered.h5ad,2026-05-09 22:08:14,
75/801,SRX22996392,success,clustered_20260509/SRX22996392_clustered.h5ad,2026-05-09 22:08:22,
84/801,SRX19844830,success,clustered_20260509/SRX19844830_clustered.h5ad,2026-05-09 22:08:33,
86/801,SRX22996309,success,clustered_20260509/SRX22996309_clustered.h5ad,2026-05-09 22:08:45,
91/801,SRX19844849,success,clustered_20260509/SRX19844849_clustered.h5ad,2026-05-09 22:08:55,
94/801,SRX19704124,failed,,2026-05-09 22:08:57,InsufficientCellsError: 51 cells remaining after filtering (threshold: 500)
90/801,SRX19886043,success,clustered_20260509/SRX19886043_clustered.h5ad,2026-05-09 22:09:09,
85/801,SRX17689201,success,clustered_20260509/SRX17689201_clustered.h5ad,2026-05-09 22:09:13,
87/801,SRX22996384,success,clustered_20260509/SRX22996384_clustered.h5ad,2026-05-09 22:09:22,
88/801,SRX19727430,success,clustered_20260509/SRX19727430_clustered.h5ad,2026-05-09 22:09:23,
79/801,SRX21460097,success,clustered_20260509/SRX21460097_clustered.h5ad,2026-05-09 22:09:24,
77/801,SRX21460119,success,clustered_20260509/SRX21460119_clustered.h5ad,2026-05-09 22:09:39,
92/801,SRX18248067,success,clustered_20260509/SRX18248067_clustered.h5ad,2026-05-09 22:09:44,
89/801,ERX11876757,success,clustered_20260509/ERX11876757_clustered.h5ad,2026-05-09 22:09:48,
97/801,SRX22996312,success,clustered_20260509/SRX22996312_clustered.h5ad,2026-05-09 22:09:53,
98/801,SRX22996341,success,clustered_20260509/SRX22996341_clustered.h5ad,2026-05-09 22:10:02,
96/801,SRX19886028,success,clustered_20260509/SRX19886028_clustered.h5ad,2026-05-09 22:10:04,
93/801,SRX19886032,success,clustered_20260509/SRX19886032_clustered.h5ad,2026-05-09 22:10:06,
101/801,SRX19844834,success,clustered_20260509/SRX19844834_clustered.h5ad,2026-05-09 22:10:32,
99/801,SRX22996316,success,clustered_20260509/SRX22996316_clustered.h5ad,2026-05-09 22:10:36,
103/801,SRX19844831,success,clustered_20260509/SRX19844831_clustered.h5ad,2026-05-09 22:10:40,
95/801,SRX23231247,success,clustered_20260509/SRX23231247_clustered.h5ad,2026-05-09 22:10:42,
106/801,SRX17689199,success,clustered_20260509/SRX17689199_clustered.h5ad,2026-05-09 22:10:48,
105/801,SRX22996388,success,clustered_20260509/SRX22996388_clustered.h5ad,2026-05-09 22:10:50,
102/801,SRX25038163,success,clustered_20260509/SRX25038163_clustered.h5ad,2026-05-09 22:10:58,
107/801,SRX19704151,success,clustered_20260509/SRX19704151_clustered.h5ad,2026-05-09 22:11:14,
110/801,SRX22996339,success,clustered_20260509/SRX22996339_clustered.h5ad,2026-05-09 22:11:22,
104/801,SRX19704161,success,clustered_20260509/SRX19704161_clustered.h5ad,2026-05-09 22:11:35,
108/801,SRX22996374,success,clustered_20260509/SRX22996374_clustered.h5ad,2026-05-09 22:11:47,
109/801,SRX19704122,success,clustered_20260509/SRX19704122_clustered.h5ad,2026-05-09 22:11:48,
111/801,SRX19886030,success,clustered_20260509/SRX19886030_clustered.h5ad,2026-05-09 22:11:50,
114/801,SRX19704126,success,clustered_20260509/SRX19704126_clustered.h5ad,2026-05-09 22:11:51,
115/801,ERX11876764,success,clustered_20260509/ERX11876764_clustered.h5ad,2026-05-09 22:12:07,
100/801,SRX25319036,success,clustered_20260509/SRX25319036_clustered.h5ad,2026-05-09 22:12:08,
112/801,SRX22996383,success,clustered_20260509/SRX22996383_clustered.h5ad,2026-05-09 22:12:09,
113/801,SRX22996334,success,clustered_20260509/SRX22996334_clustered.h5ad,2026-05-09 22:12:21,
117/801,SRX17689198,success,clustered_20260509/SRX17689198_clustered.h5ad,2026-05-09 22:12:29,
118/801,SRX17689200,success,clustered_20260509/SRX17689200_clustered.h5ad,2026-05-09 22:12:47,
121/801,SRX17689203,success,clustered_20260509/SRX17689203_clustered.h5ad,2026-05-09 22:12:47,
120/801,SRX17689204,success,clustered_20260509/SRX17689204_clustered.h5ad,2026-05-09 22:12:50,
122/801,SRX17689205,success,clustered_20260509/SRX17689205_clustered.h5ad,2026-05-09 22:12:51,
126/801,SRX22834774,success,clustered_20260509/SRX22834774_clustered.h5ad,2026-05-09 22:13:10,
123/801,SRX17689210,success,clustered_20260509/SRX17689210_clustered.h5ad,2026-05-09 22:13:14,
119/801,SRX17689197,success,clustered_20260509/SRX17689197_clustered.h5ad,2026-05-09 22:13:16,
127/801,SRX19727427,success,clustered_20260509/SRX19727427_clustered.h5ad,2026-05-09 22:13:26,
124/801,SRX17664572,success,clustered_20260509/SRX17664572_clustered.h5ad,2026-05-09 22:13:28,
116/801,SRX19704198,success,clustered_20260509/SRX19704198_clustered.h5ad,2026-05-09 22:13:38,
130/801,SRX22996325,success,clustered_20260509/SRX22996325_clustered.h5ad,2026-05-09 22:13:42,
128/801,SRX22226502,success,clustered_20260509/SRX22226502_clustered.h5ad,2026-05-09 22:13:44,
138/801,SRX17941758,failed,,2026-05-09 22:13:45,"ValueError: Found array with 0 sample(s) (shape=(0, 0)) while a minimum of 1 is required."
129/801,SRX22996344,success,clustered_20260509/SRX22996344_clustered.h5ad,2026-05-09 22:13:55,
125/801,SRX23619806,success,clustered_20260509/SRX23619806_clustered.h5ad,2026-05-09 22:13:55,
134/801,SRX17896694,success,clustered_20260509/SRX17896694_clustered.h5ad,2026-05-09 22:14:09,
135/801,SRX17689209,success,clustered_20260509/SRX17689209_clustered.h5ad,2026-05-09 22:14:11,
136/801,SRX17896691,success,clustered_20260509/SRX17896691_clustered.h5ad,2026-05-09 22:14:33,
131/801,SRX23619807,success,clustered_20260509/SRX23619807_clustered.h5ad,2026-05-09 22:14:37,
142/801,SRX24073315,success,clustered_20260509/SRX24073315_clustered.h5ad,2026-05-09 22:14:53,
132/801,SRX23619809,success,clustered_20260509/SRX23619809_clustered.h5ad,2026-05-09 22:14:53,
133/801,SRX23838225,success,clustered_20260509/SRX23838225_clustered.h5ad,2026-05-09 22:14:59,
143/801,SRX24073303,success,clustered_20260509/SRX24073303_clustered.h5ad,2026-05-09 22:14:59,
137/801,SRX16217005,success,clustered_20260509/SRX16217005_clustered.h5ad,2026-05-09 22:15:25,
147/801,SRX24073304,success,clustered_20260509/SRX24073304_clustered.h5ad,2026-05-09 22:15:43,
146/801,SRX24073324,success,clustered_20260509/SRX24073324_clustered.h5ad,2026-05-09 22:15:46,
145/801,SRX24073302,success,clustered_20260509/SRX24073302_clustered.h5ad,2026-05-09 22:16:12,
141/801,SRX12868714,success,clustered_20260509/SRX12868714_clustered.h5ad,2026-05-09 22:16:19,
139/801,SRX16217016,success,clustered_20260509/SRX16217016_clustered.h5ad,2026-05-09 22:16:39,
151/801,SRX24073325,success,clustered_20260509/SRX24073325_clustered.h5ad,2026-05-09 22:16:42,
150/801,SRX24073314,success,clustered_20260509/SRX24073314_clustered.h5ad,2026-05-09 22:16:58,
144/801,SRX14891764,success,clustered_20260509/SRX14891764_clustered.h5ad,2026-05-09 22:17:12,
152/801,SRX15263316,success,clustered_20260509/SRX15263316_clustered.h5ad,2026-05-09 22:17:35,
154/801,SRX24073318,success,clustered_20260509/SRX24073318_clustered.h5ad,2026-05-09 22:17:44,
148/801,SRX14891759,success,clustered_20260509/SRX14891759_clustered.h5ad,2026-05-09 22:17:44,
153/801,SRX24073312,success,clustered_20260509/SRX24073312_clustered.h5ad,2026-05-09 22:18:01,
156/801,SRX24073319,success,clustered_20260509/SRX24073319_clustered.h5ad,2026-05-09 22:18:29,
160/801,SRX24073307,success,clustered_20260509/SRX24073307_clustered.h5ad,2026-05-09 22:18:46,
164/801,SRX18248068,success,clustered_20260509/SRX18248068_clustered.h5ad,2026-05-09 22:20:10,
155/801,SRX16217017,success,clustered_20260509/SRX16217017_clustered.h5ad,2026-05-09 22:20:26,
157/801,SRX16217006,success,clustered_20260509/SRX16217006_clustered.h5ad,2026-05-09 22:20:42,
149/801,SRX17150750,success,clustered_20260509/SRX17150750_clustered.h5ad,2026-05-09 22:20:43,
158/801,SRX16217004,success,clustered_20260509/SRX16217004_clustered.h5ad,2026-05-09 22:20:46,
159/801,SRX16217013,success,clustered_20260509/SRX16217013_clustered.h5ad,2026-05-09 22:20:57,
140/801,SRX16217009,success,clustered_20260509/SRX16217009_clustered.h5ad,2026-05-09 22:21:03,
161/801,SRX14891761,success,clustered_20260509/SRX14891761_clustered.h5ad,2026-05-09 22:21:07,
169/801,SRX15263318,success,clustered_20260509/SRX15263318_clustered.h5ad,2026-05-09 22:21:58,
165/801,SRX18248066,success,clustered_20260509/SRX18248066_clustered.h5ad,2026-05-09 22:22:36,
162/801,SRX17150749,success,clustered_20260509/SRX17150749_clustered.h5ad,2026-05-09 22:23:09,
171/801,SRX14891765,success,clustered_20260509/SRX14891765_clustered.h5ad,2026-05-09 22:23:22,
170/801,SRX18248063,success,clustered_20260509/SRX18248063_clustered.h5ad,2026-05-09 22:23:41,
166/801,SRX18248065,success,clustered_20260509/SRX18248065_clustered.h5ad,2026-05-09 22:24:18,
163/801,SRX16217015,success,clustered_20260509/SRX16217015_clustered.h5ad,2026-05-09 22:24:24,
177/801,SRX17035589,success,clustered_20260509/SRX17035589_clustered.h5ad,2026-05-09 22:24:35,
167/801,SRX18248062,success,clustered_20260509/SRX18248062_clustered.h5ad,2026-05-09 22:24:47,
173/801,SRX14891767,success,clustered_20260509/SRX14891767_clustered.h5ad,2026-05-09 22:25:09,
179/801,ERX4409913,success,clustered_20260509/ERX4409913_clustered.h5ad,2026-05-09 22:25:16,
174/801,SRX15263315,success,clustered_20260509/SRX15263315_clustered.h5ad,2026-05-09 22:25:30,
172/801,SRX16217002,success,clustered_20260509/SRX16217002_clustered.h5ad,2026-05-09 22:25:39,
175/801,SRX12868715,success,clustered_20260509/SRX12868715_clustered.h5ad,2026-05-09 22:25:39,
176/801,SRX12868717,success,clustered_20260509/SRX12868717_clustered.h5ad,2026-05-09 22:26:28,
180/801,SRX16217012,success,clustered_20260509/SRX16217012_clustered.h5ad,2026-05-09 22:27:31,
168/801,SRX18248064,success,clustered_20260509/SRX18248064_clustered.h5ad,2026-05-09 22:28:16,
186/801,SRX12868721,success,clustered_20260509/SRX12868721_clustered.h5ad,2026-05-09 22:28:32,
183/801,SRX16217007,success,clustered_20260509/SRX16217007_clustered.h5ad,2026-05-09 22:28:32,
187/801,SRX15263317,success,clustered_20260509/SRX15263317_clustered.h5ad,2026-05-09 22:28:36,
182/801,SRX16217003,success,clustered_20260509/SRX16217003_clustered.h5ad,2026-05-09 22:28:47,
181/801,SRX14891769,success,clustered_20260509/SRX14891769_clustered.h5ad,2026-05-09 22:29:16,
193/801,SRX19215444,success,clustered_20260509/SRX19215444_clustered.h5ad,2026-05-09 22:29:27,
184/801,SRX16217010,success,clustered_20260509/SRX16217010_clustered.h5ad,2026-05-09 22:29:32,
188/801,SRX12868712,success,clustered_20260509/SRX12868712_clustered.h5ad,2026-05-09 22:29:44,
185/801,SRX12868713,success,clustered_20260509/SRX12868713_clustered.h5ad,2026-05-09 22:29:55,
194/801,SRX19264641,success,clustered_20260509/SRX19264641_clustered.h5ad,2026-05-09 22:30:14,
191/801,SRX12868719,success,clustered_20260509/SRX12868719_clustered.h5ad,2026-05-09 22:30:25,
195/801,SRX19704127,success,clustered_20260509/SRX19704127_clustered.h5ad,2026-05-09 22:30:29,
196/801,SRX19704147,success,clustered_20260509/SRX19704147_clustered.h5ad,2026-05-09 22:30:33,
197/801,SRX19704149,success,clustered_20260509/SRX19704149_clustered.h5ad,2026-05-09 22:30:39,
178/801,SRX17137139,success,clustered_20260509/SRX17137139_clustered.h5ad,2026-05-09 22:30:53,
199/801,SRX19704128,success,clustered_20260509/SRX19704128_clustered.h5ad,2026-05-09 22:30:56,
190/801,SRX14891760,success,clustered_20260509/SRX14891760_clustered.h5ad,2026-05-09 22:31:01,
192/801,SRX14891762,success,clustered_20260509/SRX14891762_clustered.h5ad,2026-05-09 22:31:20,
198/801,SRX19704169,success,clustered_20260509/SRX19704169_clustered.h5ad,2026-05-09 22:31:25,
204/801,SRX19704166,success,clustered_20260509/SRX19704166_clustered.h5ad,2026-05-09 22:31:28,
200/801,SRX19704148,success,clustered_20260509/SRX19704148_clustered.h5ad,2026-05-09 22:31:41,
205/801,SRX19730968,success,clustered_20260509/SRX19730968_clustered.h5ad,2026-05-09 22:31:42,
207/801,SRX19704165,success,clustered_20260509/SRX19704165_clustered.h5ad,2026-05-09 22:32:46,
201/801,SRX19704188,success,clustered_20260509/SRX19704188_clustered.h5ad,2026-05-09 22:32:55,
211/801,SRX19730933,success,clustered_20260509/SRX19730933_clustered.h5ad,2026-05-09 22:32:58,
206/801,SRX19704139,success,clustered_20260509/SRX19704139_clustered.h5ad,2026-05-09 22:33:38,
208/801,SRX19704156,success,clustered_20260509/SRX19704156_clustered.h5ad,2026-05-09 22:33:52,
209/801,SRX19704157,success,clustered_20260509/SRX19704157_clustered.h5ad,2026-05-09 22:34:26,
214/801,SRX19704197,success,clustered_20260509/SRX19704197_clustered.h5ad,2026-05-09 22:34:34,
213/801,SRX19704160,success,clustered_20260509/SRX19704160_clustered.h5ad,2026-05-09 22:34:49,
210/801,SRX19704170,success,clustered_20260509/SRX19704170_clustered.h5ad,2026-05-09 22:35:00,
217/801,SRX19727434,success,clustered_20260509/SRX19727434_clustered.h5ad,2026-05-09 22:35:16,
202/801,SRX19704159,success,clustered_20260509/SRX19704159_clustered.h5ad,2026-05-09 22:35:26,
219/801,SRX19727435,success,clustered_20260509/SRX19727435_clustered.h5ad,2026-05-09 22:35:30,
203/801,SRX19704164,success,clustered_20260509/SRX19704164_clustered.h5ad,2026-05-09 22:35:51,
216/801,SRX19727425,success,clustered_20260509/SRX19727425_clustered.h5ad,2026-05-09 22:35:53,
218/801,SRX19727429,success,clustered_20260509/SRX19727429_clustered.h5ad,2026-05-09 22:36:06,
215/801,SRX19704162,success,clustered_20260509/SRX19704162_clustered.h5ad,2026-05-09 22:36:13,
223/801,SRX19727431,success,clustered_20260509/SRX19727431_clustered.h5ad,2026-05-09 22:36:15,
212/801,SRX19704142,success,clustered_20260509/SRX19704142_clustered.h5ad,2026-05-09 22:36:16,
225/801,SRX19727428,success,clustered_20260509/SRX19727428_clustered.h5ad,2026-05-09 22:36:37,
229/801,SRX19844846,success,clustered_20260509/SRX19844846_clustered.h5ad,2026-05-09 22:36:47,
220/801,SRX19730934,success,clustered_20260509/SRX19730934_clustered.h5ad,2026-05-09 22:37:09,
230/801,SRX19844825,success,clustered_20260509/SRX19844825_clustered.h5ad,2026-05-09 22:37:14,
221/801,SRX19704196,success,clustered_20260509/SRX19704196_clustered.h5ad,2026-05-09 22:37:14,
231/801,SRX19844838,success,clustered_20260509/SRX19844838_clustered.h5ad,2026-05-09 22:37:55,
222/801,SRX19704179,success,clustered_20260509/SRX19704179_clustered.h5ad,2026-05-09 22:37:57,
226/801,SRX19704171,success,clustered_20260509/SRX19704171_clustered.h5ad,2026-05-09 22:38:18,
233/801,SRX19844818,success,clustered_20260509/SRX19844818_clustered.h5ad,2026-05-09 22:38:34,
232/801,SRX19844819,success,clustered_20260509/SRX19844819_clustered.h5ad,2026-05-09 22:38:38,
227/801,SRX19704186,success,clustered_20260509/SRX19704186_clustered.h5ad,2026-05-09 22:39:01,
239/801,SRX19844835,success,clustered_20260509/SRX19844835_clustered.h5ad,2026-05-09 22:39:26,
235/801,SRX19844832,success,clustered_20260509/SRX19844832_clustered.h5ad,2026-05-09 22:39:53,
224/801,SRX19704180,success,clustered_20260509/SRX19704180_clustered.h5ad,2026-05-09 22:40:06,
240/801,SRX19844836,success,clustered_20260509/SRX19844836_clustered.h5ad,2026-05-09 22:40:32,
238/801,SRX19844837,success,clustered_20260509/SRX19844837_clustered.h5ad,2026-05-09 22:40:36,
243/801,SRX19886046,success,clustered_20260509/SRX19886046_clustered.h5ad,2026-05-09 22:40:55,
234/801,SRX19844821,success,clustered_20260509/SRX19844821_clustered.h5ad,2026-05-09 22:41:01,
236/801,SRX14891756,success,clustered_20260509/SRX14891756_clustered.h5ad,2026-05-09 22:41:11,
246/801,SRX19844848,success,clustered_20260509/SRX19844848_clustered.h5ad,2026-05-09 22:41:31,
228/801,SRX19704181,success,clustered_20260509/SRX19704181_clustered.h5ad,2026-05-09 22:41:35,
245/801,SRX19886027,success,clustered_20260509/SRX19886027_clustered.h5ad,2026-05-09 22:41:46,
241/801,SRX19844823,success,clustered_20260509/SRX19844823_clustered.h5ad,2026-05-09 22:41:59,
242/801,SRX19844822,success,clustered_20260509/SRX19844822_clustered.h5ad,2026-05-09 22:42:13,
250/801,SRX19886031,success,clustered_20260509/SRX19886031_clustered.h5ad,2026-05-09 22:42:50,
252/801,SRX19886029,success,clustered_20260509/SRX19886029_clustered.h5ad,2026-05-09 22:43:40,
251/801,SRX19886040,success,clustered_20260509/SRX19886040_clustered.h5ad,2026-05-09 22:43:47,
244/801,SRX19886045,success,clustered_20260509/SRX19886045_clustered.h5ad,2026-05-09 22:43:52,
248/801,SRX19886023,success,clustered_20260509/SRX19886023_clustered.h5ad,2026-05-09 22:44:07,
247/801,SRX19844828,success,clustered_20260509/SRX19844828_clustered.h5ad,2026-05-09 22:44:17,
249/801,SRX19886022,success,clustered_20260509/SRX19886022_clustered.h5ad,2026-05-09 22:44:28,
237/801,SRX19836244,success,clustered_20260509/SRX19836244_clustered.h5ad,2026-05-09 22:44:32,
253/801,SRX19886042,success,clustered_20260509/SRX19886042_clustered.h5ad,2026-05-09 22:44:32,
254/801,SRX19886039,success,clustered_20260509/SRX19886039_clustered.h5ad,2026-05-09 22:44:44,
259/801,SRX19844824,success,clustered_20260509/SRX19844824_clustered.h5ad,2026-05-09 22:44:54,
260/801,SRX19886049,success,clustered_20260509/SRX19886049_clustered.h5ad,2026-05-09 22:45:19,
255/801,SRX19886037,success,clustered_20260509/SRX19886037_clustered.h5ad,2026-05-09 22:45:19,
257/801,SRX19886050,success,clustered_20260509/SRX19886050_clustered.h5ad,2026-05-09 22:45:24,
256/801,SRX19886035,success,clustered_20260509/SRX19886035_clustered.h5ad,2026-05-09 22:45:39,
261/801,SRX19704152,success,clustered_20260509/SRX19704152_clustered.h5ad,2026-05-09 22:46:11,
258/801,SRX19886034,success,clustered_20260509/SRX19886034_clustered.h5ad,2026-05-09 22:46:12,
189/801,SRX18965979,success,clustered_20260509/SRX18965979_clustered.h5ad,2026-05-09 22:46:19,
268/801,SRX19727432,success,clustered_20260509/SRX19727432_clustered.h5ad,2026-05-09 22:46:31,
267/801,SRX19727433,success,clustered_20260509/SRX19727433_clustered.h5ad,2026-05-09 22:46:36,
269/801,SRX19727426,success,clustered_20260509/SRX19727426_clustered.h5ad,2026-05-09 22:46:56,
263/801,SRX20407493,success,clustered_20260509/SRX20407493_clustered.h5ad,2026-05-09 22:47:15,
266/801,SRX19704193,success,clustered_20260509/SRX19704193_clustered.h5ad,2026-05-09 22:47:23,
265/801,SRX20407499,success,clustered_20260509/SRX20407499_clustered.h5ad,2026-05-09 22:47:57,
262/801,SRX20407494,success,clustered_20260509/SRX20407494_clustered.h5ad,2026-05-09 22:47:58,
274/801,SRX20970826,success,clustered_20260509/SRX20970826_clustered.h5ad,2026-05-09 22:48:43,
264/801,SRX20407497,success,clustered_20260509/SRX20407497_clustered.h5ad,2026-05-09 22:48:51,
275/801,SRX20612052,success,clustered_20260509/SRX20612052_clustered.h5ad,2026-05-09 22:48:55,
272/801,SRX19704194,success,clustered_20260509/SRX19704194_clustered.h5ad,2026-05-09 22:49:12,
271/801,SRX19704143,success,clustered_20260509/SRX19704143_clustered.h5ad,2026-05-09 22:50:02,
278/801,SRX22130035,success,clustered_20260509/SRX22130035_clustered.h5ad,2026-05-09 22:50:12,
276/801,SRX21808827,success,clustered_20260509/SRX21808827_clustered.h5ad,2026-05-09 22:50:17,
277/801,SRX24275202,success,clustered_20260509/SRX24275202_clustered.h5ad,2026-05-09 22:50:44,
273/801,SRX19704144,success,clustered_20260509/SRX19704144_clustered.h5ad,2026-05-09 22:51:04,
285/801,SRX22226496,success,clustered_20260509/SRX22226496_clustered.h5ad,2026-05-09 22:51:26,
284/801,SRX22226494,success,clustered_20260509/SRX22226494_clustered.h5ad,2026-05-09 22:51:26,
283/801,SRX22836420,success,clustered_20260509/SRX22836420_clustered.h5ad,2026-05-09 22:51:33,
287/801,SRX22226500,success,clustered_20260509/SRX22226500_clustered.h5ad,2026-05-09 22:51:54,
286/801,SRX22226498,success,clustered_20260509/SRX22226498_clustered.h5ad,2026-05-09 22:52:02,
289/801,SRX23331468,success,clustered_20260509/SRX23331468_clustered.h5ad,2026-05-09 22:52:11,
281/801,SRX22478206,success,clustered_20260509/SRX22478206_clustered.h5ad,2026-05-09 22:52:23,
279/801,SRX21897876,success,clustered_20260509/SRX21897876_clustered.h5ad,2026-05-09 22:52:23,
282/801,SRX21203377,success,clustered_20260509/SRX21203377_clustered.h5ad,2026-05-09 22:52:24,
290/801,SRX22996311,success,clustered_20260509/SRX22996311_clustered.h5ad,2026-05-09 22:52:30,
288/801,SRX22226492,success,clustered_20260509/SRX22226492_clustered.h5ad,2026-05-09 22:52:35,
292/801,SRX22996364,success,clustered_20260509/SRX22996364_clustered.h5ad,2026-05-09 22:53:02,
291/801,SRX22996313,success,clustered_20260509/SRX22996313_clustered.h5ad,2026-05-09 22:53:05,
295/801,SRX22996391,success,clustered_20260509/SRX22996391_clustered.h5ad,2026-05-09 22:53:13,
297/801,SRX22996393,success,clustered_20260509/SRX22996393_clustered.h5ad,2026-05-09 22:53:14,
294/801,SRX22996380,success,clustered_20260509/SRX22996380_clustered.h5ad,2026-05-09 22:53:29,
298/801,SRX22996361,success,clustered_20260509/SRX22996361_clustered.h5ad,2026-05-09 22:53:33,
296/801,SRX22996381,success,clustered_20260509/SRX22996381_clustered.h5ad,2026-05-09 22:53:35,
280/801,SRX21808834,success,clustered_20260509/SRX21808834_clustered.h5ad,2026-05-09 22:53:40,
301/801,SRX22996363,success,clustered_20260509/SRX22996363_clustered.h5ad,2026-05-09 22:54:00,
299/801,SRX22996397,success,clustered_20260509/SRX22996397_clustered.h5ad,2026-05-09 22:54:05,
300/801,SRX22996353,success,clustered_20260509/SRX22996353_clustered.h5ad,2026-05-09 22:54:07,
293/801,SRX23331472,success,clustered_20260509/SRX23331472_clustered.h5ad,2026-05-09 22:54:07,
305/801,SRX23395191,success,clustered_20260509/SRX23395191_clustered.h5ad,2026-05-09 22:54:17,
303/801,SRX22996354,success,clustered_20260509/SRX22996354_clustered.h5ad,2026-05-09 22:54:23,
310/801,SRX22996349,success,clustered_20260509/SRX22996349_clustered.h5ad,2026-05-09 22:54:54,
312/801,SRX22996347,success,clustered_20260509/SRX22996347_clustered.h5ad,2026-05-09 22:55:16,
306/801,SRX22996368,success,clustered_20260509/SRX22996368_clustered.h5ad,2026-05-09 22:55:27,
309/801,SRX21256826,success,clustered_20260509/SRX21256826_clustered.h5ad,2026-05-09 22:55:31,
311/801,SRX22996345,success,clustered_20260509/SRX22996345_clustered.h5ad,2026-05-09 22:55:33,
302/801,SRX23395179,success,clustered_20260509/SRX23395179_clustered.h5ad,2026-05-09 22:55:48,
308/801,SRX22996367,success,clustered_20260509/SRX22996367_clustered.h5ad,2026-05-09 22:55:56,
304/801,SRX23331471,success,clustered_20260509/SRX23331471_clustered.h5ad,2026-05-09 22:56:04,
314/801,SRX22996371,success,clustered_20260509/SRX22996371_clustered.h5ad,2026-05-09 22:56:04,
313/801,SRX23395192,success,clustered_20260509/SRX23395192_clustered.h5ad,2026-05-09 22:56:05,
316/801,SRX22996395,success,clustered_20260509/SRX22996395_clustered.h5ad,2026-05-09 22:56:07,
317/801,SRX22996394,success,clustered_20260509/SRX22996394_clustered.h5ad,2026-05-09 22:56:17,
318/801,SRX22996358,success,clustered_20260509/SRX22996358_clustered.h5ad,2026-05-09 22:56:44,
315/801,SRX22996376,success,clustered_20260509/SRX22996376_clustered.h5ad,2026-05-09 22:56:45,
319/801,SRX22996359,success,clustered_20260509/SRX22996359_clustered.h5ad,2026-05-09 22:56:45,
307/801,SRX23395185,success,clustered_20260509/SRX23395185_clustered.h5ad,2026-05-09 22:56:47,
321/801,SRX22996365,success,clustered_20260509/SRX22996365_clustered.h5ad,2026-05-09 22:56:54,
270/801,SRX19704145,success,clustered_20260509/SRX19704145_clustered.h5ad,2026-05-09 22:57:01,
320/801,SRX22996355,success,clustered_20260509/SRX22996355_clustered.h5ad,2026-05-09 22:57:17,
325/801,SRX23395184,success,clustered_20260509/SRX23395184_clustered.h5ad,2026-05-09 22:57:18,
328/801,SRX17412852,success,clustered_20260509/SRX17412852_clustered.h5ad,2026-05-09 22:57:25,
326/801,SRX22996387,success,clustered_20260509/SRX22996387_clustered.h5ad,2026-05-09 22:57:33,
327/801,SRX22996386,success,clustered_20260509/SRX22996386_clustered.h5ad,2026-05-09 22:57:34,
324/801,SRX22996337,success,clustered_20260509/SRX22996337_clustered.h5ad,2026-05-09 22:57:35,
323/801,SRX23395188,success,clustered_20260509/SRX23395188_clustered.h5ad,2026-05-09 22:57:58,
331/801,SRX25038164,success,clustered_20260509/SRX25038164_clustered.h5ad,2026-05-09 22:58:11,
329/801,SRX25038161,success,clustered_20260509/SRX25038161_clustered.h5ad,2026-05-09 22:58:16,
330/801,SRX25038162,success,clustered_20260509/SRX25038162_clustered.h5ad,2026-05-09 22:58:19,
332/801,SRX25038165,success,clustered_20260509/SRX25038165_clustered.h5ad,2026-05-09 22:58:45,
322/801,SRX23331463,success,clustered_20260509/SRX23331463_clustered.h5ad,2026-05-09 22:58:45,
334/801,SRX25038169,success,clustered_20260509/SRX25038169_clustered.h5ad,2026-05-09 22:59:00,
339/801,SRX22996330,success,clustered_20260509/SRX22996330_clustered.h5ad,2026-05-09 22:59:07,
340/801,SRX22996327,success,clustered_20260509/SRX22996327_clustered.h5ad,2026-05-09 22:59:12,
335/801,SRX25038171,success,clustered_20260509/SRX25038171_clustered.h5ad,2026-05-09 22:59:14,
338/801,ERX11876759,success,clustered_20260509/ERX11876759_clustered.h5ad,2026-05-09 22:59:27,
343/801,SRX22996319,success,clustered_20260509/SRX22996319_clustered.h5ad,2026-05-09 22:59:56,
342/801,SRX22996342,success,clustered_20260509/SRX22996342_clustered.h5ad,2026-05-09 23:00:04,
344/801,SRX22996318,success,clustered_20260509/SRX22996318_clustered.h5ad,2026-05-09 23:00:16,
346/801,SRX26487585,success,clustered_20260509/SRX26487585_clustered.h5ad,2026-05-09 23:00:21,
348/801,SRX26487581,success,clustered_20260509/SRX26487581_clustered.h5ad,2026-05-09 23:00:28,
347/801,SRX26487593,success,clustered_20260509/SRX26487593_clustered.h5ad,2026-05-09 23:00:29,
345/801,SRX22996338,success,clustered_20260509/SRX22996338_clustered.h5ad,2026-05-09 23:00:29,
341/801,SRX22996315,success,clustered_20260509/SRX22996315_clustered.h5ad,2026-05-09 23:00:29,
336/801,SRX24841614,success,clustered_20260509/SRX24841614_clustered.h5ad,2026-05-09 23:00:37,
350/801,SRX26487595,success,clustered_20260509/SRX26487595_clustered.h5ad,2026-05-09 23:00:52,
354/801,SRX26487582,success,clustered_20260509/SRX26487582_clustered.h5ad,2026-05-09 23:01:15,
356/801,SRX26487573,success,clustered_20260509/SRX26487573_clustered.h5ad,2026-05-09 23:01:21,
359/801,SRX26487584,success,clustered_20260509/SRX26487584_clustered.h5ad,2026-05-09 23:01:55,
358/801,SRX26487568,success,clustered_20260509/SRX26487568_clustered.h5ad,2026-05-09 23:01:56,
351/801,SRX26487569,success,clustered_20260509/SRX26487569_clustered.h5ad,2026-05-09 23:01:59,
333/801,SRX25038167,success,clustered_20260509/SRX25038167_clustered.h5ad,2026-05-09 23:02:03,
353/801,SRX26487598,success,clustered_20260509/SRX26487598_clustered.h5ad,2026-05-09 23:02:05,
355/801,SRX24841617,success,clustered_20260509/SRX24841617_clustered.h5ad,2026-05-09 23:02:21,
360/801,SRX26487587,success,clustered_20260509/SRX26487587_clustered.h5ad,2026-05-09 23:02:33,
357/801,SRX24841618,success,clustered_20260509/SRX24841618_clustered.h5ad,2026-05-09 23:02:35,
352/801,SRX26487586,success,clustered_20260509/SRX26487586_clustered.h5ad,2026-05-09 23:02:46,
366/801,SRX11987912,success,clustered_20260509/SRX11987912_clustered.h5ad,2026-05-09 23:02:59,
367/801,SRX12571167,success,clustered_20260509/SRX12571167_clustered.h5ad,2026-05-09 23:03:37,
370/801,SRX12571169,failed,,2026-05-09 23:03:40,"ValueError: Found array with 0 sample(s) (shape=(0, 318)) while a minimum of 1 is required."
371/801,SRX12708374,failed,,2026-05-09 23:03:42,"ValueError: Found array with 0 sample(s) (shape=(0, 0)) while a minimum of 1 is required."
372/801,SRX12708376,failed,,2026-05-09 23:03:43,"ValueError: Found array with 0 sample(s) (shape=(0, 0)) while a minimum of 1 is required."
363/801,SRX26487594,success,clustered_20260509/SRX26487594_clustered.h5ad,2026-05-09 23:03:46,
362/801,SRX26487592,success,clustered_20260509/SRX26487592_clustered.h5ad,2026-05-09 23:04:02,
369/801,SRX11987906,success,clustered_20260509/SRX11987906_clustered.h5ad,2026-05-09 23:04:03,
337/801,SRX24841615,success,clustered_20260509/SRX24841615_clustered.h5ad,2026-05-09 23:04:19,
375/801,SRX12708356,success,clustered_20260509/SRX12708356_clustered.h5ad,2026-05-09 23:04:26,
365/801,SRX10957183,success,clustered_20260509/SRX10957183_clustered.h5ad,2026-05-09 23:04:30,
373/801,SRX11987908,success,clustered_20260509/SRX11987908_clustered.h5ad,2026-05-09 23:04:34,
364/801,SRX11143430,success,clustered_20260509/SRX11143430_clustered.h5ad,2026-05-09 23:04:44,
378/801,SRX11987902,success,clustered_20260509/SRX11987902_clustered.h5ad,2026-05-09 23:04:59,
379/801,SRX11987892,success,clustered_20260509/SRX11987892_clustered.h5ad,2026-05-09 23:05:00,
368/801,ERX11876752,success,clustered_20260509/ERX11876752_clustered.h5ad,2026-05-09 23:05:08,
380/801,SRX11987909,success,clustered_20260509/SRX11987909_clustered.h5ad,2026-05-09 23:05:26,
376/801,SRX13061245,success,clustered_20260509/SRX13061245_clustered.h5ad,2026-05-09 23:05:49,
381/801,SRX12285822,success,clustered_20260509/SRX12285822_clustered.h5ad,2026-05-09 23:06:16,
377/801,SRX11515852,success,clustered_20260509/SRX11515852_clustered.h5ad,2026-05-09 23:06:17,
382/801,SRX11438989,success,clustered_20260509/SRX11438989_clustered.h5ad,2026-05-09 23:06:19,
374/801,SRX11143423,success,clustered_20260509/SRX11143423_clustered.h5ad,2026-05-09 23:06:41,
361/801,SRX26487562,success,clustered_20260509/SRX26487562_clustered.h5ad,2026-05-09 23:06:45,
391/801,SRX11515828,failed,,2026-05-09 23:06:47,"ValueError: Found array with 0 sample(s) (shape=(0, 0)) while a minimum of 1 is required."
392/801,SRX11438984,success,clustered_20260509/SRX11438984_clustered.h5ad,2026-05-09 23:08:13,
383/801,SRX13198728,success,clustered_20260509/SRX13198728_clustered.h5ad,2026-05-09 23:08:53,
388/801,SRX13198730,success,clustered_20260509/SRX13198730_clustered.h5ad,2026-05-09 23:09:30,
384/801,SRX13198725,success,clustered_20260509/SRX13198725_clustered.h5ad,2026-05-09 23:09:45,
394/801,SRX11987904,success,clustered_20260509/SRX11987904_clustered.h5ad,2026-05-09 23:10:04,
395/801,SRX11438987,success,clustered_20260509/SRX11438987_clustered.h5ad,2026-05-09 23:10:22,
393/801,SRX13325103,success,clustered_20260509/SRX13325103_clustered.h5ad,2026-05-09 23:11:02,
396/801,SRX10984882,success,clustered_20260509/SRX10984882_clustered.h5ad,2026-05-09 23:11:05,
397/801,SRX11987903,success,clustered_20260509/SRX11987903_clustered.h5ad,2026-05-09 23:11:17,
398/801,SRX11438992,success,clustered_20260509/SRX11438992_clustered.h5ad,2026-05-09 23:11:27,
385/801,SRX13198724,success,clustered_20260509/SRX13198724_clustered.h5ad,2026-05-09 23:12:00,
386/801,SRX13198727,success,clustered_20260509/SRX13198727_clustered.h5ad,2026-05-09 23:12:03,
389/801,SRX13198732,success,clustered_20260509/SRX13198732_clustered.h5ad,2026-05-09 23:12:04,
387/801,SRX13198726,success,clustered_20260509/SRX13198726_clustered.h5ad,2026-05-09 23:12:27,
400/801,SRX14098302,success,clustered_20260509/SRX14098302_clustered.h5ad,2026-05-09 23:12:30,
405/801,SRX14589432,success,clustered_20260509/SRX14589432_clustered.h5ad,2026-05-09 23:12:31,
403/801,SRX11987896,success,clustered_20260509/SRX11987896_clustered.h5ad,2026-05-09 23:12:43,
406/801,SRX11987900,success,clustered_20260509/SRX11987900_clustered.h5ad,2026-05-09 23:13:03,
407/801,SRX14495312,success,clustered_20260509/SRX14495312_clustered.h5ad,2026-05-09 23:13:20,
390/801,SRX13198729,success,clustered_20260509/SRX13198729_clustered.h5ad,2026-05-09 23:14:02,
349/801,SRX25318272,success,clustered_20260509/SRX25318272_clustered.h5ad,2026-05-09 23:14:13,
409/801,SRX14589431,success,clustered_20260509/SRX14589431_clustered.h5ad,2026-05-09 23:14:27,
408/801,SRX14589433,success,clustered_20260509/SRX14589433_clustered.h5ad,2026-05-09 23:14:31,
411/801,SRX14767854,success,clustered_20260509/SRX14767854_clustered.h5ad,2026-05-09 23:14:55,
410/801,SRX14767855,success,clustered_20260509/SRX14767855_clustered.h5ad,2026-05-09 23:15:01,
404/801,SRX14098306,success,clustered_20260509/SRX14098306_clustered.h5ad,2026-05-09 23:15:14,
415/801,SRX14767851,success,clustered_20260509/SRX14767851_clustered.h5ad,2026-05-09 23:15:31,
419/801,SRX15390221,failed,,2026-05-09 23:15:33,"ValueError: Found array with 0 sample(s) (shape=(0, 0)) while a minimum of 1 is required."
416/801,SRX11987915,success,clustered_20260509/SRX11987915_clustered.h5ad,2026-05-09 23:15:48,
418/801,SRX11438991,success,clustered_20260509/SRX11438991_clustered.h5ad,2026-05-09 23:16:33,
422/801,SRX15390539,failed,,2026-05-09 23:16:36,"ValueError: Found array with 0 sample(s) (shape=(0, 0)) while a minimum of 1 is required."
414/801,SRX14767852,success,clustered_20260509/SRX14767852_clustered.h5ad,2026-05-09 23:16:37,
401/801,SRX14098301,success,clustered_20260509/SRX14098301_clustered.h5ad,2026-05-09 23:16:44,
425/801,SRX11515822,failed,,2026-05-09 23:16:46,"ValueError: Found array with 0 sample(s) (shape=(0, 0)) while a minimum of 1 is required."
412/801,SRX14767853,success,clustered_20260509/SRX14767853_clustered.h5ad,2026-05-09 23:16:56,
402/801,SRX14098303,success,clustered_20260509/SRX14098303_clustered.h5ad,2026-05-09 23:17:03,
421/801,SRX11438990,success,clustered_20260509/SRX11438990_clustered.h5ad,2026-05-09 23:17:26,
420/801,SRX11143425,success,clustered_20260509/SRX11143425_clustered.h5ad,2026-05-09 23:17:26,
429/801,SRX16217045,failed,,2026-05-09 23:17:28,"ValueError: Found array with 0 sample(s) (shape=(0, 0)) while a minimum of 1 is required."
430/801,SRX16217035,failed,,2026-05-09 23:17:28,"ValueError: Found array with 0 sample(s) (shape=(0, 0)) while a minimum of 1 is required."
431/801,SRX16217037,failed,,2026-05-09 23:17:29,"ValueError: Found array with 0 sample(s) (shape=(0, 0)) while a minimum of 1 is required."
432/801,SRX16217040,failed,,2026-05-09 23:17:30,"ValueError: Found array with 0 sample(s) (shape=(0, 0)) while a minimum of 1 is required."
413/801,SRX14767848,success,clustered_20260509/SRX14767848_clustered.h5ad,2026-05-09 23:17:31,
433/801,SRX16217048,failed,,2026-05-09 23:17:31,"ValueError: Found array with 0 sample(s) (shape=(0, 0)) while a minimum of 1 is required."
434/801,SRX16217033,failed,,2026-05-09 23:17:31,"ValueError: Found array with 0 sample(s) (shape=(0, 0)) while a minimum of 1 is required."
435/801,SRX16217047,failed,,2026-05-09 23:17:32,"ValueError: Found array with 0 sample(s) (shape=(0, 0)) while a minimum of 1 is required."
417/801,SRX11143424,success,clustered_20260509/SRX11143424_clustered.h5ad,2026-05-09 23:17:57,
424/801,SRX10335835,success,clustered_20260509/SRX10335835_clustered.h5ad,2026-05-09 23:18:00,
436/801,SRX22613096,success,clustered_20260509/SRX22613096_clustered.h5ad,2026-05-09 23:18:25,
428/801,SRX10152685,success,clustered_20260509/SRX10152685_clustered.h5ad,2026-05-09 23:18:27,
399/801,SRX11143428,success,clustered_20260509/SRX11143428_clustered.h5ad,2026-05-09 23:18:48,
423/801,SRX11143427,success,clustered_20260509/SRX11143427_clustered.h5ad,2026-05-09 23:19:05,
426/801,SRX11143429,success,clustered_20260509/SRX11143429_clustered.h5ad,2026-05-09 23:19:27,
427/801,SRX11515843,success,clustered_20260509/SRX11515843_clustered.h5ad,2026-05-09 23:19:41,
444/801,ERX11876756,success,clustered_20260509/ERX11876756_clustered.h5ad,2026-05-09 23:21:44,
445/801,ERX11876771,success,clustered_20260509/ERX11876771_clustered.h5ad,2026-05-09 23:22:18,
446/801,SRX25038170,success,clustered_20260509/SRX25038170_clustered.h5ad,2026-05-09 23:22:26,
443/801,ERX8831395,success,clustered_20260509/ERX8831395_clustered.h5ad,2026-05-09 23:22:42,
449/801,SRX22996389,success,clustered_20260509/SRX22996389_clustered.h5ad,2026-05-09 23:24:51,
448/801,SRX21808831,success,clustered_20260509/SRX21808831_clustered.h5ad,2026-05-09 23:26:42,
450/801,SRX19836245,success,clustered_20260509/SRX19836245_clustered.h5ad,2026-05-09 23:26:50,
447/801,SRX20407498,success,clustered_20260509/SRX20407498_clustered.h5ad,2026-05-09 23:27:23,
451/801,SRX19730935,success,clustered_20260509/SRX19730935_clustered.h5ad,2026-05-09 23:28:05,
453/801,SRX22996366,success,clustered_20260509/SRX22996366_clustered.h5ad,2026-05-09 23:28:21,
455/801,SRX19704150,success,clustered_20260509/SRX19704150_clustered.h5ad,2026-05-09 23:29:02,
456/801,SRX19836243,success,clustered_20260509/SRX19836243_clustered.h5ad,2026-05-09 23:29:31,
454/801,SRX22996335,success,clustered_20260509/SRX22996335_clustered.h5ad,2026-05-09 23:30:05,
452/801,SRX19886033,success,clustered_20260509/SRX19886033_clustered.h5ad,2026-05-09 23:30:09,
460/801,SRX26487580,success,clustered_20260509/SRX26487580_clustered.h5ad,2026-05-09 23:31:40,
459/801,SRX19844839,success,clustered_20260509/SRX19844839_clustered.h5ad,2026-05-09 23:32:10,
439/801,ERX11662363,success,clustered_20260509/ERX11662363_clustered.h5ad,2026-05-09 23:32:20,
458/801,ERX11876772,success,clustered_20260509/ERX11876772_clustered.h5ad,2026-05-09 23:32:42,
461/801,SRX17689208,success,clustered_20260509/SRX17689208_clustered.h5ad,2026-05-09 23:33:11,
463/801,SRX16757156,success,clustered_20260509/SRX16757156_clustered.h5ad,2026-05-09 23:33:43,
464/801,SRX12366723,success,clustered_20260509/SRX12366723_clustered.h5ad,2026-05-09 23:34:16,
457/801,SRX19704187,success,clustered_20260509/SRX19704187_clustered.h5ad,2026-05-09 23:34:18,
462/801,SRX25038168,success,clustered_20260509/SRX25038168_clustered.h5ad,2026-05-09 23:34:44,
437/801,ERX11662356,success,clustered_20260509/ERX11662356_clustered.h5ad,2026-05-09 23:35:43,
438/801,ERX11662358,success,clustered_20260509/ERX11662358_clustered.h5ad,2026-05-09 23:36:02,
470/801,SRX19727436,success,clustered_20260509/SRX19727436_clustered.h5ad,2026-05-09 23:36:25,
465/801,SRX16757157,success,clustered_20260509/SRX16757157_clustered.h5ad,2026-05-09 23:36:43,
466/801,SRX18248069,success,clustered_20260509/SRX18248069_clustered.h5ad,2026-05-09 23:36:52,
468/801,SRX16217008,success,clustered_20260509/SRX16217008_clustered.h5ad,2026-05-09 23:38:27,
473/801,SRX19320094,success,clustered_20260509/SRX19320094_clustered.h5ad,2026-05-09 23:38:31,
476/801,SRX19704131,failed,,2026-05-09 23:38:34,"ValueError: Found array with 0 sample(s) (shape=(0, 9439)) while a minimum of 1 is required."
472/801,SRX19162066,success,clustered_20260509/SRX19162066_clustered.h5ad,2026-05-09 23:38:52,
469/801,SRX19704158,success,clustered_20260509/SRX19704158_clustered.h5ad,2026-05-09 23:39:35,
478/801,SRX19886047,success,clustered_20260509/SRX19886047_clustered.h5ad,2026-05-09 23:39:50,
471/801,SRX14891763,success,clustered_20260509/SRX14891763_clustered.h5ad,2026-05-09 23:39:59,
474/801,SRX19844820,success,clustered_20260509/SRX19844820_clustered.h5ad,2026-05-09 23:40:17,
441/801,ERX11662362,success,clustered_20260509/ERX11662362_clustered.h5ad,2026-05-09 23:40:26,
479/801,SRX19886025,success,clustered_20260509/SRX19886025_clustered.h5ad,2026-05-09 23:40:37,
477/801,SRX19886044,success,clustered_20260509/SRX19886044_clustered.h5ad,2026-05-09 23:40:53,
485/801,SRX22130034,failed,,2026-05-09 23:40:55,"ValueError: Found array with 0 sample(s) (shape=(0, 0)) while a minimum of 1 is required."
480/801,SRX21311407,success,clustered_20260509/SRX21311407_clustered.h5ad,2026-05-09 23:41:13,
487/801,SRX22226504,success,clustered_20260509/SRX22226504_clustered.h5ad,2026-05-09 23:42:15,
467/801,SRX16217014,success,clustered_20260509/SRX16217014_clustered.h5ad,2026-05-09 23:42:15,
475/801,SRX19844833,success,clustered_20260509/SRX19844833_clustered.h5ad,2026-05-09 23:42:22,
486/801,SRX22226505,success,clustered_20260509/SRX22226505_clustered.h5ad,2026-05-09 23:42:33,
440/801,ERX11662365,success,clustered_20260509/ERX11662365_clustered.h5ad,2026-05-09 23:42:49,
488/801,SRX22996314,success,clustered_20260509/SRX22996314_clustered.h5ad,2026-05-09 23:43:14,
484/801,SRX21897873,success,clustered_20260509/SRX21897873_clustered.h5ad,2026-05-09 23:43:25,
481/801,SRX21808832,success,clustered_20260509/SRX21808832_clustered.h5ad,2026-05-09 23:43:40,
491/801,SRX22996390,success,clustered_20260509/SRX22996390_clustered.h5ad,2026-05-09 23:43:41,
492/801,SRX22996350,success,clustered_20260509/SRX22996350_clustered.h5ad,2026-05-09 23:43:43,
490/801,SRX22996379,success,clustered_20260509/SRX22996379_clustered.h5ad,2026-05-09 23:43:43,
482/801,SRX21808829,success,clustered_20260509/SRX21808829_clustered.h5ad,2026-05-09 23:43:54,
483/801,SRX21808830,success,clustered_20260509/SRX21808830_clustered.h5ad,2026-05-09 23:43:55,
493/801,SRX23395186,success,clustered_20260509/SRX23395186_clustered.h5ad,2026-05-09 23:44:29,
498/801,SRX22996329,success,clustered_20260509/SRX22996329_clustered.h5ad,2026-05-09 23:44:42,
497/801,SRX22996396,success,clustered_20260509/SRX22996396_clustered.h5ad,2026-05-09 23:44:44,
496/801,SRX22996377,success,clustered_20260509/SRX22996377_clustered.h5ad,2026-05-09 23:44:55,
494/801,SRX22996336,success,clustered_20260509/SRX22996336_clustered.h5ad,2026-05-09 23:45:04,
500/801,SRX25038172,success,clustered_20260509/SRX25038172_clustered.h5ad,2026-05-09 23:45:16,
489/801,SRX23331462,success,clustered_20260509/SRX23331462_clustered.h5ad,2026-05-09 23:45:17,
495/801,SRX23395190,success,clustered_20260509/SRX23395190_clustered.h5ad,2026-05-09 23:45:31,
505/801,SRX27291605,success,clustered_20260509/SRX27291605_clustered.h5ad,2026-05-09 23:46:28,
501/801,SRX26735837,success,clustered_20260509/SRX26735837_clustered.h5ad,2026-05-09 23:46:39,
499/801,SRX24841616,success,clustered_20260509/SRX24841616_clustered.h5ad,2026-05-09 23:46:44,
504/801,SRX27291592,success,clustered_20260509/SRX27291592_clustered.h5ad,2026-05-09 23:47:00,
442/801,ERX11662383,success,clustered_20260509/ERX11662383_clustered.h5ad,2026-05-09 23:47:25,
503/801,SRX27291594,success,clustered_20260509/SRX27291594_clustered.h5ad,2026-05-09 23:47:32,
511/801,SRX27291620,success,clustered_20260509/SRX27291620_clustered.h5ad,2026-05-09 23:48:26,
509/801,SRX27291598,success,clustered_20260509/SRX27291598_clustered.h5ad,2026-05-09 23:48:37,
508/801,SRX27291607,success,clustered_20260509/SRX27291607_clustered.h5ad,2026-05-09 23:48:49,
506/801,SRX27291600,success,clustered_20260509/SRX27291600_clustered.h5ad,2026-05-09 23:49:01,
510/801,SRX27291590,success,clustered_20260509/SRX27291590_clustered.h5ad,2026-05-09 23:49:13,
513/801,SRX27291616,success,clustered_20260509/SRX27291616_clustered.h5ad,2026-05-09 23:49:59,
520/801,SRX27208867,failed,,2026-05-09 23:50:01,"ValueError: Found array with 0 sample(s) (shape=(0, 0)) while a minimum of 1 is required."
514/801,SRX27291609,success,clustered_20260509/SRX27291609_clustered.h5ad,2026-05-09 23:50:22,
522/801,SRX27208873,failed,,2026-05-09 23:50:24,"ValueError: Found array with 0 sample(s) (shape=(0, 0)) while a minimum of 1 is required."
521/801,SRX27208869,success,clustered_20260509/SRX27208869_clustered.h5ad,2026-05-09 23:50:26,
523/801,SRX27208878,failed,,2026-05-09 23:50:26,InsufficientCellsError: 65 cells remaining after filtering (threshold: 500)
524/801,SRX27208876,failed,,2026-05-09 23:50:28,"ValueError: Found array with 0 sample(s) (shape=(0, 0)) while a minimum of 1 is required."
525/801,SRX27208872,failed,,2026-05-09 23:50:28,InsufficientCellsError: 354 cells remaining after filtering (threshold: 500)
507/801,SRX27291570,success,clustered_20260509/SRX27291570_clustered.h5ad,2026-05-09 23:50:39,
515/801,SRX27291603,success,clustered_20260509/SRX27291603_clustered.h5ad,2026-05-09 23:51:18,
502/801,SRX27291571,success,clustered_20260509/SRX27291571_clustered.h5ad,2026-05-09 23:51:19,
516/801,SRX27291614,success,clustered_20260509/SRX27291614_clustered.h5ad,2026-05-09 23:51:21,
528/801,SRX10327364,success,clustered_20260509/SRX10327364_clustered.h5ad,2026-05-09 23:51:47,
527/801,SRX27208868,success,clustered_20260509/SRX27208868_clustered.h5ad,2026-05-09 23:52:16,
519/801,SRX27291595,success,clustered_20260509/SRX27291595_clustered.h5ad,2026-05-09 23:53:34,
531/801,SRX27291560,success,clustered_20260509/SRX27291560_clustered.h5ad,2026-05-09 23:53:47,
530/801,SRX27291559,success,clustered_20260509/SRX27291559_clustered.h5ad,2026-05-09 23:54:54,
517/801,SRX27291613,success,clustered_20260509/SRX27291613_clustered.h5ad,2026-05-09 23:55:08,
532/801,SRX27291565,success,clustered_20260509/SRX27291565_clustered.h5ad,2026-05-09 23:55:12,
533/801,SRX27291568,success,clustered_20260509/SRX27291568_clustered.h5ad,2026-05-09 23:55:24,
529/801,SRX27291551,success,clustered_20260509/SRX27291551_clustered.h5ad,2026-05-09 23:55:51,
534/801,SRX27291569,success,clustered_20260509/SRX27291569_clustered.h5ad,2026-05-09 23:55:53,
539/801,SRX27291580,success,clustered_20260509/SRX27291580_clustered.h5ad,2026-05-09 23:56:16,
537/801,SRX27291572,success,clustered_20260509/SRX27291572_clustered.h5ad,2026-05-09 23:56:41,
541/801,SRX27291578,success,clustered_20260509/SRX27291578_clustered.h5ad,2026-05-09 23:57:09,
535/801,SRX27291562,success,clustered_20260509/SRX27291562_clustered.h5ad,2026-05-09 23:57:18,
542/801,SRX27291584,success,clustered_20260509/SRX27291584_clustered.h5ad,2026-05-09 23:57:33,
540/801,SRX27291567,success,clustered_20260509/SRX27291567_clustered.h5ad,2026-05-09 23:58:00,
538/801,SRX27291564,success,clustered_20260509/SRX27291564_clustered.h5ad,2026-05-09 23:58:01,
536/801,SRX27291574,success,clustered_20260509/SRX27291574_clustered.h5ad,2026-05-09 23:58:05,
526/801,SRX27208877,success,clustered_20260509/SRX27208877_clustered.h5ad,2026-05-09 23:58:12,
546/801,SRX27291599,success,clustered_20260509/SRX27291599_clustered.h5ad,2026-05-09 23:58:35,
518/801,SRX27291587,success,clustered_20260509/SRX27291587_clustered.h5ad,2026-05-09 23:58:58,
547/801,SRX27291589,success,clustered_20260509/SRX27291589_clustered.h5ad,2026-05-09 23:59:03,
543/801,SRX27291582,success,clustered_20260509/SRX27291582_clustered.h5ad,2026-05-09 23:59:20,
545/801,SRX27291558,success,clustered_20260509/SRX27291558_clustered.h5ad,2026-05-10 00:00:04,
554/801,SRX27358285,success,clustered_20260509/SRX27358285_clustered.h5ad,2026-05-10 00:00:07,
544/801,SRX27291588,success,clustered_20260509/SRX27291588_clustered.h5ad,2026-05-10 00:00:13,
553/801,SRX10327365,success,clustered_20260509/SRX10327365_clustered.h5ad,2026-05-10 00:00:32,
550/801,SRX27291623,success,clustered_20260509/SRX27291623_clustered.h5ad,2026-05-10 00:00:33,
558/801,SRX23724124,success,clustered_20260509/SRX23724124_clustered.h5ad,2026-05-10 00:01:24,
559/801,SRX23724103,success,clustered_20260509/SRX23724103_clustered.h5ad,2026-05-10 00:01:43,
552/801,SRX27291611,success,clustered_20260509/SRX27291611_clustered.h5ad,2026-05-10 00:01:57,
549/801,SRX27291621,success,clustered_20260509/SRX27291621_clustered.h5ad,2026-05-10 00:02:34,
560/801,SRX23724088,success,clustered_20260509/SRX23724088_clustered.h5ad,2026-05-10 00:03:33,
561/801,SRX23724122,success,clustered_20260509/SRX23724122_clustered.h5ad,2026-05-10 00:03:38,
555/801,SRX23724110,success,clustered_20260509/SRX23724110_clustered.h5ad,2026-05-10 00:03:38,
556/801,SRX23724101,success,clustered_20260509/SRX23724101_clustered.h5ad,2026-05-10 00:03:48,
557/801,SRX23724094,success,clustered_20260509/SRX23724094_clustered.h5ad,2026-05-10 00:03:51,
567/801,SRX22996340,success,clustered_20260509/SRX22996340_clustered.h5ad,2026-05-10 00:04:42,
548/801,SRX27291624,success,clustered_20260509/SRX27291624_clustered.h5ad,2026-05-10 00:04:43,
563/801,SRX23724123,success,clustered_20260509/SRX23724123_clustered.h5ad,2026-05-10 00:04:51,
562/801,SRX23724100,success,clustered_20260509/SRX23724100_clustered.h5ad,2026-05-10 00:05:08,
568/801,SRX24841619,success,clustered_20260509/SRX24841619_clustered.h5ad,2026-05-10 00:05:20,
565/801,SRX23724081,success,clustered_20260509/SRX23724081_clustered.h5ad,2026-05-10 00:06:47,
551/801,SRX27291612,success,clustered_20260509/SRX27291612_clustered.h5ad,2026-05-10 00:06:50,
572/801,SRX23724090,success,clustered_20260509/SRX23724090_clustered.h5ad,2026-05-10 00:06:52,
569/801,SRX23724098,success,clustered_20260509/SRX23724098_clustered.h5ad,2026-05-10 00:07:57,
575/801,SRX23724109,success,clustered_20260509/SRX23724109_clustered.h5ad,2026-05-10 00:09:46,
564/801,SRX23724125,success,clustered_20260509/SRX23724125_clustered.h5ad,2026-05-10 00:09:51,
574/801,SRX23724096,success,clustered_20260509/SRX23724096_clustered.h5ad,2026-05-10 00:11:02,
579/801,SRX22996317,success,clustered_20260509/SRX22996317_clustered.h5ad,2026-05-10 00:11:07,
580/801,SRX27995731,success,clustered_20260509/SRX27995731_clustered.h5ad,2026-05-10 00:11:56,
571/801,SRX23802736,success,clustered_20260509/SRX23802736_clustered.h5ad,2026-05-10 00:12:29,
581/801,SRX17412842,success,clustered_20260509/SRX17412842_clustered.h5ad,2026-05-10 00:12:32,
573/801,SRX23724082,success,clustered_20260509/SRX23724082_clustered.h5ad,2026-05-10 00:13:20,
566/801,SRX23724107,success,clustered_20260509/SRX23724107_clustered.h5ad,2026-05-10 00:14:07,
582/801,SRX17412811,success,clustered_20260509/SRX17412811_clustered.h5ad,2026-05-10 00:14:15,
584/801,SRX17412831,success,clustered_20260509/SRX17412831_clustered.h5ad,2026-05-10 00:14:18,
585/801,SRX17412814,success,clustered_20260509/SRX17412814_clustered.h5ad,2026-05-10 00:14:18,
576/801,SRX23724121,success,clustered_20260509/SRX23724121_clustered.h5ad,2026-05-10 00:14:43,
570/801,SRX23802731,success,clustered_20260509/SRX23802731_clustered.h5ad,2026-05-10 00:14:48,
586/801,SRX17412844,success,clustered_20260509/SRX17412844_clustered.h5ad,2026-05-10 00:15:18,
589/801,SRX17412832,success,clustered_20260509/SRX17412832_clustered.h5ad,2026-05-10 00:15:40,
587/801,SRX17412830,success,clustered_20260509/SRX17412830_clustered.h5ad,2026-05-10 00:15:46,
588/801,SRX17412805,success,clustered_20260509/SRX17412805_clustered.h5ad,2026-05-10 00:15:50,
590/801,SRX17412786,success,clustered_20260509/SRX17412786_clustered.h5ad,2026-05-10 00:15:50,
583/801,SRX17412807,success,clustered_20260509/SRX17412807_clustered.h5ad,2026-05-10 00:15:52,
577/801,SRX23802728,success,clustered_20260509/SRX23802728_clustered.h5ad,2026-05-10 00:16:04,
592/801,SRX17412812,success,clustered_20260509/SRX17412812_clustered.h5ad,2026-05-10 00:16:08,
599/801,SRX17412802,success,clustered_20260509/SRX17412802_clustered.h5ad,2026-05-10 00:16:38,
594/801,SRX17412817,success,clustered_20260509/SRX17412817_clustered.h5ad,2026-05-10 00:16:52,
596/801,SRX17412820,success,clustered_20260509/SRX17412820_clustered.h5ad,2026-05-10 00:17:02,
598/801,SRX17412823,success,clustered_20260509/SRX17412823_clustered.h5ad,2026-05-10 00:17:09,
593/801,SRX17412828,success,clustered_20260509/SRX17412828_clustered.h5ad,2026-05-10 00:17:21,
597/801,SRX17412851,success,clustered_20260509/SRX17412851_clustered.h5ad,2026-05-10 00:17:23,
595/801,SRX17412843,success,clustered_20260509/SRX17412843_clustered.h5ad,2026-05-10 00:17:29,
600/801,SRX17412792,success,clustered_20260509/SRX17412792_clustered.h5ad,2026-05-10 00:17:31,
591/801,SRX17412835,success,clustered_20260509/SRX17412835_clustered.h5ad,2026-05-10 00:17:34,
603/801,SRX17412849,success,clustered_20260509/SRX17412849_clustered.h5ad,2026-05-10 00:17:38,
601/801,SRX17412841,success,clustered_20260509/SRX17412841_clustered.h5ad,2026-05-10 00:18:15,
604/801,SRX17412825,success,clustered_20260509/SRX17412825_clustered.h5ad,2026-05-10 00:18:24,
512/801,SRX27291563,success,clustered_20260509/SRX27291563_clustered.h5ad,2026-05-10 00:18:30,
605/801,SRX17412816,success,clustered_20260509/SRX17412816_clustered.h5ad,2026-05-10 00:18:30,
602/801,SRX17412808,success,clustered_20260509/SRX17412808_clustered.h5ad,2026-05-10 00:18:42,
607/801,SRX17412847,success,clustered_20260509/SRX17412847_clustered.h5ad,2026-05-10 00:18:44,
609/801,SRX17412845,success,clustered_20260509/SRX17412845_clustered.h5ad,2026-05-10 00:19:01,
606/801,SRX17412839,success,clustered_20260509/SRX17412839_clustered.h5ad,2026-05-10 00:19:10,
610/801,SRX23724111,success,clustered_20260509/SRX23724111_clustered.h5ad,2026-05-10 00:20:05,
614/801,SRX23724085,success,clustered_20260509/SRX23724085_clustered.h5ad,2026-05-10 00:20:12,
608/801,SRX17412836,success,clustered_20260509/SRX17412836_clustered.h5ad,2026-05-10 00:20:35,
612/801,SRX23724104,success,clustered_20260509/SRX23724104_clustered.h5ad,2026-05-10 00:21:00,
621/801,SRX17412822,failed,,2026-05-10 00:21:02,InsufficientCellsError: 74 cells remaining after filtering (threshold: 500)
618/801,ERX4409915,success,clustered_20260509/ERX4409915_clustered.h5ad,2026-05-10 00:21:09,
613/801,SRX23724105,success,clustered_20260509/SRX23724105_clustered.h5ad,2026-05-10 00:21:23,
619/801,SRX10327368,success,clustered_20260509/SRX10327368_clustered.h5ad,2026-05-10 00:21:24,
611/801,SRX23724106,success,clustered_20260509/SRX23724106_clustered.h5ad,2026-05-10 00:21:40,
617/801,SRX8008855,success,clustered_20260509/SRX8008855_clustered.h5ad,2026-05-10 00:21:55,
625/801,SRX17412833,success,clustered_20260509/SRX17412833_clustered.h5ad,2026-05-10 00:21:58,
623/801,SRX17412813,success,clustered_20260509/SRX17412813_clustered.h5ad,2026-05-10 00:22:11,
622/801,SRX17412848,success,clustered_20260509/SRX17412848_clustered.h5ad,2026-05-10 00:22:20,
626/801,SRX17412850,success,clustered_20260509/SRX17412850_clustered.h5ad,2026-05-10 00:23:03,
628/801,SRX17412806,success,clustered_20260509/SRX17412806_clustered.h5ad,2026-05-10 00:23:10,
627/801,SRX17412809,success,clustered_20260509/SRX17412809_clustered.h5ad,2026-05-10 00:23:12,
629/801,SRX17412821,success,clustered_20260509/SRX17412821_clustered.h5ad,2026-05-10 00:23:43,
624/801,SRX17412827,success,clustered_20260509/SRX17412827_clustered.h5ad,2026-05-10 00:23:48,
632/801,SRX17412815,success,clustered_20260509/SRX17412815_clustered.h5ad,2026-05-10 00:24:09,
631/801,SRX17412840,success,clustered_20260509/SRX17412840_clustered.h5ad,2026-05-10 00:24:19,
630/801,SRX17412834,success,clustered_20260509/SRX17412834_clustered.h5ad,2026-05-10 00:24:19,
634/801,SRX17412818,success,clustered_20260509/SRX17412818_clustered.h5ad,2026-05-10 00:24:28,
578/801,SRX23724091,success,clustered_20260509/SRX23724091_clustered.h5ad,2026-05-10 00:24:34,
635/801,SRX17412837,success,clustered_20260509/SRX17412837_clustered.h5ad,2026-05-10 00:24:57,
636/801,SRX17412846,success,clustered_20260509/SRX17412846_clustered.h5ad,2026-05-10 00:25:16,
633/801,SRX17412853,success,clustered_20260509/SRX17412853_clustered.h5ad,2026-05-10 00:25:22,
620/801,SRX12509396,success,clustered_20260509/SRX12509396_clustered.h5ad,2026-05-10 00:25:23,
644/801,SRX26517112,failed,,2026-05-10 00:25:26,InsufficientCellsError: 377 cells remaining after filtering (threshold: 500)
641/801,SRX19704117,success,clustered_20260509/SRX19704117_clustered.h5ad,2026-05-10 00:25:41,
643/801,SRX26517110,success,clustered_20260509/SRX26517110_clustered.h5ad,2026-05-10 00:25:51,
637/801,SRX17412829,success,clustered_20260509/SRX17412829_clustered.h5ad,2026-05-10 00:26:12,
640/801,SRX19704118,success,clustered_20260509/SRX19704118_clustered.h5ad,2026-05-10 00:26:18,
638/801,SRX17412824,success,clustered_20260509/SRX17412824_clustered.h5ad,2026-05-10 00:26:24,
642/801,SRX24732576,success,clustered_20260509/SRX24732576_clustered.h5ad,2026-05-10 00:26:32,
639/801,SRX17412854,success,clustered_20260509/SRX17412854_clustered.h5ad,2026-05-10 00:26:38,
649/801,SRX8372494,success,clustered_20260509/SRX8372494_clustered.h5ad,2026-05-10 00:27:03,
653/801,SRX9495612,failed,,2026-05-10 00:27:04,"ValueError: Found array with 0 sample(s) (shape=(0, 0)) while a minimum of 1 is required."
645/801,SRX10425170,success,clustered_20260509/SRX10425170_clustered.h5ad,2026-05-10 00:27:07,
652/801,SRX9768488,success,clustered_20260509/SRX9768488_clustered.h5ad,2026-05-10 00:27:26,
647/801,SRX8372495,success,clustered_20260509/SRX8372495_clustered.h5ad,2026-05-10 00:27:26,
651/801,SRX9127142,success,clustered_20260509/SRX9127142_clustered.h5ad,2026-05-10 00:27:43,
616/801,SRX23802735,success,clustered_20260509/SRX23802735_clustered.h5ad,2026-05-10 00:27:48,
615/801,SRX23724073,success,clustered_20260509/SRX23724073_clustered.h5ad,2026-05-10 00:27:57,
658/801,SRX10048393,success,clustered_20260509/SRX10048393_clustered.h5ad,2026-05-10 00:28:23,
659/801,SRX9768485,success,clustered_20260509/SRX9768485_clustered.h5ad,2026-05-10 00:28:23,
657/801,SRX9127143,success,clustered_20260509/SRX9127143_clustered.h5ad,2026-05-10 00:28:43,
655/801,SRX9430527,success,clustered_20260509/SRX9430527_clustered.h5ad,2026-05-10 00:29:15,
664/801,SRX9768483,failed,,2026-05-10 00:29:17,"ValueError: Found array with 0 sample(s) (shape=(0, 193)) while a minimum of 1 is required."
661/801,SRX10048396,success,clustered_20260509/SRX10048396_clustered.h5ad,2026-05-10 00:29:34,
663/801,SRX10008476,success,clustered_20260509/SRX10008476_clustered.h5ad,2026-05-10 00:30:13,
667/801,SRX9495614,failed,,2026-05-10 00:30:15,"ValueError: Found array with 0 sample(s) (shape=(0, 0)) while a minimum of 1 is required."
650/801,SRX9927818,success,clustered_20260509/SRX9927818_clustered.h5ad,2026-05-10 00:30:17,
654/801,SRX9495616,success,clustered_20260509/SRX9495616_clustered.h5ad,2026-05-10 00:30:33,
646/801,SRX8372491,success,clustered_20260509/SRX8372491_clustered.h5ad,2026-05-10 00:31:00,
671/801,SRX9495610,failed,,2026-05-10 00:31:01,"ValueError: Found array with 0 sample(s) (shape=(0, 0)) while a minimum of 1 is required."
660/801,SRX10048395,success,clustered_20260509/SRX10048395_clustered.h5ad,2026-05-10 00:31:09,
656/801,SRX10048380,success,clustered_20260509/SRX10048380_clustered.h5ad,2026-05-10 00:31:20,
669/801,SRX10048376,success,clustered_20260509/SRX10048376_clustered.h5ad,2026-05-10 00:32:06,
670/801,SRX9127144,success,clustered_20260509/SRX9127144_clustered.h5ad,2026-05-10 00:32:15,
665/801,SRX10048375,success,clustered_20260509/SRX10048375_clustered.h5ad,2026-05-10 00:33:08,
673/801,SRX27113453,success,clustered_20260509/SRX27113453_clustered.h5ad,2026-05-10 00:33:10,
648/801,SRX8372496,success,clustered_20260509/SRX8372496_clustered.h5ad,2026-05-10 00:33:29,
676/801,SRX27113465,success,clustered_20260509/SRX27113465_clustered.h5ad,2026-05-10 00:33:43,
666/801,SRX10048373,success,clustered_20260509/SRX10048373_clustered.h5ad,2026-05-10 00:33:49,
662/801,SRX10048379,success,clustered_20260509/SRX10048379_clustered.h5ad,2026-05-10 00:33:59,
674/801,SRX27113459,success,clustered_20260509/SRX27113459_clustered.h5ad,2026-05-10 00:34:00,
675/801,SRX27113451,success,clustered_20260509/SRX27113451_clustered.h5ad,2026-05-10 00:34:02,
677/801,SRX27113457,success,clustered_20260509/SRX27113457_clustered.h5ad,2026-05-10 00:34:23,
678/801,SRX27113449,success,clustered_20260509/SRX27113449_clustered.h5ad,2026-05-10 00:34:42,
682/801,SRX10048397,success,clustered_20260509/SRX10048397_clustered.h5ad,2026-05-10 00:34:43,
681/801,SRX27113463,success,clustered_20260509/SRX27113463_clustered.h5ad,2026-05-10 00:34:48,
672/801,SRX10048385,success,clustered_20260509/SRX10048385_clustered.h5ad,2026-05-10 00:34:52,
679/801,SRX27113462,success,clustered_20260509/SRX27113462_clustered.h5ad,2026-05-10 00:34:54,
684/801,SRX9276336,success,clustered_20260509/SRX9276336_clustered.h5ad,2026-05-10 00:35:02,
680/801,SRX27113460,success,clustered_20260509/SRX27113460_clustered.h5ad,2026-05-10 00:35:25,
686/801,SRX8953167,success,clustered_20260509/SRX8953167_clustered.h5ad,2026-05-10 00:35:44,
687/801,SRX9246191,success,clustered_20260509/SRX9246191_clustered.h5ad,2026-05-10 00:35:49,
690/801,SRX9246197,success,clustered_20260509/SRX9246197_clustered.h5ad,2026-05-10 00:35:54,
691/801,SRX9276294,success,clustered_20260509/SRX9276294_clustered.h5ad,2026-05-10 00:36:08,
689/801,SRX9246200,success,clustered_20260509/SRX9246200_clustered.h5ad,2026-05-10 00:36:13,
692/801,SRX9246203,success,clustered_20260509/SRX9246203_clustered.h5ad,2026-05-10 00:36:48,
683/801,SRX10048389,success,clustered_20260509/SRX10048389_clustered.h5ad,2026-05-10 00:37:10,
694/801,SRX9246204,success,clustered_20260509/SRX9246204_clustered.h5ad,2026-05-10 00:37:10,
697/801,SRX9276319,success,clustered_20260509/SRX9276319_clustered.h5ad,2026-05-10 00:37:20,
698/801,SRX9276334,success,clustered_20260509/SRX9276334_clustered.h5ad,2026-05-10 00:37:32,
695/801,SRX9276324,success,clustered_20260509/SRX9276324_clustered.h5ad,2026-05-10 00:37:54,
696/801,SRX9276308,success,clustered_20260509/SRX9276308_clustered.h5ad,2026-05-10 00:38:10,
693/801,SRX9246199,success,clustered_20260509/SRX9246199_clustered.h5ad,2026-05-10 00:38:15,
688/801,SRX9246190,success,clustered_20260509/SRX9246190_clustered.h5ad,2026-05-10 00:38:15,
700/801,SRX9276295,success,clustered_20260509/SRX9276295_clustered.h5ad,2026-05-10 00:38:56,
702/801,SRX9246195,success,clustered_20260509/SRX9246195_clustered.h5ad,2026-05-10 00:39:05,
705/801,SRX9276304,success,clustered_20260509/SRX9276304_clustered.h5ad,2026-05-10 00:39:11,
703/801,SRX9276333,success,clustered_20260509/SRX9276333_clustered.h5ad,2026-05-10 00:39:11,
668/801,SRX10048391,success,clustered_20260509/SRX10048391_clustered.h5ad,2026-05-10 00:39:13,
699/801,SRX9276306,success,clustered_20260509/SRX9276306_clustered.h5ad,2026-05-10 00:39:19,
685/801,SRX9246202,success,clustered_20260509/SRX9246202_clustered.h5ad,2026-05-10 00:39:22,
704/801,SRX9276292,success,clustered_20260509/SRX9276292_clustered.h5ad,2026-05-10 00:39:24,
706/801,SRX9276293,success,clustered_20260509/SRX9276293_clustered.h5ad,2026-05-10 00:39:29,
707/801,SRX9246194,success,clustered_20260509/SRX9246194_clustered.h5ad,2026-05-10 00:40:07,
701/801,SRX9296013,success,clustered_20260509/SRX9296013_clustered.h5ad,2026-05-10 00:40:15,
712/801,SRX9276289,success,clustered_20260509/SRX9276289_clustered.h5ad,2026-05-10 00:40:19,
713/801,SRX8953166,success,clustered_20260509/SRX8953166_clustered.h5ad,2026-05-10 00:40:20,
709/801,SRX9276335,success,clustered_20260509/SRX9276335_clustered.h5ad,2026-05-10 00:40:22,
710/801,SRX9246207,success,clustered_20260509/SRX9246207_clustered.h5ad,2026-05-10 00:40:35,
714/801,SRX9276291,success,clustered_20260509/SRX9276291_clustered.h5ad,2026-05-10 00:40:35,
715/801,SRX9246201,success,clustered_20260509/SRX9246201_clustered.h5ad,2026-05-10 00:40:42,
711/801,SRX9246208,success,clustered_20260509/SRX9246208_clustered.h5ad,2026-05-10 00:40:46,
708/801,SRX9246206,success,clustered_20260509/SRX9246206_clustered.h5ad,2026-05-10 00:40:55,
720/801,SRX8417844,success,clustered_20260509/SRX8417844_clustered.h5ad,2026-05-10 00:41:00,
719/801,SRX9078407,success,clustered_20260509/SRX9078407_clustered.h5ad,2026-05-10 00:41:01,
716/801,SRX9276302,success,clustered_20260509/SRX9276302_clustered.h5ad,2026-05-10 00:41:11,
721/801,SRX9246205,success,clustered_20260509/SRX9246205_clustered.h5ad,2026-05-10 00:41:12,
717/801,SRX9276303,success,clustered_20260509/SRX9276303_clustered.h5ad,2026-05-10 00:41:13,
722/801,SRX9276290,success,clustered_20260509/SRX9276290_clustered.h5ad,2026-05-10 00:41:28,
725/801,SRX27113452,success,clustered_20260509/SRX27113452_clustered.h5ad,2026-05-10 00:41:47,
729/801,SRX27113458,success,clustered_20260509/SRX27113458_clustered.h5ad,2026-05-10 00:41:55,
724/801,SRX27113454,success,clustered_20260509/SRX27113454_clustered.h5ad,2026-05-10 00:42:08,
723/801,SRX27113456,success,clustered_20260509/SRX27113456_clustered.h5ad,2026-05-10 00:42:09,
727/801,SRX27113464,success,clustered_20260509/SRX27113464_clustered.h5ad,2026-05-10 00:42:13,
726/801,SRX27113450,success,clustered_20260509/SRX27113450_clustered.h5ad,2026-05-10 00:42:18,
731/801,SRX9276322,success,clustered_20260509/SRX9276322_clustered.h5ad,2026-05-10 00:42:25,
734/801,SRX8961824,success,clustered_20260509/SRX8961824_clustered.h5ad,2026-05-10 00:42:37,
736/801,SRX9276309,success,clustered_20260509/SRX9276309_clustered.h5ad,2026-05-10 00:43:01,
733/801,SRX9276323,success,clustered_20260509/SRX9276323_clustered.h5ad,2026-05-10 00:43:32,
728/801,SRX27113461,success,clustered_20260509/SRX27113461_clustered.h5ad,2026-05-10 00:43:39,
732/801,SRX9276315,success,clustered_20260509/SRX9276315_clustered.h5ad,2026-05-10 00:43:43,
738/801,SRX9276316,success,clustered_20260509/SRX9276316_clustered.h5ad,2026-05-10 00:44:03,
740/801,SRX8349959,success,clustered_20260509/SRX8349959_clustered.h5ad,2026-05-10 00:44:05,
745/801,SRX28768647,failed,,2026-05-10 00:44:06,InsufficientCellsError: 476 cells remaining after filtering (threshold: 500)
741/801,SRX8349966,success,clustered_20260509/SRX8349966_clustered.h5ad,2026-05-10 00:44:11,
735/801,SRX9276318,success,clustered_20260509/SRX9276318_clustered.h5ad,2026-05-10 00:44:12,
742/801,SRX8349956,success,clustered_20260509/SRX8349956_clustered.h5ad,2026-05-10 00:44:13,
737/801,SRX9246192,success,clustered_20260509/SRX9246192_clustered.h5ad,2026-05-10 00:44:15,
730/801,SRX9296012,success,clustered_20260509/SRX9296012_clustered.h5ad,2026-05-10 00:44:42,
751/801,SRX27465304,failed,,2026-05-10 00:44:44,InsufficientCellsError: 38 cells remaining after filtering (threshold: 500)
752/801,SRX27465368,failed,,2026-05-10 00:44:45,"ValueError: Found array with 0 sample(s) (shape=(0, 0)) while a minimum of 1 is required."
753/801,SRX28768400,success,clustered_20260509/SRX28768400_clustered.h5ad,2026-05-10 00:45:07,
744/801,SRX29072177,success,clustered_20260509/SRX29072177_clustered.h5ad,2026-05-10 00:45:25,
749/801,SRX29072179,success,clustered_20260509/SRX29072179_clustered.h5ad,2026-05-10 00:45:32,
754/801,SRX27465288,success,clustered_20260509/SRX27465288_clustered.h5ad,2026-05-10 00:45:42,
747/801,SRX29072176,success,clustered_20260509/SRX29072176_clustered.h5ad,2026-05-10 00:46:03,
755/801,SRX27465233,success,clustered_20260509/SRX27465233_clustered.h5ad,2026-05-10 00:46:13,
759/801,SRX28769201,failed,,2026-05-10 00:46:16,InsufficientCellsError: 25 cells remaining after filtering (threshold: 500)
760/801,SRX28769193,failed,,2026-05-10 00:46:18,InsufficientCellsError: 453 cells remaining after filtering (threshold: 500)
756/801,SRX27465283,success,clustered_20260509/SRX27465283_clustered.h5ad,2026-05-10 00:46:18,
757/801,SRX28768666,success,clustered_20260509/SRX28768666_clustered.h5ad,2026-05-10 00:46:18,
743/801,SRX29072180,success,clustered_20260509/SRX29072180_clustered.h5ad,2026-05-10 00:46:29,
748/801,SRX8370854,success,clustered_20260509/SRX8370854_clustered.h5ad,2026-05-10 00:46:41,
746/801,SRX29072175,success,clustered_20260509/SRX29072175_clustered.h5ad,2026-05-10 00:46:50,
750/801,SRX29072178,success,clustered_20260509/SRX29072178_clustered.h5ad,2026-05-10 00:47:12,
765/801,SRX8349961,success,clustered_20260509/SRX8349961_clustered.h5ad,2026-05-10 00:47:25,
763/801,SRX9276332,success,clustered_20260509/SRX9276332_clustered.h5ad,2026-05-10 00:47:26,
762/801,SRX9276326,success,clustered_20260509/SRX9276326_clustered.h5ad,2026-05-10 00:47:27,
764/801,SRX9276325,success,clustered_20260509/SRX9276325_clustered.h5ad,2026-05-10 00:47:40,
761/801,SRX9276320,success,clustered_20260509/SRX9276320_clustered.h5ad,2026-05-10 00:47:53,
766/801,SRX8349958,success,clustered_20260509/SRX8349958_clustered.h5ad,2026-05-10 00:47:56,
758/801,SRX28769081,success,clustered_20260509/SRX28769081_clustered.h5ad,2026-05-10 00:48:02,
769/801,SRX8370856,success,clustered_20260509/SRX8370856_clustered.h5ad,2026-05-10 00:48:57,
770/801,SRX8370861,success,clustered_20260509/SRX8370861_clustered.h5ad,2026-05-10 00:49:20,
768/801,SRX8370855,success,clustered_20260509/SRX8370855_clustered.h5ad,2026-05-10 00:49:23,
771/801,SRX8370857,success,clustered_20260509/SRX8370857_clustered.h5ad,2026-05-10 00:49:45,
773/801,SRX8370860,success,clustered_20260509/SRX8370860_clustered.h5ad,2026-05-10 00:49:48,
772/801,SRX8370858,success,clustered_20260509/SRX8370858_clustered.h5ad,2026-05-10 00:49:58,
767/801,SRX8353571,success,clustered_20260509/SRX8353571_clustered.h5ad,2026-05-10 00:49:59,
776/801,SRX7692419,success,clustered_20260509/SRX7692419_clustered.h5ad,2026-05-10 00:50:07,
774/801,SRX8353568,success,clustered_20260509/SRX8353568_clustered.h5ad,2026-05-10 00:50:28,
777/801,SRX6812462,success,clustered_20260509/SRX6812462_clustered.h5ad,2026-05-10 00:51:11,
780/801,SRX29130822,success,clustered_20260509/SRX29130822_clustered.h5ad,2026-05-10 00:51:44,
775/801,SRX8370852,success,clustered_20260509/SRX8370852_clustered.h5ad,2026-05-10 00:51:50,
786/801,SRX28769129,failed,,2026-05-10 00:51:52,InsufficientCellsError: 277 cells remaining after filtering (threshold: 500)
781/801,SRX29130825,success,clustered_20260509/SRX29130825_clustered.h5ad,2026-05-10 00:51:55,
778/801,SRX6812459,success,clustered_20260509/SRX6812459_clustered.h5ad,2026-05-10 00:51:55,
782/801,SRX29130834,success,clustered_20260509/SRX29130834_clustered.h5ad,2026-05-10 00:52:06,
779/801,SRX29130823,success,clustered_20260509/SRX29130823_clustered.h5ad,2026-05-10 00:52:07,
739/801,SRX9296018,success,clustered_20260509/SRX9296018_clustered.h5ad,2026-05-10 00:52:13,
718/801,SRX10100448,success,clustered_20260509/SRX10100448_clustered.h5ad,2026-05-10 00:52:15,
785/801,SRX6726367,success,clustered_20260509/SRX6726367_clustered.h5ad,2026-05-10 00:52:32,
787/801,SRX6726368,success,clustered_20260509/SRX6726368_clustered.h5ad,2026-05-10 00:52:49,
788/801,SRX6726385,success,clustered_20260509/SRX6726385_clustered.h5ad,2026-05-10 00:52:52,
793/801,SRX6726380,success,clustered_20260509/SRX6726380_clustered.h5ad,2026-05-10 00:53:02,
792/801,SRX6726395,success,clustered_20260509/SRX6726395_clustered.h5ad,2026-05-10 00:53:04,
790/801,SRX6726386,success,clustered_20260509/SRX6726386_clustered.h5ad,2026-05-10 00:53:10,
783/801,SRX6726375,success,clustered_20260509/SRX6726375_clustered.h5ad,2026-05-10 00:53:16,
795/801,SRX6726383,success,clustered_20260509/SRX6726383_clustered.h5ad,2026-05-10 00:53:20,
794/801,SRX6726379,success,clustered_20260509/SRX6726379_clustered.h5ad,2026-05-10 00:53:29,
801/801,SRX6726389,success,clustered_20260509/SRX6726389_clustered.h5ad,2026-05-10 00:53:55,
791/801,SRX6726378,success,clustered_20260509/SRX6726378_clustered.h5ad,2026-05-10 00:53:58,
799/801,SRX6726397,success,clustered_20260509/SRX6726397_clustered.h5ad,2026-05-10 00:54:07,
797/801,SRX6726398,success,clustered_20260509/SRX6726398_clustered.h5ad,2026-05-10 00:54:15,
789/801,SRX6726382,success,clustered_20260509/SRX6726382_clustered.h5ad,2026-05-10 00:54:18,
798/801,SRX6726390,success,clustered_20260509/SRX6726390_clustered.h5ad,2026-05-10 00:54:19,
800/801,SRX6726394,success,clustered_20260509/SRX6726394_clustered.h5ad,2026-05-10 00:55:40,
796/801,SRX6726387,success,clustered_20260509/SRX6726387_clustered.h5ad,2026-05-10 00:55:58,
784/801,SRX19352021,success,clustered_20260509/SRX19352021_clustered.h5ad,2026-05-10 01:24:54,
