position,srx,status,r2_file,n_cell_types,n_clusters,timestamp,error
7/765,ERX11662361,success,clustered_20260509/ERX11662361_clustered.h5ad,8,7,2026-05-11 18:25:52,
3/765,ERX11662357,success,clustered_20260509/ERX11662357_clustered.h5ad,1,8,2026-05-11 18:27:05,
1/765,ERX11662338,success,clustered_20260509/ERX11662338_clustered.h5ad,14,9,2026-05-11 18:27:21,
6/765,ERX11662360,success,clustered_20260509/ERX11662360_clustered.h5ad,1,6,2026-05-11 18:28:00,
9/765,ERX11662363,success,clustered_20260509/ERX11662363_clustered.h5ad,1,7,2026-05-11 18:28:12,
4/765,ERX11662358,success,clustered_20260509/ERX11662358_clustered.h5ad,1,6,2026-05-11 18:28:16,
16/765,ERX11662371,success,clustered_20260509/ERX11662371_clustered.h5ad,14,16,2026-05-11 18:28:25,
2/765,ERX11662356,success,clustered_20260509/ERX11662356_clustered.h5ad,1,7,2026-05-11 18:28:36,
17/765,ERX11662373,success,clustered_20260509/ERX11662373_clustered.h5ad,9,10,2026-05-11 18:28:40,
8/765,ERX11662362,success,clustered_20260509/ERX11662362_clustered.h5ad,11,6,2026-05-11 18:28:54,
14/765,ERX11662369,success,clustered_20260509/ERX11662369_clustered.h5ad,1,4,2026-05-11 18:28:59,
15/765,ERX11662370,success,clustered_20260509/ERX11662370_clustered.h5ad,1,4,2026-05-11 18:29:11,
18/765,ERX11662375,success,clustered_20260509/ERX11662375_clustered.h5ad,14,23,2026-05-11 18:29:12,
10/765,ERX11662364,success,clustered_20260509/ERX11662364_clustered.h5ad,1,4,2026-05-11 18:29:15,
23/765,ERX11662382,success,clustered_20260509/ERX11662382_clustered.h5ad,12,17,2026-05-11 18:29:24,
12/765,ERX11662366,success,clustered_20260509/ERX11662366_clustered.h5ad,12,21,2026-05-11 18:29:31,
19/765,ERX11662376,success,clustered_20260509/ERX11662376_clustered.h5ad,1,3,2026-05-11 18:29:33,
22/765,ERX11662381,success,clustered_20260509/ERX11662381_clustered.h5ad,1,5,2026-05-11 18:29:39,
11/765,ERX11662365,success,clustered_20260509/ERX11662365_clustered.h5ad,1,5,2026-05-11 18:29:42,
25/765,ERX11662384,success,clustered_20260509/ERX11662384_clustered.h5ad,8,11,2026-05-11 18:29:50,
13/765,ERX11662367,success,clustered_20260509/ERX11662367_clustered.h5ad,1,6,2026-05-11 18:29:52,
5/765,ERX11662359,success,clustered_20260509/ERX11662359_clustered.h5ad,24,20,2026-05-11 18:30:11,
26/765,ERX11662385,success,clustered_20260509/ERX11662385_clustered.h5ad,1,6,2026-05-11 18:30:12,
29/765,ERX11876751,success,clustered_20260509/ERX11876751_clustered.h5ad,11,12,2026-05-11 18:30:41,
31/765,ERX11876753,success,clustered_20260509/ERX11876753_clustered.h5ad,10,7,2026-05-11 18:30:49,
27/765,ERX11876748,success,clustered_20260509/ERX11876748_clustered.h5ad,15,18,2026-05-11 18:30:55,
32/765,ERX11876754,success,clustered_20260509/ERX11876754_clustered.h5ad,20,25,2026-05-11 18:30:57,
33/765,ERX11876755,success,clustered_20260509/ERX11876755_clustered.h5ad,17,18,2026-05-11 18:31:02,
28/765,ERX11876750,success,clustered_20260509/ERX11876750_clustered.h5ad,12,12,2026-05-11 18:31:06,
30/765,ERX11876752,success,clustered_20260509/ERX11876752_clustered.h5ad,17,19,2026-05-11 18:31:07,
40/765,ERX11876764,success,clustered_20260509/ERX11876764_clustered.h5ad,3,4,2026-05-11 18:31:23,
39/765,ERX11876763,success,clustered_20260509/ERX11876763_clustered.h5ad,3,2,2026-05-11 18:31:23,
34/765,ERX11876756,success,clustered_20260509/ERX11876756_clustered.h5ad,16,21,2026-05-11 18:31:26,
42/765,ERX11876767,success,clustered_20260509/ERX11876767_clustered.h5ad,3,2,2026-05-11 18:31:39,
38/765,ERX11876760,success,clustered_20260509/ERX11876760_clustered.h5ad,19,19,2026-05-11 18:31:39,
41/765,ERX11876765,success,clustered_20260509/ERX11876765_clustered.h5ad,6,11,2026-05-11 18:31:40,
36/765,ERX11876758,success,clustered_20260509/ERX11876758_clustered.h5ad,16,12,2026-05-11 18:31:53,
37/765,ERX11876759,success,clustered_20260509/ERX11876759_clustered.h5ad,8,5,2026-05-11 18:31:55,
43/765,ERX11876768,success,clustered_20260509/ERX11876768_clustered.h5ad,11,10,2026-05-11 18:31:55,
35/765,ERX11876757,success,clustered_20260509/ERX11876757_clustered.h5ad,16,18,2026-05-11 18:32:02,
45/765,ERX11876770,success,clustered_20260509/ERX11876770_clustered.h5ad,18,23,2026-05-11 18:32:18,
49/765,ERX4409915,success,clustered_20260509/ERX4409915_clustered.h5ad,4,1,2026-05-11 18:32:28,
48/765,ERX4409913,success,clustered_20260509/ERX4409913_clustered.h5ad,2,1,2026-05-11 18:32:29,
20/765,ERX11662377,success,clustered_20260509/ERX11662377_clustered.h5ad,19,17,2026-05-11 18:32:37,
46/765,ERX11876771,success,clustered_20260509/ERX11876771_clustered.h5ad,16,20,2026-05-11 18:32:43,
44/765,ERX11876769,success,clustered_20260509/ERX11876769_clustered.h5ad,10,7,2026-05-11 18:32:55,
50/765,ERX8831394,success,clustered_20260509/ERX8831394_clustered.h5ad,1,1,2026-05-11 18:32:55,
21/765,ERX11662378,success,clustered_20260509/ERX11662378_clustered.h5ad,18,6,2026-05-11 18:32:58,
47/765,ERX11876772,success,clustered_20260509/ERX11876772_clustered.h5ad,12,21,2026-05-11 18:33:09,
57/765,SRX10048376,success,clustered_20260509/SRX10048376_clustered.h5ad,20,24,2026-05-11 18:33:19,
54/765,SRX10008476,success,clustered_20260509/SRX10008476_clustered.h5ad,4,3,2026-05-11 18:33:21,
53/765,ERX8831397,success,clustered_20260509/ERX8831397_clustered.h5ad,1,1,2026-05-11 18:33:48,
51/765,ERX8831395,success,clustered_20260509/ERX8831395_clustered.h5ad,1,1,2026-05-11 18:33:57,
52/765,ERX8831396,success,clustered_20260509/ERX8831396_clustered.h5ad,3,1,2026-05-11 18:33:58,
63/765,SRX10048393,success,clustered_20260509/SRX10048393_clustered.h5ad,11,14,2026-05-11 18:34:05,
56/765,SRX10048375,success,clustered_20260509/SRX10048375_clustered.h5ad,21,15,2026-05-11 18:34:07,
66/765,SRX10048397,success,clustered_20260509/SRX10048397_clustered.h5ad,16,14,2026-05-11 18:34:17,
65/765,SRX10048396,success,clustered_20260509/SRX10048396_clustered.h5ad,13,18,2026-05-11 18:34:17,
61/765,SRX10048389,success,clustered_20260509/SRX10048389_clustered.h5ad,21,18,2026-05-11 18:34:21,
55/765,SRX10048373,success,clustered_20260509/SRX10048373_clustered.h5ad,24,20,2026-05-11 18:34:23,
60/765,SRX10048385,success,clustered_20260509/SRX10048385_clustered.h5ad,23,21,2026-05-11 18:34:28,
68/765,SRX10152685,success,clustered_20260509/SRX10152685_clustered.h5ad,21,24,2026-05-11 18:34:37,
64/765,SRX10048395,success,clustered_20260509/SRX10048395_clustered.h5ad,18,17,2026-05-11 18:34:45,
73/765,SRX10335835,success,clustered_20260509/SRX10335835_clustered.h5ad,4,6,2026-05-11 18:34:50,
24/765,ERX11662383,success,clustered_20260509/ERX11662383_clustered.h5ad,1,4,2026-05-11 18:34:59,
59/765,SRX10048380,success,clustered_20260509/SRX10048380_clustered.h5ad,22,17,2026-05-11 18:35:00,
70/765,SRX10327364,success,clustered_20260509/SRX10327364_clustered.h5ad,5,4,2026-05-11 18:35:01,
72/765,SRX10327368,success,clustered_20260509/SRX10327368_clustered.h5ad,6,4,2026-05-11 18:35:08,
75/765,SRX10425170,success,clustered_20260509/SRX10425170_clustered.h5ad,19,23,2026-05-11 18:35:15,
74/765,SRX10425169,success,clustered_20260509/SRX10425169_clustered.h5ad,21,22,2026-05-11 18:35:20,
77/765,SRX10984882,success,clustered_20260509/SRX10984882_clustered.h5ad,6,9,2026-05-11 18:35:20,
58/765,SRX10048379,success,clustered_20260509/SRX10048379_clustered.h5ad,25,23,2026-05-11 18:35:21,
71/765,SRX10327365,success,clustered_20260509/SRX10327365_clustered.h5ad,5,3,2026-05-11 18:35:25,
69/765,SRX10327362,success,clustered_20260509/SRX10327362_clustered.h5ad,6,5,2026-05-11 18:35:35,
80/765,SRX11143425,success,clustered_20260509/SRX11143425_clustered.h5ad,5,21,2026-05-11 18:36:20,
78/765,SRX11143423,success,clustered_20260509/SRX11143423_clustered.h5ad,9,6,2026-05-11 18:36:22,
76/765,SRX10957183,success,clustered_20260509/SRX10957183_clustered.h5ad,3,2,2026-05-11 18:36:26,
79/765,SRX11143424,success,clustered_20260509/SRX11143424_clustered.h5ad,9,4,2026-05-11 18:36:27,
86/765,SRX11438987,success,clustered_20260509/SRX11438987_clustered.h5ad,7,9,2026-05-11 18:36:30,
83/765,SRX11143429,success,clustered_20260509/SRX11143429_clustered.h5ad,9,10,2026-05-11 18:36:31,
82/765,SRX11143428,success,clustered_20260509/SRX11143428_clustered.h5ad,10,8,2026-05-11 18:36:41,
90/765,SRX11438992,success,clustered_20260509/SRX11438992_clustered.h5ad,13,19,2026-05-11 18:36:44,
62/765,SRX10048391,success,clustered_20260509/SRX10048391_clustered.h5ad,19,13,2026-05-11 18:36:46,
84/765,SRX11143430,success,clustered_20260509/SRX11143430_clustered.h5ad,9,8,2026-05-11 18:36:47,
87/765,SRX11438989,success,clustered_20260509/SRX11438989_clustered.h5ad,18,23,2026-05-11 18:36:48,
93/765,SRX11987892,success,clustered_20260509/SRX11987892_clustered.h5ad,8,9,2026-05-11 18:36:53,
85/765,SRX11438984,success,clustered_20260509/SRX11438984_clustered.h5ad,17,22,2026-05-11 18:36:54,
88/765,SRX11438990,success,clustered_20260509/SRX11438990_clustered.h5ad,13,16,2026-05-11 18:36:57,
95/765,SRX11987900,success,clustered_20260509/SRX11987900_clustered.h5ad,8,6,2026-05-11 18:36:58,
96/765,SRX11987902,success,clustered_20260509/SRX11987902_clustered.h5ad,8,14,2026-05-11 18:36:58,
99/765,SRX11987906,success,clustered_20260509/SRX11987906_clustered.h5ad,9,17,2026-05-11 18:37:01,
81/765,SRX11143427,success,clustered_20260509/SRX11143427_clustered.h5ad,8,7,2026-05-11 18:37:02,
98/765,SRX11987904,success,clustered_20260509/SRX11987904_clustered.h5ad,12,19,2026-05-11 18:37:02,
100/765,SRX11987908,success,clustered_20260509/SRX11987908_clustered.h5ad,12,12,2026-05-11 18:37:02,
94/765,SRX11987896,success,clustered_20260509/SRX11987896_clustered.h5ad,12,11,2026-05-11 18:37:03,
92/765,SRX11515852,success,clustered_20260509/SRX11515852_clustered.h5ad,11,10,2026-05-11 18:37:03,
89/765,SRX11438991,success,clustered_20260509/SRX11438991_clustered.h5ad,22,26,2026-05-11 18:37:03,
97/765,SRX11987903,success,clustered_20260509/SRX11987903_clustered.h5ad,11,8,2026-05-11 18:37:05,
108/765,SRX12708356,success,clustered_20260509/SRX12708356_clustered.h5ad,4,4,2026-05-11 18:37:08,
102/765,SRX11987912,success,clustered_20260509/SRX11987912_clustered.h5ad,10,13,2026-05-11 18:37:11,
101/765,SRX11987909,success,clustered_20260509/SRX11987909_clustered.h5ad,10,9,2026-05-11 18:37:14,
103/765,SRX11987915,success,clustered_20260509/SRX11987915_clustered.h5ad,12,11,2026-05-11 18:37:14,
91/765,SRX11515843,success,clustered_20260509/SRX11515843_clustered.h5ad,14,8,2026-05-11 18:37:16,
107/765,SRX12571167,success,clustered_20260509/SRX12571167_clustered.h5ad,3,1,2026-05-11 18:37:22,
105/765,SRX12366723,success,clustered_20260509/SRX12366723_clustered.h5ad,6,6,2026-05-11 18:37:32,
104/765,SRX12285822,success,clustered_20260509/SRX12285822_clustered.h5ad,9,9,2026-05-11 18:37:46,
109/765,SRX12868712,success,clustered_20260509/SRX12868712_clustered.h5ad,21,17,2026-05-11 18:37:59,
116/765,SRX13061245,success,clustered_20260509/SRX13061245_clustered.h5ad,6,5,2026-05-11 18:38:02,
114/765,SRX12868719,success,clustered_20260509/SRX12868719_clustered.h5ad,20,19,2026-05-11 18:38:16,
112/765,SRX12868715,success,clustered_20260509/SRX12868715_clustered.h5ad,22,22,2026-05-11 18:38:16,
106/765,SRX12509396,success,clustered_20260509/SRX12509396_clustered.h5ad,6,3,2026-05-11 18:38:29,
111/765,SRX12868714,success,clustered_20260509/SRX12868714_clustered.h5ad,24,15,2026-05-11 18:38:52,
115/765,SRX12868721,success,clustered_20260509/SRX12868721_clustered.h5ad,20,14,2026-05-11 18:38:56,
118/765,SRX13198725,success,clustered_20260509/SRX13198725_clustered.h5ad,21,25,2026-05-11 18:39:04,
117/765,SRX13198724,success,clustered_20260509/SRX13198724_clustered.h5ad,19,19,2026-05-11 18:39:13,
119/765,SRX13198726,success,clustered_20260509/SRX13198726_clustered.h5ad,19,22,2026-05-11 18:39:13,
67/765,SRX10100448,success,clustered_20260509/SRX10100448_clustered.h5ad,7,5,2026-05-11 18:39:21,
113/765,SRX12868717,success,clustered_20260509/SRX12868717_clustered.h5ad,20,19,2026-05-11 18:39:24,
110/765,SRX12868713,success,clustered_20260509/SRX12868713_clustered.h5ad,22,19,2026-05-11 18:39:35,
127/765,SRX14098302,success,clustered_20260509/SRX14098302_clustered.h5ad,15,19,2026-05-11 18:39:37,
125/765,SRX13325103,success,clustered_20260509/SRX13325103_clustered.h5ad,21,24,2026-05-11 18:39:38,
123/765,SRX13198730,success,clustered_20260509/SRX13198730_clustered.h5ad,22,19,2026-05-11 18:39:39,
120/765,SRX13198727,success,clustered_20260509/SRX13198727_clustered.h5ad,23,14,2026-05-11 18:39:46,
121/765,SRX13198728,success,clustered_20260509/SRX13198728_clustered.h5ad,21,16,2026-05-11 18:39:50,
132/765,SRX14589432,success,clustered_20260509/SRX14589432_clustered.h5ad,6,4,2026-05-11 18:39:55,
130/765,SRX14495312,success,clustered_20260509/SRX14495312_clustered.h5ad,8,16,2026-05-11 18:40:05,
133/765,SRX14589433,success,clustered_20260509/SRX14589433_clustered.h5ad,9,5,2026-05-11 18:40:05,
128/765,SRX14098303,success,clustered_20260509/SRX14098303_clustered.h5ad,25,27,2026-05-11 18:40:14,
122/765,SRX13198729,success,clustered_20260509/SRX13198729_clustered.h5ad,24,38,2026-05-11 18:40:20,
135/765,SRX14767851,success,clustered_20260509/SRX14767851_clustered.h5ad,4,6,2026-05-11 18:40:21,
131/765,SRX14589431,success,clustered_20260509/SRX14589431_clustered.h5ad,8,7,2026-05-11 18:40:23,
126/765,SRX14098301,success,clustered_20260509/SRX14098301_clustered.h5ad,22,15,2026-05-11 18:40:25,
124/765,SRX13198732,success,clustered_20260509/SRX13198732_clustered.h5ad,22,22,2026-05-11 18:40:30,
129/765,SRX14098306,success,clustered_20260509/SRX14098306_clustered.h5ad,23,20,2026-05-11 18:40:41,
138/765,SRX14767854,success,clustered_20260509/SRX14767854_clustered.h5ad,3,4,2026-05-11 18:40:51,
137/765,SRX14767853,success,clustered_20260509/SRX14767853_clustered.h5ad,4,5,2026-05-11 18:41:12,
136/765,SRX14767852,success,clustered_20260509/SRX14767852_clustered.h5ad,6,5,2026-05-11 18:41:20,
139/765,SRX14767855,success,clustered_20260509/SRX14767855_clustered.h5ad,5,6,2026-05-11 18:41:22,
134/765,SRX14767848,success,clustered_20260509/SRX14767848_clustered.h5ad,4,5,2026-05-11 18:41:25,
141/765,SRX14891759,success,clustered_20260509/SRX14891759_clustered.h5ad,16,25,2026-05-11 18:41:47,
145/765,SRX14891763,success,clustered_20260509/SRX14891763_clustered.h5ad,24,16,2026-05-11 18:42:01,
140/765,SRX14891756,success,clustered_20260509/SRX14891756_clustered.h5ad,14,13,2026-05-11 18:42:04,
142/765,SRX14891760,success,clustered_20260509/SRX14891760_clustered.h5ad,22,19,2026-05-11 18:42:08,
144/765,SRX14891762,success,clustered_20260509/SRX14891762_clustered.h5ad,21,25,2026-05-11 18:42:18,
143/765,SRX14891761,success,clustered_20260509/SRX14891761_clustered.h5ad,23,20,2026-05-11 18:42:22,
147/765,SRX14891765,success,clustered_20260509/SRX14891765_clustered.h5ad,16,15,2026-05-11 18:42:27,
150/765,SRX15263315,success,clustered_20260509/SRX15263315_clustered.h5ad,11,6,2026-05-11 18:42:38,
153/765,SRX15263318,success,clustered_20260509/SRX15263318_clustered.h5ad,12,7,2026-05-11 18:42:50,
152/765,SRX15263317,success,clustered_20260509/SRX15263317_clustered.h5ad,12,8,2026-05-11 18:42:50,
148/765,SRX14891767,success,clustered_20260509/SRX14891767_clustered.h5ad,21,21,2026-05-11 18:42:53,
149/765,SRX14891769,success,clustered_20260509/SRX14891769_clustered.h5ad,27,21,2026-05-11 18:42:57,
151/765,SRX15263316,success,clustered_20260509/SRX15263316_clustered.h5ad,11,18,2026-05-11 18:43:05,
154/765,SRX16217002,success,clustered_20260509/SRX16217002_clustered.h5ad,6,6,2026-05-11 18:43:08,
157/765,SRX16217005,success,clustered_20260509/SRX16217005_clustered.h5ad,4,5,2026-05-11 18:43:09,
156/765,SRX16217004,success,clustered_20260509/SRX16217004_clustered.h5ad,5,3,2026-05-11 18:43:10,
155/765,SRX16217003,success,clustered_20260509/SRX16217003_clustered.h5ad,4,4,2026-05-11 18:43:25,
146/765,SRX14891764,success,clustered_20260509/SRX14891764_clustered.h5ad,22,24,2026-05-11 18:43:35,
159/765,SRX16217007,success,clustered_20260509/SRX16217007_clustered.h5ad,5,5,2026-05-11 18:43:38,
158/765,SRX16217006,success,clustered_20260509/SRX16217006_clustered.h5ad,3,6,2026-05-11 18:43:57,
163/765,SRX16217012,success,clustered_20260509/SRX16217012_clustered.h5ad,3,4,2026-05-11 18:43:57,
164/765,SRX16217013,success,clustered_20260509/SRX16217013_clustered.h5ad,3,6,2026-05-11 18:43:58,
169/765,SRX16757156,success,clustered_20260509/SRX16757156_clustered.h5ad,10,9,2026-05-11 18:44:12,
171/765,SRX17035589,success,clustered_20260509/SRX17035589_clustered.h5ad,4,3,2026-05-11 18:44:15,
168/765,SRX16217017,success,clustered_20260509/SRX16217017_clustered.h5ad,4,6,2026-05-11 18:44:24,
160/765,SRX16217008,success,clustered_20260509/SRX16217008_clustered.h5ad,5,7,2026-05-11 18:44:28,
162/765,SRX16217010,success,clustered_20260509/SRX16217010_clustered.h5ad,4,5,2026-05-11 18:44:36,
175/765,SRX17412786,success,clustered_20260509/SRX17412786_clustered.h5ad,11,9,2026-05-11 18:44:39,
177/765,SRX17412802,success,clustered_20260509/SRX17412802_clustered.h5ad,4,2,2026-05-11 18:44:43,
167/765,SRX16217016,success,clustered_20260509/SRX16217016_clustered.h5ad,3,5,2026-05-11 18:44:44,
176/765,SRX17412792,success,clustered_20260509/SRX17412792_clustered.h5ad,8,5,2026-05-11 18:44:45,
170/765,SRX16757157,success,clustered_20260509/SRX16757157_clustered.h5ad,13,9,2026-05-11 18:44:49,
165/765,SRX16217014,success,clustered_20260509/SRX16217014_clustered.h5ad,5,6,2026-05-11 18:44:51,
166/765,SRX16217015,success,clustered_20260509/SRX16217015_clustered.h5ad,4,5,2026-05-11 18:44:55,
178/765,SRX17412805,success,clustered_20260509/SRX17412805_clustered.h5ad,17,18,2026-05-11 18:44:56,
161/765,SRX16217009,success,clustered_20260509/SRX16217009_clustered.h5ad,5,6,2026-05-11 18:45:00,
179/765,SRX17412806,success,clustered_20260509/SRX17412806_clustered.h5ad,11,17,2026-05-11 18:45:03,
181/765,SRX17412808,success,clustered_20260509/SRX17412808_clustered.h5ad,18,18,2026-05-11 18:45:09,
184/765,SRX17412812,success,clustered_20260509/SRX17412812_clustered.h5ad,10,8,2026-05-11 18:45:13,
186/765,SRX17412814,success,clustered_20260509/SRX17412814_clustered.h5ad,14,11,2026-05-11 18:45:14,
187/765,SRX17412815,success,clustered_20260509/SRX17412815_clustered.h5ad,9,8,2026-05-11 18:45:18,
182/765,SRX17412809,success,clustered_20260509/SRX17412809_clustered.h5ad,11,9,2026-05-11 18:45:21,
185/765,SRX17412813,success,clustered_20260509/SRX17412813_clustered.h5ad,14,14,2026-05-11 18:45:22,
190/765,SRX17412818,success,clustered_20260509/SRX17412818_clustered.h5ad,8,11,2026-05-11 18:45:28,
191/765,SRX17412820,success,clustered_20260509/SRX17412820_clustered.h5ad,15,18,2026-05-11 18:45:31,
183/765,SRX17412811,success,clustered_20260509/SRX17412811_clustered.h5ad,17,13,2026-05-11 18:45:32,
180/765,SRX17412807,success,clustered_20260509/SRX17412807_clustered.h5ad,13,16,2026-05-11 18:45:32,
192/765,SRX17412821,success,clustered_20260509/SRX17412821_clustered.h5ad,13,15,2026-05-11 18:45:36,
189/765,SRX17412817,success,clustered_20260509/SRX17412817_clustered.h5ad,17,21,2026-05-11 18:45:36,
188/765,SRX17412816,success,clustered_20260509/SRX17412816_clustered.h5ad,19,19,2026-05-11 18:45:45,
193/765,SRX17412823,success,clustered_20260509/SRX17412823_clustered.h5ad,8,8,2026-05-11 18:45:47,
197/765,SRX17412828,success,clustered_20260509/SRX17412828_clustered.h5ad,17,18,2026-05-11 18:46:03,
198/765,SRX17412829,success,clustered_20260509/SRX17412829_clustered.h5ad,16,15,2026-05-11 18:46:04,
202/765,SRX17412833,success,clustered_20260509/SRX17412833_clustered.h5ad,3,2,2026-05-11 18:46:09,
199/765,SRX17412830,success,clustered_20260509/SRX17412830_clustered.h5ad,10,13,2026-05-11 18:46:10,
196/765,SRX17412827,success,clustered_20260509/SRX17412827_clustered.h5ad,18,15,2026-05-11 18:46:10,
200/765,SRX17412831,success,clustered_20260509/SRX17412831_clustered.h5ad,13,22,2026-05-11 18:46:12,
194/765,SRX17412824,success,clustered_20260509/SRX17412824_clustered.h5ad,14,9,2026-05-11 18:46:14,
195/765,SRX17412825,success,clustered_20260509/SRX17412825_clustered.h5ad,17,23,2026-05-11 18:46:17,
172/765,SRX17137139,success,clustered_20260509/SRX17137139_clustered.h5ad,11,14,2026-05-11 18:46:28,
206/765,SRX17412837,success,clustered_20260509/SRX17412837_clustered.h5ad,14,13,2026-05-11 18:46:29,
173/765,SRX17150749,success,clustered_20260509/SRX17150749_clustered.h5ad,5,1,2026-05-11 18:46:35,
207/765,SRX17412839,success,clustered_20260509/SRX17412839_clustered.h5ad,16,14,2026-05-11 18:46:36,
208/765,SRX17412840,success,clustered_20260509/SRX17412840_clustered.h5ad,11,8,2026-05-11 18:46:37,
174/765,SRX17150750,success,clustered_20260509/SRX17150750_clustered.h5ad,5,1,2026-05-11 18:46:37,
201/765,SRX17412832,success,clustered_20260509/SRX17412832_clustered.h5ad,10,12,2026-05-11 18:46:41,
210/765,SRX17412842,success,clustered_20260509/SRX17412842_clustered.h5ad,19,17,2026-05-11 18:46:45,
214/765,SRX17412846,success,clustered_20260509/SRX17412846_clustered.h5ad,11,12,2026-05-11 18:46:54,
203/765,SRX17412834,success,clustered_20260509/SRX17412834_clustered.h5ad,13,9,2026-05-11 18:46:54,
211/765,SRX17412843,success,clustered_20260509/SRX17412843_clustered.h5ad,20,18,2026-05-11 18:46:55,
212/765,SRX17412844,success,clustered_20260509/SRX17412844_clustered.h5ad,13,14,2026-05-11 18:46:56,
215/765,SRX17412847,success,clustered_20260509/SRX17412847_clustered.h5ad,18,18,2026-05-11 18:47:01,
217/765,SRX17412849,success,clustered_20260509/SRX17412849_clustered.h5ad,12,11,2026-05-11 18:47:02,
213/765,SRX17412845,success,clustered_20260509/SRX17412845_clustered.h5ad,18,14,2026-05-11 18:47:03,
220/765,SRX17412852,success,clustered_20260509/SRX17412852_clustered.h5ad,11,10,2026-05-11 18:47:04,
216/765,SRX17412848,success,clustered_20260509/SRX17412848_clustered.h5ad,12,9,2026-05-11 18:47:06,
204/765,SRX17412835,success,clustered_20260509/SRX17412835_clustered.h5ad,17,23,2026-05-11 18:47:07,
205/765,SRX17412836,success,clustered_20260509/SRX17412836_clustered.h5ad,21,23,2026-05-11 18:47:08,
209/765,SRX17412841,success,clustered_20260509/SRX17412841_clustered.h5ad,14,17,2026-05-11 18:47:10,
218/765,SRX17412850,success,clustered_20260509/SRX17412850_clustered.h5ad,12,19,2026-05-11 18:47:13,
219/765,SRX17412851,success,clustered_20260509/SRX17412851_clustered.h5ad,19,21,2026-05-11 18:47:15,
226/765,SRX17689199,success,clustered_20260509/SRX17689199_clustered.h5ad,17,17,2026-05-11 18:47:31,
230/765,SRX17689204,success,clustered_20260509/SRX17689204_clustered.h5ad,16,14,2026-05-11 18:47:32,
222/765,SRX17412854,success,clustered_20260509/SRX17412854_clustered.h5ad,17,16,2026-05-11 18:47:35,
225/765,SRX17689198,success,clustered_20260509/SRX17689198_clustered.h5ad,19,12,2026-05-11 18:47:35,
228/765,SRX17689201,success,clustered_20260509/SRX17689201_clustered.h5ad,22,22,2026-05-11 18:47:36,
227/765,SRX17689200,success,clustered_20260509/SRX17689200_clustered.h5ad,18,16,2026-05-11 18:47:37,
224/765,SRX17689197,success,clustered_20260509/SRX17689197_clustered.h5ad,21,18,2026-05-11 18:47:40,
229/765,SRX17689203,success,clustered_20260509/SRX17689203_clustered.h5ad,18,22,2026-05-11 18:47:41,
231/765,SRX17689205,success,clustered_20260509/SRX17689205_clustered.h5ad,16,15,2026-05-11 18:47:48,
221/765,SRX17412853,success,clustered_20260509/SRX17412853_clustered.h5ad,19,16,2026-05-11 18:47:48,
232/765,SRX17689208,success,clustered_20260509/SRX17689208_clustered.h5ad,21,19,2026-05-11 18:47:49,
223/765,SRX17664572,success,clustered_20260509/SRX17664572_clustered.h5ad,8,5,2026-05-11 18:47:49,
233/765,SRX17689209,success,clustered_20260509/SRX17689209_clustered.h5ad,15,15,2026-05-11 18:48:00,
234/765,SRX17689210,success,clustered_20260509/SRX17689210_clustered.h5ad,19,20,2026-05-11 18:48:05,
236/765,SRX17896694,success,clustered_20260509/SRX17896694_clustered.h5ad,4,3,2026-05-11 18:48:08,
235/765,SRX17896691,success,clustered_20260509/SRX17896691_clustered.h5ad,8,5,2026-05-11 18:48:19,
243/765,SRX18248068,success,clustered_20260509/SRX18248068_clustered.h5ad,16,18,2026-05-11 18:48:31,
242/765,SRX18248067,success,clustered_20260509/SRX18248067_clustered.h5ad,20,19,2026-05-11 18:48:52,
238/765,SRX18248063,success,clustered_20260509/SRX18248063_clustered.h5ad,16,14,2026-05-11 18:48:54,
247/765,SRX19162066,success,clustered_20260509/SRX19162066_clustered.h5ad,1,4,2026-05-11 18:49:01,
244/765,SRX18248069,success,clustered_20260509/SRX18248069_clustered.h5ad,22,11,2026-05-11 18:49:08,
240/765,SRX18248065,success,clustered_20260509/SRX18248065_clustered.h5ad,22,27,2026-05-11 18:49:09,
249/765,SRX19215444,success,clustered_20260509/SRX19215444_clustered.h5ad,5,5,2026-05-11 18:49:11,
241/765,SRX18248066,success,clustered_20260509/SRX18248066_clustered.h5ad,22,19,2026-05-11 18:49:11,
237/765,SRX18248062,success,clustered_20260509/SRX18248062_clustered.h5ad,15,18,2026-05-11 18:49:22,
250/765,SRX19233503,success,clustered_20260509/SRX19233503_clustered.h5ad,1,7,2026-05-11 18:49:27,
239/765,SRX18248064,success,clustered_20260509/SRX18248064_clustered.h5ad,24,24,2026-05-11 18:49:28,
255/765,SRX19704117,success,clustered_20260509/SRX19704117_clustered.h5ad,19,12,2026-05-11 18:49:30,
253/765,SRX19320094,success,clustered_20260509/SRX19320094_clustered.h5ad,4,8,2026-05-11 18:49:33,
251/765,SRX19233504,success,clustered_20260509/SRX19233504_clustered.h5ad,1,5,2026-05-11 18:49:35,
258/765,SRX19704126,success,clustered_20260509/SRX19704126_clustered.h5ad,16,15,2026-05-11 18:49:38,
257/765,SRX19704122,success,clustered_20260509/SRX19704122_clustered.h5ad,14,11,2026-05-11 18:49:40,
256/765,SRX19704118,success,clustered_20260509/SRX19704118_clustered.h5ad,18,15,2026-05-11 18:49:46,
259/765,SRX19704127,success,clustered_20260509/SRX19704127_clustered.h5ad,20,16,2026-05-11 18:49:46,
260/765,SRX19704128,success,clustered_20260509/SRX19704128_clustered.h5ad,14,18,2026-05-11 18:49:47,
252/765,SRX19264641,success,clustered_20260509/SRX19264641_clustered.h5ad,4,5,2026-05-11 18:49:53,
266/765,SRX19704147,success,clustered_20260509/SRX19704147_clustered.h5ad,11,11,2026-05-11 18:50:05,
261/765,SRX19704139,success,clustered_20260509/SRX19704139_clustered.h5ad,21,16,2026-05-11 18:50:09,
262/765,SRX19704142,success,clustered_20260509/SRX19704142_clustered.h5ad,19,24,2026-05-11 18:50:10,
248/765,SRX19192164,success,clustered_20260509/SRX19192164_clustered.h5ad,1,6,2026-05-11 18:50:13,
245/765,SRX18248070,success,clustered_20260509/SRX18248070_clustered.h5ad,13,21,2026-05-11 18:50:14,
269/765,SRX19704150,success,clustered_20260509/SRX19704150_clustered.h5ad,8,5,2026-05-11 18:50:24,
267/765,SRX19704148,success,clustered_20260509/SRX19704148_clustered.h5ad,12,8,2026-05-11 18:50:26,
268/765,SRX19704149,success,clustered_20260509/SRX19704149_clustered.h5ad,8,3,2026-05-11 18:50:27,
271/765,SRX19704152,success,clustered_20260509/SRX19704152_clustered.h5ad,24,25,2026-05-11 18:50:35,
270/765,SRX19704151,success,clustered_20260509/SRX19704151_clustered.h5ad,17,22,2026-05-11 18:50:37,
264/765,SRX19704144,success,clustered_20260509/SRX19704144_clustered.h5ad,20,23,2026-05-11 18:50:40,
263/765,SRX19704143,success,clustered_20260509/SRX19704143_clustered.h5ad,21,23,2026-05-11 18:50:43,
265/765,SRX19704145,success,clustered_20260509/SRX19704145_clustered.h5ad,17,16,2026-05-11 18:50:56,
272/765,SRX19704156,success,clustered_20260509/SRX19704156_clustered.h5ad,22,28,2026-05-11 18:51:04,
273/765,SRX19704157,success,clustered_20260509/SRX19704157_clustered.h5ad,21,24,2026-05-11 18:51:10,
276/765,SRX19704160,success,clustered_20260509/SRX19704160_clustered.h5ad,20,20,2026-05-11 18:51:11,
281/765,SRX19704166,success,clustered_20260509/SRX19704166_clustered.h5ad,19,19,2026-05-11 18:51:19,
277/765,SRX19704161,success,clustered_20260509/SRX19704161_clustered.h5ad,17,12,2026-05-11 18:51:20,
254/765,SRX19352021,success,clustered_20260509/SRX19352021_clustered.h5ad,1,1,2026-05-11 18:51:21,
280/765,SRX19704165,success,clustered_20260509/SRX19704165_clustered.h5ad,16,16,2026-05-11 18:51:22,
282/765,SRX19704169,success,clustered_20260509/SRX19704169_clustered.h5ad,22,13,2026-05-11 18:51:28,
275/765,SRX19704159,success,clustered_20260509/SRX19704159_clustered.h5ad,17,17,2026-05-11 18:51:35,
283/765,SRX19704170,success,clustered_20260509/SRX19704170_clustered.h5ad,19,14,2026-05-11 18:51:37,
274/765,SRX19704158,success,clustered_20260509/SRX19704158_clustered.h5ad,23,29,2026-05-11 18:51:40,
284/765,SRX19704171,success,clustered_20260509/SRX19704171_clustered.h5ad,18,8,2026-05-11 18:51:42,
285/765,SRX19704179,success,clustered_20260509/SRX19704179_clustered.h5ad,25,19,2026-05-11 18:51:44,
278/765,SRX19704162,success,clustered_20260509/SRX19704162_clustered.h5ad,19,17,2026-05-11 18:51:44,
279/765,SRX19704164,success,clustered_20260509/SRX19704164_clustered.h5ad,16,11,2026-05-11 18:51:45,
288/765,SRX19704186,success,clustered_20260509/SRX19704186_clustered.h5ad,23,20,2026-05-11 18:52:13,
286/765,SRX19704180,success,clustered_20260509/SRX19704180_clustered.h5ad,18,19,2026-05-11 18:52:14,
294/765,SRX19704197,success,clustered_20260509/SRX19704197_clustered.h5ad,19,21,2026-05-11 18:52:17,
291/765,SRX19704193,success,clustered_20260509/SRX19704193_clustered.h5ad,20,17,2026-05-11 18:52:18,
290/765,SRX19704188,success,clustered_20260509/SRX19704188_clustered.h5ad,21,24,2026-05-11 18:52:21,
287/765,SRX19704181,success,clustered_20260509/SRX19704181_clustered.h5ad,18,14,2026-05-11 18:52:22,
297/765,SRX19727426,success,clustered_20260509/SRX19727426_clustered.h5ad,12,14,2026-05-11 18:52:23,
293/765,SRX19704196,success,clustered_20260509/SRX19704196_clustered.h5ad,14,11,2026-05-11 18:52:27,
298/765,SRX19727427,success,clustered_20260509/SRX19727427_clustered.h5ad,9,12,2026-05-11 18:52:31,
299/765,SRX19727428,success,clustered_20260509/SRX19727428_clustered.h5ad,11,18,2026-05-11 18:52:33,
289/765,SRX19704187,success,clustered_20260509/SRX19704187_clustered.h5ad,19,24,2026-05-11 18:52:33,
246/765,SRX18965979,success,clustered_20260509/SRX18965979_clustered.h5ad,5,3,2026-05-11 18:52:35,
292/765,SRX19704194,success,clustered_20260509/SRX19704194_clustered.h5ad,20,23,2026-05-11 18:52:36,
296/765,SRX19727425,success,clustered_20260509/SRX19727425_clustered.h5ad,9,12,2026-05-11 18:52:37,
303/765,SRX19727432,success,clustered_20260509/SRX19727432_clustered.h5ad,13,16,2026-05-11 18:52:40,
301/765,SRX19727430,success,clustered_20260509/SRX19727430_clustered.h5ad,12,14,2026-05-11 18:52:41,
307/765,SRX19727436,success,clustered_20260509/SRX19727436_clustered.h5ad,8,5,2026-05-11 18:52:42,
305/765,SRX19727434,success,clustered_20260509/SRX19727434_clustered.h5ad,11,12,2026-05-11 18:52:42,
300/765,SRX19727429,success,clustered_20260509/SRX19727429_clustered.h5ad,9,11,2026-05-11 18:52:42,
306/765,SRX19727435,success,clustered_20260509/SRX19727435_clustered.h5ad,8,6,2026-05-11 18:52:43,
302/765,SRX19727431,success,clustered_20260509/SRX19727431_clustered.h5ad,10,11,2026-05-11 18:52:49,
295/765,SRX19704198,success,clustered_20260509/SRX19704198_clustered.h5ad,21,23,2026-05-11 18:52:49,
312/765,SRX19836243,success,clustered_20260509/SRX19836243_clustered.h5ad,12,20,2026-05-11 18:52:51,
308/765,SRX19730933,success,clustered_20260509/SRX19730933_clustered.h5ad,7,6,2026-05-11 18:52:53,
304/765,SRX19727433,success,clustered_20260509/SRX19727433_clustered.h5ad,11,12,2026-05-11 18:52:56,
316/765,SRX19844819,success,clustered_20260509/SRX19844819_clustered.h5ad,18,21,2026-05-11 18:53:17,
315/765,SRX19844818,success,clustered_20260509/SRX19844818_clustered.h5ad,14,12,2026-05-11 18:53:20,
317/765,SRX19844820,success,clustered_20260509/SRX19844820_clustered.h5ad,16,13,2026-05-11 18:53:22,
319/765,SRX19844822,success,clustered_20260509/SRX19844822_clustered.h5ad,20,18,2026-05-11 18:53:23,
311/765,SRX19730968,success,clustered_20260509/SRX19730968_clustered.h5ad,8,7,2026-05-11 18:53:27,
322/765,SRX19844825,success,clustered_20260509/SRX19844825_clustered.h5ad,11,11,2026-05-11 18:53:34,
314/765,SRX19836245,success,clustered_20260509/SRX19836245_clustered.h5ad,13,10,2026-05-11 18:53:37,
320/765,SRX19844823,success,clustered_20260509/SRX19844823_clustered.h5ad,20,20,2026-05-11 18:53:38,
321/765,SRX19844824,success,clustered_20260509/SRX19844824_clustered.h5ad,11,8,2026-05-11 18:53:38,
318/765,SRX19844821,success,clustered_20260509/SRX19844821_clustered.h5ad,21,13,2026-05-11 18:53:45,
313/765,SRX19836244,success,clustered_20260509/SRX19836244_clustered.h5ad,13,8,2026-05-11 18:53:46,
325/765,SRX19844831,success,clustered_20260509/SRX19844831_clustered.h5ad,13,14,2026-05-11 18:53:52,
323/765,SRX19844828,success,clustered_20260509/SRX19844828_clustered.h5ad,17,17,2026-05-11 18:53:52,
324/765,SRX19844830,success,clustered_20260509/SRX19844830_clustered.h5ad,18,16,2026-05-11 18:53:53,
329/765,SRX19844835,success,clustered_20260509/SRX19844835_clustered.h5ad,15,10,2026-05-11 18:53:53,
309/765,SRX19730934,success,clustered_20260509/SRX19730934_clustered.h5ad,7,3,2026-05-11 18:53:54,
310/765,SRX19730935,success,clustered_20260509/SRX19730935_clustered.h5ad,8,7,2026-05-11 18:53:56,
328/765,SRX19844834,success,clustered_20260509/SRX19844834_clustered.h5ad,17,24,2026-05-11 18:53:58,
336/765,SRX19844849,success,clustered_20260509/SRX19844849_clustered.h5ad,9,9,2026-05-11 18:54:02,
332/765,SRX19844838,success,clustered_20260509/SRX19844838_clustered.h5ad,11,6,2026-05-11 18:54:03,
326/765,SRX19844832,success,clustered_20260509/SRX19844832_clustered.h5ad,16,25,2026-05-11 18:54:09,
330/765,SRX19844836,success,clustered_20260509/SRX19844836_clustered.h5ad,16,15,2026-05-11 18:54:11,
334/765,SRX19844846,success,clustered_20260509/SRX19844846_clustered.h5ad,9,4,2026-05-11 18:54:13,
335/765,SRX19844848,success,clustered_20260509/SRX19844848_clustered.h5ad,11,12,2026-05-11 18:54:14,
333/765,SRX19844839,success,clustered_20260509/SRX19844839_clustered.h5ad,15,17,2026-05-11 18:54:23,
331/765,SRX19844837,success,clustered_20260509/SRX19844837_clustered.h5ad,19,15,2026-05-11 18:54:26,
339/765,SRX19886025,success,clustered_20260509/SRX19886025_clustered.h5ad,3,2,2026-05-11 18:54:33,
327/765,SRX19844833,success,clustered_20260509/SRX19844833_clustered.h5ad,22,20,2026-05-11 18:54:42,
341/765,SRX19886028,success,clustered_20260509/SRX19886028_clustered.h5ad,3,4,2026-05-11 18:54:59,
344/765,SRX19886031,success,clustered_20260509/SRX19886031_clustered.h5ad,3,2,2026-05-11 18:55:01,
340/765,SRX19886027,success,clustered_20260509/SRX19886027_clustered.h5ad,3,3,2026-05-11 18:55:01,
342/765,SRX19886029,success,clustered_20260509/SRX19886029_clustered.h5ad,4,3,2026-05-11 18:55:02,
343/765,SRX19886030,success,clustered_20260509/SRX19886030_clustered.h5ad,3,2,2026-05-11 18:55:05,
338/765,SRX19886023,success,clustered_20260509/SRX19886023_clustered.h5ad,4,2,2026-05-11 18:55:30,
337/765,SRX19886022,success,clustered_20260509/SRX19886022_clustered.h5ad,4,1,2026-05-11 18:55:31,
345/765,SRX19886032,success,clustered_20260509/SRX19886032_clustered.h5ad,3,3,2026-05-11 18:55:31,
353/765,SRX19886043,success,clustered_20260509/SRX19886043_clustered.h5ad,3,2,2026-05-11 18:55:59,
347/765,SRX19886034,success,clustered_20260509/SRX19886034_clustered.h5ad,5,2,2026-05-11 18:56:01,
356/765,SRX19886046,success,clustered_20260509/SRX19886046_clustered.h5ad,4,4,2026-05-11 18:56:13,
349/765,SRX19886037,success,clustered_20260509/SRX19886037_clustered.h5ad,2,2,2026-05-11 18:56:18,
351/765,SRX19886040,success,clustered_20260509/SRX19886040_clustered.h5ad,3,2,2026-05-11 18:56:20,
352/765,SRX19886042,success,clustered_20260509/SRX19886042_clustered.h5ad,3,12,2026-05-11 18:56:23,
357/765,SRX19886047,success,clustered_20260509/SRX19886047_clustered.h5ad,4,6,2026-05-11 18:56:23,
348/765,SRX19886035,success,clustered_20260509/SRX19886035_clustered.h5ad,3,2,2026-05-11 18:56:25,
346/765,SRX19886033,success,clustered_20260509/SRX19886033_clustered.h5ad,4,4,2026-05-11 18:56:30,
350/765,SRX19886039,success,clustered_20260509/SRX19886039_clustered.h5ad,2,2,2026-05-11 18:56:34,
354/765,SRX19886044,success,clustered_20260509/SRX19886044_clustered.h5ad,6,1,2026-05-11 18:56:44,
358/765,SRX19886049,success,clustered_20260509/SRX19886049_clustered.h5ad,1,1,2026-05-11 18:56:51,
361/765,SRX20221194,success,clustered_20260509/SRX20221194_clustered.h5ad,14,15,2026-05-11 18:57:13,
364/765,SRX20407496,success,clustered_20260509/SRX20407496_clustered.h5ad,12,6,2026-05-11 18:57:20,
362/765,SRX20407493,success,clustered_20260509/SRX20407493_clustered.h5ad,22,20,2026-05-11 18:57:27,
355/765,SRX19886045,success,clustered_20260509/SRX19886045_clustered.h5ad,7,2,2026-05-11 18:57:27,
359/765,SRX19886050,success,clustered_20260509/SRX19886050_clustered.h5ad,7,5,2026-05-11 18:57:37,
368/765,SRX20612052,success,clustered_20260509/SRX20612052_clustered.h5ad,10,9,2026-05-11 18:57:42,
363/765,SRX20407494,success,clustered_20260509/SRX20407494_clustered.h5ad,25,25,2026-05-11 18:57:47,
366/765,SRX20407498,success,clustered_20260509/SRX20407498_clustered.h5ad,23,26,2026-05-11 18:57:49,
365/765,SRX20407497,success,clustered_20260509/SRX20407497_clustered.h5ad,24,20,2026-05-11 18:57:55,
360/765,SRX20098024,success,clustered_20260509/SRX20098024_clustered.h5ad,4,7,2026-05-11 18:57:59,
367/765,SRX20407499,success,clustered_20260509/SRX20407499_clustered.h5ad,21,15,2026-05-11 18:58:01,
372/765,SRX21311407,success,clustered_20260509/SRX21311407_clustered.h5ad,7,4,2026-05-11 18:58:04,
371/765,SRX21256826,success,clustered_20260509/SRX21256826_clustered.h5ad,11,9,2026-05-11 18:58:06,
369/765,SRX20970826,success,clustered_20260509/SRX20970826_clustered.h5ad,10,3,2026-05-11 18:58:17,
373/765,SRX21460097,success,clustered_20260509/SRX21460097_clustered.h5ad,22,15,2026-05-11 18:58:38,
370/765,SRX21203377,success,clustered_20260509/SRX21203377_clustered.h5ad,14,9,2026-05-11 18:58:50,
375/765,SRX21808827,success,clustered_20260509/SRX21808827_clustered.h5ad,15,9,2026-05-11 18:58:53,
384/765,SRX22159982,success,clustered_20260509/SRX22159982_clustered.h5ad,3,3,2026-05-11 18:58:59,
378/765,SRX21808831,success,clustered_20260509/SRX21808831_clustered.h5ad,15,12,2026-05-11 18:59:19,
379/765,SRX21808832,success,clustered_20260509/SRX21808832_clustered.h5ad,16,19,2026-05-11 18:59:27,
376/765,SRX21808829,success,clustered_20260509/SRX21808829_clustered.h5ad,16,10,2026-05-11 18:59:27,
385/765,SRX22226492,success,clustered_20260509/SRX22226492_clustered.h5ad,18,15,2026-05-11 18:59:27,
387/765,SRX22226496,success,clustered_20260509/SRX22226496_clustered.h5ad,16,13,2026-05-11 18:59:34,
389/765,SRX22226500,success,clustered_20260509/SRX22226500_clustered.h5ad,15,17,2026-05-11 18:59:34,
386/765,SRX22226494,success,clustered_20260509/SRX22226494_clustered.h5ad,14,15,2026-05-11 18:59:35,
377/765,SRX21808830,success,clustered_20260509/SRX21808830_clustered.h5ad,14,10,2026-05-11 18:59:36,
374/765,SRX21460119,success,clustered_20260509/SRX21460119_clustered.h5ad,24,22,2026-05-11 18:59:38,
383/765,SRX22130035,success,clustered_20260509/SRX22130035_clustered.h5ad,6,7,2026-05-11 18:59:43,
388/765,SRX22226498,success,clustered_20260509/SRX22226498_clustered.h5ad,17,14,2026-05-11 18:59:46,
391/765,SRX22226504,success,clustered_20260509/SRX22226504_clustered.h5ad,19,16,2026-05-11 18:59:55,
390/765,SRX22226502,success,clustered_20260509/SRX22226502_clustered.h5ad,13,13,2026-05-11 18:59:57,
382/765,SRX21897876,success,clustered_20260509/SRX21897876_clustered.h5ad,3,1,2026-05-11 18:59:59,
392/765,SRX22226505,success,clustered_20260509/SRX22226505_clustered.h5ad,19,14,2026-05-11 19:00:04,
381/765,SRX21897873,success,clustered_20260509/SRX21897873_clustered.h5ad,3,2,2026-05-11 19:00:07,
400/765,SRX22834774,success,clustered_20260509/SRX22834774_clustered.h5ad,5,4,2026-05-11 19:00:12,
396/765,SRX22613096,success,clustered_20260509/SRX22613096_clustered.h5ad,6,2,2026-05-11 19:00:19,
380/765,SRX21808834,success,clustered_20260509/SRX21808834_clustered.h5ad,17,14,2026-05-11 19:00:22,
402/765,SRX22996309,success,clustered_20260509/SRX22996309_clustered.h5ad,15,14,2026-05-11 19:00:22,
394/765,SRX22613094,success,clustered_20260509/SRX22613094_clustered.h5ad,5,2,2026-05-11 19:00:36,
403/765,SRX22996310,success,clustered_20260509/SRX22996310_clustered.h5ad,17,15,2026-05-11 19:00:39,
398/765,SRX22613098,success,clustered_20260509/SRX22613098_clustered.h5ad,7,2,2026-05-11 19:00:39,
405/765,SRX22996312,success,clustered_20260509/SRX22996312_clustered.h5ad,16,24,2026-05-11 19:00:40,
395/765,SRX22613095,success,clustered_20260509/SRX22613095_clustered.h5ad,1,1,2026-05-11 19:00:40,
404/765,SRX22996311,success,clustered_20260509/SRX22996311_clustered.h5ad,19,18,2026-05-11 19:00:42,
399/765,SRX22613099,success,clustered_20260509/SRX22613099_clustered.h5ad,4,2,2026-05-11 19:00:43,
401/765,SRX22836420,success,clustered_20260509/SRX22836420_clustered.h5ad,9,8,2026-05-11 19:00:45,
407/765,SRX22996314,success,clustered_20260509/SRX22996314_clustered.h5ad,17,14,2026-05-11 19:00:52,
410/765,SRX22996317,success,clustered_20260509/SRX22996317_clustered.h5ad,11,8,2026-05-11 19:00:54,
393/765,SRX22478206,success,clustered_20260509/SRX22478206_clustered.h5ad,10,6,2026-05-11 19:00:54,
406/765,SRX22996313,success,clustered_20260509/SRX22996313_clustered.h5ad,14,13,2026-05-11 19:00:55,
413/765,SRX22996320,success,clustered_20260509/SRX22996320_clustered.h5ad,12,13,2026-05-11 19:00:58,
412/765,SRX22996319,success,clustered_20260509/SRX22996319_clustered.h5ad,13,13,2026-05-11 19:01:01,
397/765,SRX22613097,success,clustered_20260509/SRX22613097_clustered.h5ad,1,1,2026-05-11 19:01:04,
408/765,SRX22996315,success,clustered_20260509/SRX22996315_clustered.h5ad,14,24,2026-05-11 19:01:05,
411/765,SRX22996318,success,clustered_20260509/SRX22996318_clustered.h5ad,13,14,2026-05-11 19:01:06,
409/765,SRX22996316,success,clustered_20260509/SRX22996316_clustered.h5ad,14,15,2026-05-11 19:01:07,
415/765,SRX22996323,success,clustered_20260509/SRX22996323_clustered.h5ad,13,19,2026-05-11 19:01:09,
414/765,SRX22996322,success,clustered_20260509/SRX22996322_clustered.h5ad,16,20,2026-05-11 19:01:12,
419/765,SRX22996329,success,clustered_20260509/SRX22996329_clustered.h5ad,17,19,2026-05-11 19:01:13,
420/765,SRX22996330,success,clustered_20260509/SRX22996330_clustered.h5ad,8,6,2026-05-11 19:01:15,
416/765,SRX22996325,success,clustered_20260509/SRX22996325_clustered.h5ad,19,17,2026-05-11 19:01:17,
422/765,SRX22996333,success,clustered_20260509/SRX22996333_clustered.h5ad,7,5,2026-05-11 19:01:21,
417/765,SRX22996327,success,clustered_20260509/SRX22996327_clustered.h5ad,18,17,2026-05-11 19:01:22,
428/765,SRX22996339,success,clustered_20260509/SRX22996339_clustered.h5ad,17,17,2026-05-11 19:01:29,
423/765,SRX22996334,success,clustered_20260509/SRX22996334_clustered.h5ad,9,5,2026-05-11 19:01:29,
424/765,SRX22996335,success,clustered_20260509/SRX22996335_clustered.h5ad,10,7,2026-05-11 19:01:29,
429/765,SRX22996340,success,clustered_20260509/SRX22996340_clustered.h5ad,14,16,2026-05-11 19:01:30,
427/765,SRX22996338,success,clustered_20260509/SRX22996338_clustered.h5ad,13,14,2026-05-11 19:01:30,
430/765,SRX22996341,success,clustered_20260509/SRX22996341_clustered.h5ad,17,16,2026-05-11 19:01:30,
421/765,SRX22996331,success,clustered_20260509/SRX22996331_clustered.h5ad,7,8,2026-05-11 19:01:31,
425/765,SRX22996336,success,clustered_20260509/SRX22996336_clustered.h5ad,9,13,2026-05-11 19:01:33,
418/765,SRX22996328,success,clustered_20260509/SRX22996328_clustered.h5ad,12,15,2026-05-11 19:01:35,
426/765,SRX22996337,success,clustered_20260509/SRX22996337_clustered.h5ad,15,13,2026-05-11 19:01:42,
437/765,SRX22996348,success,clustered_20260509/SRX22996348_clustered.h5ad,16,16,2026-05-11 19:01:45,
436/765,SRX22996347,success,clustered_20260509/SRX22996347_clustered.h5ad,15,16,2026-05-11 19:01:45,
432/765,SRX22996343,success,clustered_20260509/SRX22996343_clustered.h5ad,12,15,2026-05-11 19:01:45,
434/765,SRX22996345,success,clustered_20260509/SRX22996345_clustered.h5ad,7,5,2026-05-11 19:01:46,
439/765,SRX22996350,success,clustered_20260509/SRX22996350_clustered.h5ad,11,8,2026-05-11 19:01:46,
435/765,SRX22996346,success,clustered_20260509/SRX22996346_clustered.h5ad,15,15,2026-05-11 19:01:47,
438/765,SRX22996349,success,clustered_20260509/SRX22996349_clustered.h5ad,14,16,2026-05-11 19:01:48,
433/765,SRX22996344,success,clustered_20260509/SRX22996344_clustered.h5ad,7,7,2026-05-11 19:02:00,
431/765,SRX22996342,success,clustered_20260509/SRX22996342_clustered.h5ad,8,6,2026-05-11 19:02:00,
446/765,SRX22996358,success,clustered_20260509/SRX22996358_clustered.h5ad,17,17,2026-05-11 19:02:01,
443/765,SRX22996354,success,clustered_20260509/SRX22996354_clustered.h5ad,11,8,2026-05-11 19:02:01,
447/765,SRX22996359,success,clustered_20260509/SRX22996359_clustered.h5ad,15,15,2026-05-11 19:02:01,
445/765,SRX22996356,success,clustered_20260509/SRX22996356_clustered.h5ad,13,11,2026-05-11 19:02:01,
440/765,SRX22996351,success,clustered_20260509/SRX22996351_clustered.h5ad,11,8,2026-05-11 19:02:01,
444/765,SRX22996355,success,clustered_20260509/SRX22996355_clustered.h5ad,12,17,2026-05-11 19:02:01,
442/765,SRX22996353,success,clustered_20260509/SRX22996353_clustered.h5ad,12,22,2026-05-11 19:02:01,
441/765,SRX22996352,success,clustered_20260509/SRX22996352_clustered.h5ad,12,15,2026-05-11 19:02:02,
457/765,SRX22996371,success,clustered_20260509/SRX22996371_clustered.h5ad,8,8,2026-05-11 19:02:17,
448/765,SRX22996360,success,clustered_20260509/SRX22996360_clustered.h5ad,16,18,2026-05-11 19:02:19,
452/765,SRX22996365,success,clustered_20260509/SRX22996365_clustered.h5ad,19,23,2026-05-11 19:02:23,
450/765,SRX22996363,success,clustered_20260509/SRX22996363_clustered.h5ad,9,9,2026-05-11 19:02:24,
458/765,SRX22996373,success,clustered_20260509/SRX22996373_clustered.h5ad,15,15,2026-05-11 19:02:24,
451/765,SRX22996364,success,clustered_20260509/SRX22996364_clustered.h5ad,11,17,2026-05-11 19:02:24,
455/765,SRX22996368,success,clustered_20260509/SRX22996368_clustered.h5ad,7,5,2026-05-11 19:02:26,
453/765,SRX22996366,success,clustered_20260509/SRX22996366_clustered.h5ad,20,17,2026-05-11 19:02:26,
454/765,SRX22996367,success,clustered_20260509/SRX22996367_clustered.h5ad,8,6,2026-05-11 19:02:27,
456/765,SRX22996369,success,clustered_20260509/SRX22996369_clustered.h5ad,9,6,2026-05-11 19:02:28,
449/765,SRX22996361,success,clustered_20260509/SRX22996361_clustered.h5ad,15,16,2026-05-11 19:02:34,
462/765,SRX22996378,success,clustered_20260509/SRX22996378_clustered.h5ad,20,20,2026-05-11 19:02:38,
459/765,SRX22996374,success,clustered_20260509/SRX22996374_clustered.h5ad,11,13,2026-05-11 19:02:39,
463/765,SRX22996379,success,clustered_20260509/SRX22996379_clustered.h5ad,17,14,2026-05-11 19:02:48,
461/765,SRX22996377,success,clustered_20260509/SRX22996377_clustered.h5ad,10,11,2026-05-11 19:02:49,
464/765,SRX22996380,success,clustered_20260509/SRX22996380_clustered.h5ad,17,19,2026-05-11 19:02:49,
467/765,SRX22996383,success,clustered_20260509/SRX22996383_clustered.h5ad,11,11,2026-05-11 19:02:49,
465/765,SRX22996381,success,clustered_20260509/SRX22996381_clustered.h5ad,17,20,2026-05-11 19:02:50,
470/765,SRX22996386,success,clustered_20260509/SRX22996386_clustered.h5ad,17,17,2026-05-11 19:02:51,
466/765,SRX22996382,success,clustered_20260509/SRX22996382_clustered.h5ad,17,12,2026-05-11 19:02:51,
469/765,SRX22996385,success,clustered_20260509/SRX22996385_clustered.h5ad,11,7,2026-05-11 19:02:52,
460/765,SRX22996376,success,clustered_20260509/SRX22996376_clustered.h5ad,10,15,2026-05-11 19:03:01,
471/765,SRX22996387,success,clustered_20260509/SRX22996387_clustered.h5ad,14,16,2026-05-11 19:03:01,
468/765,SRX22996384,success,clustered_20260509/SRX22996384_clustered.h5ad,11,14,2026-05-11 19:03:02,
478/765,SRX22996394,success,clustered_20260509/SRX22996394_clustered.h5ad,11,14,2026-05-11 19:03:03,
477/765,SRX22996393,success,clustered_20260509/SRX22996393_clustered.h5ad,9,8,2026-05-11 19:03:05,
473/765,SRX22996389,success,clustered_20260509/SRX22996389_clustered.h5ad,19,23,2026-05-11 19:03:10,
479/765,SRX22996395,success,clustered_20260509/SRX22996395_clustered.h5ad,8,10,2026-05-11 19:03:10,
474/765,SRX22996390,success,clustered_20260509/SRX22996390_clustered.h5ad,16,16,2026-05-11 19:03:12,
472/765,SRX22996388,success,clustered_20260509/SRX22996388_clustered.h5ad,15,18,2026-05-11 19:03:13,
481/765,SRX22996397,success,clustered_20260509/SRX22996397_clustered.h5ad,19,20,2026-05-11 19:03:22,
485/765,SRX23331468,success,clustered_20260509/SRX23331468_clustered.h5ad,5,2,2026-05-11 19:03:22,
480/765,SRX22996396,success,clustered_20260509/SRX22996396_clustered.h5ad,19,19,2026-05-11 19:03:22,
476/765,SRX22996392,success,clustered_20260509/SRX22996392_clustered.h5ad,9,7,2026-05-11 19:03:25,
482/765,SRX23231247,success,clustered_20260509/SRX23231247_clustered.h5ad,13,20,2026-05-11 19:03:26,
475/765,SRX22996391,success,clustered_20260509/SRX22996391_clustered.h5ad,15,12,2026-05-11 19:03:39,
489/765,SRX23395184,success,clustered_20260509/SRX23395184_clustered.h5ad,5,3,2026-05-11 19:03:42,
494/765,SRX23395191,success,clustered_20260509/SRX23395191_clustered.h5ad,4,4,2026-05-11 19:04:00,
488/765,SRX23395179,success,clustered_20260509/SRX23395179_clustered.h5ad,6,9,2026-05-11 19:04:04,
483/765,SRX23331462,success,clustered_20260509/SRX23331462_clustered.h5ad,4,5,2026-05-11 19:04:15,
491/765,SRX23395186,success,clustered_20260509/SRX23395186_clustered.h5ad,7,6,2026-05-11 19:04:17,
495/765,SRX23395192,success,clustered_20260509/SRX23395192_clustered.h5ad,4,4,2026-05-11 19:04:17,
487/765,SRX23331472,success,clustered_20260509/SRX23331472_clustered.h5ad,4,5,2026-05-11 19:04:27,
493/765,SRX23395190,success,clustered_20260509/SRX23395190_clustered.h5ad,6,6,2026-05-11 19:04:28,
486/765,SRX23331471,success,clustered_20260509/SRX23331471_clustered.h5ad,4,9,2026-05-11 19:04:30,
492/765,SRX23395188,success,clustered_20260509/SRX23395188_clustered.h5ad,7,4,2026-05-11 19:04:33,
496/765,SRX23619806,success,clustered_20260509/SRX23619806_clustered.h5ad,4,5,2026-05-11 19:04:43,
484/765,SRX23331463,success,clustered_20260509/SRX23331463_clustered.h5ad,4,5,2026-05-11 19:04:47,
490/765,SRX23395185,success,clustered_20260509/SRX23395185_clustered.h5ad,7,6,2026-05-11 19:04:48,
497/765,SRX23619807,success,clustered_20260509/SRX23619807_clustered.h5ad,6,6,2026-05-11 19:05:07,
503/765,SRX23724088,success,clustered_20260509/SRX23724088_clustered.h5ad,22,25,2026-05-11 19:05:18,
498/765,SRX23619809,success,clustered_20260509/SRX23619809_clustered.h5ad,5,4,2026-05-11 19:05:30,
502/765,SRX23724085,success,clustered_20260509/SRX23724085_clustered.h5ad,19,18,2026-05-11 19:05:30,
504/765,SRX23724090,success,clustered_20260509/SRX23724090_clustered.h5ad,23,15,2026-05-11 19:05:43,
500/765,SRX23724081,success,clustered_20260509/SRX23724081_clustered.h5ad,25,21,2026-05-11 19:05:44,
507/765,SRX23724096,success,clustered_20260509/SRX23724096_clustered.h5ad,24,17,2026-05-11 19:06:00,
508/765,SRX23724098,success,clustered_20260509/SRX23724098_clustered.h5ad,24,14,2026-05-11 19:06:00,
511/765,SRX23724103,success,clustered_20260509/SRX23724103_clustered.h5ad,20,13,2026-05-11 19:06:00,
506/765,SRX23724094,success,clustered_20260509/SRX23724094_clustered.h5ad,25,19,2026-05-11 19:06:16,
510/765,SRX23724101,success,clustered_20260509/SRX23724101_clustered.h5ad,23,13,2026-05-11 19:06:26,
509/765,SRX23724100,success,clustered_20260509/SRX23724100_clustered.h5ad,24,17,2026-05-11 19:06:30,
499/765,SRX23724073,success,clustered_20260509/SRX23724073_clustered.h5ad,28,29,2026-05-11 19:06:50,
501/765,SRX23724082,success,clustered_20260509/SRX23724082_clustered.h5ad,25,20,2026-05-11 19:06:51,
518/765,SRX23724111,success,clustered_20260509/SRX23724111_clustered.h5ad,23,24,2026-05-11 19:07:06,
520/765,SRX23724122,success,clustered_20260509/SRX23724122_clustered.h5ad,24,13,2026-05-11 19:07:16,
513/765,SRX23724105,success,clustered_20260509/SRX23724105_clustered.h5ad,19,21,2026-05-11 19:07:27,
522/765,SRX23724124,success,clustered_20260509/SRX23724124_clustered.h5ad,13,16,2026-05-11 19:07:29,
516/765,SRX23724109,success,clustered_20260509/SRX23724109_clustered.h5ad,20,22,2026-05-11 19:07:33,
517/765,SRX23724110,success,clustered_20260509/SRX23724110_clustered.h5ad,24,18,2026-05-11 19:07:39,
514/765,SRX23724106,success,clustered_20260509/SRX23724106_clustered.h5ad,21,24,2026-05-11 19:07:42,
512/765,SRX23724104,success,clustered_20260509/SRX23724104_clustered.h5ad,20,15,2026-05-11 19:07:47,
521/765,SRX23724123,success,clustered_20260509/SRX23724123_clustered.h5ad,22,20,2026-05-11 19:08:15,
519/765,SRX23724121,success,clustered_20260509/SRX23724121_clustered.h5ad,23,36,2026-05-11 19:08:38,
528/765,SRX23838225,success,clustered_20260509/SRX23838225_clustered.h5ad,8,12,2026-05-11 19:08:41,
515/765,SRX23724107,success,clustered_20260509/SRX23724107_clustered.h5ad,19,106,2026-05-11 19:08:53,
529/765,SRX24073302,success,clustered_20260509/SRX24073302_clustered.h5ad,16,14,2026-05-11 19:08:54,
530/765,SRX24073303,success,clustered_20260509/SRX24073303_clustered.h5ad,9,13,2026-05-11 19:08:57,
531/765,SRX24073304,success,clustered_20260509/SRX24073304_clustered.h5ad,6,4,2026-05-11 19:09:02,
532/765,SRX24073307,success,clustered_20260509/SRX24073307_clustered.h5ad,17,23,2026-05-11 19:09:15,
524/765,SRX23802728,success,clustered_20260509/SRX23802728_clustered.h5ad,26,18,2026-05-11 19:09:23,
535/765,SRX24073315,success,clustered_20260509/SRX24073315_clustered.h5ad,13,13,2026-05-11 19:09:23,
525/765,SRX23802731,success,clustered_20260509/SRX23802731_clustered.h5ad,26,17,2026-05-11 19:09:44,
538/765,SRX24073324,success,clustered_20260509/SRX24073324_clustered.h5ad,15,16,2026-05-11 19:09:45,
505/765,SRX23724091,success,clustered_20260509/SRX23724091_clustered.h5ad,23,1,2026-05-11 19:09:45,
533/765,SRX24073312,success,clustered_20260509/SRX24073312_clustered.h5ad,22,30,2026-05-11 19:09:49,
527/765,SRX23802736,success,clustered_20260509/SRX23802736_clustered.h5ad,26,18,2026-05-11 19:09:53,
536/765,SRX24073318,success,clustered_20260509/SRX24073318_clustered.h5ad,10,10,2026-05-11 19:09:53,
539/765,SRX24073325,success,clustered_20260509/SRX24073325_clustered.h5ad,12,13,2026-05-11 19:09:56,
526/765,SRX23802735,success,clustered_20260509/SRX23802735_clustered.h5ad,26,22,2026-05-11 19:09:57,
523/765,SRX23724125,success,clustered_20260509/SRX23724125_clustered.h5ad,23,23,2026-05-11 19:09:58,
540/765,SRX24275202,success,clustered_20260509/SRX24275202_clustered.h5ad,5,1,2026-05-11 19:10:05,
543/765,SRX24732577,success,clustered_20260509/SRX24732577_clustered.h5ad,12,9,2026-05-11 19:10:05,
534/765,SRX24073314,success,clustered_20260509/SRX24073314_clustered.h5ad,17,16,2026-05-11 19:10:09,
542/765,SRX24732576,success,clustered_20260509/SRX24732576_clustered.h5ad,13,15,2026-05-11 19:10:19,
537/765,SRX24073319,success,clustered_20260509/SRX24073319_clustered.h5ad,9,7,2026-05-11 19:10:26,
547/765,SRX24841617,success,clustered_20260509/SRX24841617_clustered.h5ad,15,14,2026-05-11 19:10:45,
552/765,SRX25038163,success,clustered_20260509/SRX25038163_clustered.h5ad,10,5,2026-05-11 19:10:52,
549/765,SRX24841619,success,clustered_20260509/SRX24841619_clustered.h5ad,11,7,2026-05-11 19:10:53,
546/765,SRX24841616,success,clustered_20260509/SRX24841616_clustered.h5ad,15,12,2026-05-11 19:10:54,
550/765,SRX25038161,success,clustered_20260509/SRX25038161_clustered.h5ad,5,4,2026-05-11 19:10:54,
544/765,SRX24841614,success,clustered_20260509/SRX24841614_clustered.h5ad,14,10,2026-05-11 19:10:59,
545/765,SRX24841615,success,clustered_20260509/SRX24841615_clustered.h5ad,15,8,2026-05-11 19:11:02,
551/765,SRX25038162,success,clustered_20260509/SRX25038162_clustered.h5ad,17,18,2026-05-11 19:11:04,
541/765,SRX24313469,success,clustered_20260509/SRX24313469_clustered.h5ad,8,7,2026-05-11 19:11:04,
553/765,SRX25038164,success,clustered_20260509/SRX25038164_clustered.h5ad,14,12,2026-05-11 19:11:11,
548/765,SRX24841618,success,clustered_20260509/SRX24841618_clustered.h5ad,16,16,2026-05-11 19:11:13,
555/765,SRX25038166,success,clustered_20260509/SRX25038166_clustered.h5ad,14,12,2026-05-11 19:11:13,
554/765,SRX25038165,success,clustered_20260509/SRX25038165_clustered.h5ad,8,3,2026-05-11 19:11:36,
557/765,SRX25038168,success,clustered_20260509/SRX25038168_clustered.h5ad,16,26,2026-05-11 19:11:37,
566/765,SRX26487568,success,clustered_20260509/SRX26487568_clustered.h5ad,6,5,2026-05-11 19:11:44,
561/765,SRX25038172,success,clustered_20260509/SRX25038172_clustered.h5ad,17,16,2026-05-11 19:11:49,
556/765,SRX25038167,success,clustered_20260509/SRX25038167_clustered.h5ad,11,6,2026-05-11 19:11:50,
560/765,SRX25038171,success,clustered_20260509/SRX25038171_clustered.h5ad,8,7,2026-05-11 19:11:55,
559/765,SRX25038170,success,clustered_20260509/SRX25038170_clustered.h5ad,18,22,2026-05-11 19:11:56,
569/765,SRX26487573,success,clustered_20260509/SRX26487573_clustered.h5ad,3,6,2026-05-11 19:11:58,
558/765,SRX25038169,success,clustered_20260509/SRX25038169_clustered.h5ad,11,15,2026-05-11 19:11:59,
572/765,SRX26487581,success,clustered_20260509/SRX26487581_clustered.h5ad,4,13,2026-05-11 19:12:03,
574/765,SRX26487584,success,clustered_20260509/SRX26487584_clustered.h5ad,3,9,2026-05-11 19:12:08,
567/765,SRX26487569,success,clustered_20260509/SRX26487569_clustered.h5ad,8,3,2026-05-11 19:12:13,
571/765,SRX26487580,success,clustered_20260509/SRX26487580_clustered.h5ad,8,9,2026-05-11 19:12:13,
564/765,SRX26487562,success,clustered_20260509/SRX26487562_clustered.h5ad,7,5,2026-05-11 19:12:15,
573/765,SRX26487582,success,clustered_20260509/SRX26487582_clustered.h5ad,9,9,2026-05-11 19:12:19,
575/765,SRX26487585,success,clustered_20260509/SRX26487585_clustered.h5ad,8,10,2026-05-11 19:12:24,
565/765,SRX26487567,success,clustered_20260509/SRX26487567_clustered.h5ad,23,20,2026-05-11 19:12:26,
570/765,SRX26487574,success,clustered_20260509/SRX26487574_clustered.h5ad,8,7,2026-05-11 19:12:26,
577/765,SRX26487587,success,clustered_20260509/SRX26487587_clustered.h5ad,3,8,2026-05-11 19:12:27,
583/765,SRX26517110,success,clustered_20260509/SRX26517110_clustered.h5ad,3,2,2026-05-11 19:12:31,
581/765,SRX26487595,success,clustered_20260509/SRX26487595_clustered.h5ad,7,9,2026-05-11 19:12:34,
579/765,SRX26487593,success,clustered_20260509/SRX26487593_clustered.h5ad,9,17,2026-05-11 19:12:37,
563/765,SRX25319036,success,clustered_20260509/SRX25319036_clustered.h5ad,6,6,2026-05-11 19:12:43,
568/765,SRX26487572,success,clustered_20260509/SRX26487572_clustered.h5ad,6,6,2026-05-11 19:12:50,
576/765,SRX26487586,success,clustered_20260509/SRX26487586_clustered.h5ad,9,4,2026-05-11 19:12:52,
578/765,SRX26487592,success,clustered_20260509/SRX26487592_clustered.h5ad,21,18,2026-05-11 19:12:58,
586/765,SRX27113449,success,clustered_20260509/SRX27113449_clustered.h5ad,17,14,2026-05-11 19:13:08,
589/765,SRX27113452,success,clustered_20260509/SRX27113452_clustered.h5ad,17,15,2026-05-11 19:13:09,
582/765,SRX26487598,success,clustered_20260509/SRX26487598_clustered.h5ad,22,18,2026-05-11 19:13:12,
587/765,SRX27113450,success,clustered_20260509/SRX27113450_clustered.h5ad,18,24,2026-05-11 19:13:23,
588/765,SRX27113451,success,clustered_20260509/SRX27113451_clustered.h5ad,17,11,2026-05-11 19:13:29,
594/765,SRX27113458,success,clustered_20260509/SRX27113458_clustered.h5ad,10,12,2026-05-11 19:13:29,
593/765,SRX27113457,success,clustered_20260509/SRX27113457_clustered.h5ad,16,13,2026-05-11 19:13:30,
592/765,SRX27113456,success,clustered_20260509/SRX27113456_clustered.h5ad,16,16,2026-05-11 19:13:30,
580/765,SRX26487594,success,clustered_20260509/SRX26487594_clustered.h5ad,19,21,2026-05-11 19:13:30,
590/765,SRX27113453,success,clustered_20260509/SRX27113453_clustered.h5ad,9,11,2026-05-11 19:13:34,
584/765,SRX26735837,success,clustered_20260509/SRX26735837_clustered.h5ad,3,3,2026-05-11 19:13:44,
591/765,SRX27113454,success,clustered_20260509/SRX27113454_clustered.h5ad,18,13,2026-05-11 19:13:45,
599/765,SRX27113463,success,clustered_20260509/SRX27113463_clustered.h5ad,15,15,2026-05-11 19:13:48,
603/765,SRX27208869,success,clustered_20260509/SRX27208869_clustered.h5ad,3,1,2026-05-11 19:13:52,
600/765,SRX27113464,success,clustered_20260509/SRX27113464_clustered.h5ad,11,9,2026-05-11 19:13:56,
601/765,SRX27113465,success,clustered_20260509/SRX27113465_clustered.h5ad,16,13,2026-05-11 19:14:06,
595/765,SRX27113459,success,clustered_20260509/SRX27113459_clustered.h5ad,17,20,2026-05-11 19:14:12,
597/765,SRX27113461,success,clustered_20260509/SRX27113461_clustered.h5ad,14,13,2026-05-11 19:14:14,
605/765,SRX27291551,success,clustered_20260509/SRX27291551_clustered.h5ad,17,10,2026-05-11 19:14:16,
585/765,SRX26771412,success,clustered_20260509/SRX26771412_clustered.h5ad,1,8,2026-05-11 19:14:19,
596/765,SRX27113460,success,clustered_20260509/SRX27113460_clustered.h5ad,17,14,2026-05-11 19:14:19,
598/765,SRX27113462,success,clustered_20260509/SRX27113462_clustered.h5ad,17,18,2026-05-11 19:14:25,
607/765,SRX27291559,success,clustered_20260509/SRX27291559_clustered.h5ad,12,11,2026-05-11 19:14:30,
608/765,SRX27291560,success,clustered_20260509/SRX27291560_clustered.h5ad,18,15,2026-05-11 19:14:32,
602/765,SRX27208868,success,clustered_20260509/SRX27208868_clustered.h5ad,8,7,2026-05-11 19:14:35,
604/765,SRX27208877,success,clustered_20260509/SRX27208877_clustered.h5ad,14,18,2026-05-11 19:14:36,
613/765,SRX27291567,success,clustered_20260509/SRX27291567_clustered.h5ad,10,3,2026-05-11 19:14:46,
606/765,SRX27291558,success,clustered_20260509/SRX27291558_clustered.h5ad,16,16,2026-05-11 19:14:50,
612/765,SRX27291565,success,clustered_20260509/SRX27291565_clustered.h5ad,11,7,2026-05-11 19:14:52,
614/765,SRX27291568,success,clustered_20260509/SRX27291568_clustered.h5ad,13,11,2026-05-11 19:14:55,
615/765,SRX27291569,success,clustered_20260509/SRX27291569_clustered.h5ad,11,7,2026-05-11 19:15:00,
618/765,SRX27291572,success,clustered_20260509/SRX27291572_clustered.h5ad,11,8,2026-05-11 19:15:08,
609/765,SRX27291562,success,clustered_20260509/SRX27291562_clustered.h5ad,10,5,2026-05-11 19:15:09,
611/765,SRX27291564,success,clustered_20260509/SRX27291564_clustered.h5ad,11,12,2026-05-11 19:15:10,
620/765,SRX27291578,success,clustered_20260509/SRX27291578_clustered.h5ad,11,10,2026-05-11 19:15:12,
621/765,SRX27291580,success,clustered_20260509/SRX27291580_clustered.h5ad,9,7,2026-05-11 19:15:12,
623/765,SRX27291584,success,clustered_20260509/SRX27291584_clustered.h5ad,11,8,2026-05-11 19:15:24,
616/765,SRX27291570,success,clustered_20260509/SRX27291570_clustered.h5ad,16,20,2026-05-11 19:15:39,
619/765,SRX27291574,success,clustered_20260509/SRX27291574_clustered.h5ad,15,11,2026-05-11 19:15:44,
626/765,SRX27291589,success,clustered_20260509/SRX27291589_clustered.h5ad,10,10,2026-05-11 19:15:45,
628/765,SRX27291592,success,clustered_20260509/SRX27291592_clustered.h5ad,11,4,2026-05-11 19:15:54,
622/765,SRX27291582,success,clustered_20260509/SRX27291582_clustered.h5ad,13,14,2026-05-11 19:15:55,
627/765,SRX27291590,success,clustered_20260509/SRX27291590_clustered.h5ad,10,3,2026-05-11 19:15:56,
562/765,SRX25318272,success,clustered_20260509/SRX25318272_clustered.h5ad,5,3,2026-05-11 19:15:57,
629/765,SRX27291594,success,clustered_20260509/SRX27291594_clustered.h5ad,11,7,2026-05-11 19:16:02,
632/765,SRX27291599,success,clustered_20260509/SRX27291599_clustered.h5ad,10,7,2026-05-11 19:16:08,
625/765,SRX27291588,success,clustered_20260509/SRX27291588_clustered.h5ad,14,12,2026-05-11 19:16:09,
617/765,SRX27291571,success,clustered_20260509/SRX27291571_clustered.h5ad,15,11,2026-05-11 19:16:16,
633/765,SRX27291600,success,clustered_20260509/SRX27291600_clustered.h5ad,13,16,2026-05-11 19:16:25,
631/765,SRX27291598,success,clustered_20260509/SRX27291598_clustered.h5ad,11,2,2026-05-11 19:16:25,
635/765,SRX27291605,success,clustered_20260509/SRX27291605_clustered.h5ad,15,15,2026-05-11 19:16:28,
637/765,SRX27291609,success,clustered_20260509/SRX27291609_clustered.h5ad,14,24,2026-05-11 19:16:50,
634/765,SRX27291603,success,clustered_20260509/SRX27291603_clustered.h5ad,14,4,2026-05-11 19:16:55,
642/765,SRX27291616,success,clustered_20260509/SRX27291616_clustered.h5ad,12,7,2026-05-11 19:17:04,
643/765,SRX27291620,success,clustered_20260509/SRX27291620_clustered.h5ad,10,7,2026-05-11 19:17:06,
641/765,SRX27291614,success,clustered_20260509/SRX27291614_clustered.h5ad,15,7,2026-05-11 19:17:20,
638/765,SRX27291611,success,clustered_20260509/SRX27291611_clustered.h5ad,10,5,2026-05-11 19:17:21,
630/765,SRX27291595,success,clustered_20260509/SRX27291595_clustered.h5ad,18,10,2026-05-11 19:17:22,
636/765,SRX27291607,success,clustered_20260509/SRX27291607_clustered.h5ad,15,15,2026-05-11 19:17:26,
649/765,SRX27465233,success,clustered_20260509/SRX27465233_clustered.h5ad,1,2,2026-05-11 19:17:30,
648/765,SRX27358285,success,clustered_20260509/SRX27358285_clustered.h5ad,4,1,2026-05-11 19:17:37,
624/765,SRX27291587,success,clustered_20260509/SRX27291587_clustered.h5ad,24,19,2026-05-11 19:17:38,
650/765,SRX27465283,success,clustered_20260509/SRX27465283_clustered.h5ad,1,3,2026-05-11 19:17:38,
653/765,SRX28768400,success,clustered_20260509/SRX28768400_clustered.h5ad,1,3,2026-05-11 19:17:45,
651/765,SRX27465288,success,clustered_20260509/SRX27465288_clustered.h5ad,6,4,2026-05-11 19:17:45,
654/765,SRX28768666,success,clustered_20260509/SRX28768666_clustered.h5ad,1,1,2026-05-11 19:17:47,
640/765,SRX27291613,success,clustered_20260509/SRX27291613_clustered.h5ad,20,14,2026-05-11 19:17:48,
655/765,SRX28769081,success,clustered_20260509/SRX28769081_clustered.h5ad,7,10,2026-05-11 19:17:53,
645/765,SRX27291623,success,clustered_20260509/SRX27291623_clustered.h5ad,17,7,2026-05-11 19:17:57,
644/765,SRX27291621,success,clustered_20260509/SRX27291621_clustered.h5ad,11,3,2026-05-11 19:18:03,
652/765,SRX27995731,success,clustered_20260509/SRX27995731_clustered.h5ad,8,7,2026-05-11 19:18:04,
646/765,SRX27291624,success,clustered_20260509/SRX27291624_clustered.h5ad,16,11,2026-05-11 19:18:09,
657/765,SRX29072176,success,clustered_20260509/SRX29072176_clustered.h5ad,10,8,2026-05-11 19:18:25,
658/765,SRX29072177,success,clustered_20260509/SRX29072177_clustered.h5ad,9,8,2026-05-11 19:18:26,
660/765,SRX29072179,success,clustered_20260509/SRX29072179_clustered.h5ad,7,20,2026-05-11 19:18:39,
656/765,SRX29072175,success,clustered_20260509/SRX29072175_clustered.h5ad,10,9,2026-05-11 19:18:40,
662/765,SRX29130822,success,clustered_20260509/SRX29130822_clustered.h5ad,1,1,2026-05-11 19:18:42,
610/765,SRX27291563,success,clustered_20260509/SRX27291563_clustered.h5ad,17,5,2026-05-11 19:18:50,
666/765,SRX6726367,success,clustered_20260509/SRX6726367_clustered.h5ad,1,11,2026-05-11 19:18:51,
667/765,SRX6726368,success,clustered_20260509/SRX6726368_clustered.h5ad,1,6,2026-05-11 19:18:52,
664/765,SRX29130825,success,clustered_20260509/SRX29130825_clustered.h5ad,1,2,2026-05-11 19:19:14,
663/765,SRX29130823,success,clustered_20260509/SRX29130823_clustered.h5ad,1,2,2026-05-11 19:19:15,
670/765,SRX6726379,success,clustered_20260509/SRX6726379_clustered.h5ad,1,8,2026-05-11 19:19:17,
661/765,SRX29072180,success,clustered_20260509/SRX29072180_clustered.h5ad,1,4,2026-05-11 19:19:17,
639/765,SRX27291612,success,clustered_20260509/SRX27291612_clustered.h5ad,22,22,2026-05-11 19:19:17,
647/765,SRX27313889,success,clustered_20260509/SRX27313889_clustered.h5ad,8,2,2026-05-11 19:19:18,
659/765,SRX29072178,success,clustered_20260509/SRX29072178_clustered.h5ad,10,9,2026-05-11 19:19:28,
673/765,SRX6726383,success,clustered_20260509/SRX6726383_clustered.h5ad,1,5,2026-05-11 19:19:29,
674/765,SRX6726385,success,clustered_20260509/SRX6726385_clustered.h5ad,1,6,2026-05-11 19:19:31,
671/765,SRX6726380,success,clustered_20260509/SRX6726380_clustered.h5ad,1,6,2026-05-11 19:19:35,
675/765,SRX6726386,success,clustered_20260509/SRX6726386_clustered.h5ad,1,6,2026-05-11 19:19:38,
665/765,SRX29130834,success,clustered_20260509/SRX29130834_clustered.h5ad,1,2,2026-05-11 19:19:44,
680/765,SRX6726395,success,clustered_20260509/SRX6726395_clustered.h5ad,1,6,2026-05-11 19:19:44,
678/765,SRX6726390,success,clustered_20260509/SRX6726390_clustered.h5ad,1,4,2026-05-11 19:19:51,
677/765,SRX6726389,success,clustered_20260509/SRX6726389_clustered.h5ad,1,6,2026-05-11 19:19:53,
668/765,SRX6726375,success,clustered_20260509/SRX6726375_clustered.h5ad,1,9,2026-05-11 19:19:56,
676/765,SRX6726387,success,clustered_20260509/SRX6726387_clustered.h5ad,1,8,2026-05-11 19:19:58,
685/765,SRX7692419,success,clustered_20260509/SRX7692419_clustered.h5ad,1,2,2026-05-11 19:20:04,
681/765,SRX6726397,success,clustered_20260509/SRX6726397_clustered.h5ad,1,9,2026-05-11 19:20:05,
687/765,SRX8349956,success,clustered_20260509/SRX8349956_clustered.h5ad,7,8,2026-05-11 19:20:05,
682/765,SRX6726398,success,clustered_20260509/SRX6726398_clustered.h5ad,1,5,2026-05-11 19:20:08,
686/765,SRX8008855,success,clustered_20260509/SRX8008855_clustered.h5ad,7,7,2026-05-11 19:20:12,
691/765,SRX8349966,success,clustered_20260509/SRX8349966_clustered.h5ad,8,9,2026-05-11 19:20:16,
690/765,SRX8349961,success,clustered_20260509/SRX8349961_clustered.h5ad,9,7,2026-05-11 19:20:19,
679/765,SRX6726394,success,clustered_20260509/SRX6726394_clustered.h5ad,1,9,2026-05-11 19:20:23,
688/765,SRX8349958,success,clustered_20260509/SRX8349958_clustered.h5ad,9,10,2026-05-11 19:20:25,
669/765,SRX6726378,success,clustered_20260509/SRX6726378_clustered.h5ad,1,5,2026-05-11 19:20:26,
689/765,SRX8349959,success,clustered_20260509/SRX8349959_clustered.h5ad,5,5,2026-05-11 19:20:29,
683/765,SRX6812459,success,clustered_20260509/SRX6812459_clustered.h5ad,1,3,2026-05-11 19:20:45,
672/765,SRX6726382,success,clustered_20260509/SRX6726382_clustered.h5ad,1,5,2026-05-11 19:20:46,
684/765,SRX6812462,success,clustered_20260509/SRX6812462_clustered.h5ad,1,3,2026-05-11 19:20:47,
696/765,SRX8370855,success,clustered_20260509/SRX8370855_clustered.h5ad,6,4,2026-05-11 19:21:16,
697/765,SRX8370856,success,clustered_20260509/SRX8370856_clustered.h5ad,6,3,2026-05-11 19:21:22,
692/765,SRX8353568,success,clustered_20260509/SRX8353568_clustered.h5ad,15,12,2026-05-11 19:21:23,
693/765,SRX8353571,success,clustered_20260509/SRX8353571_clustered.h5ad,14,17,2026-05-11 19:21:24,
700/765,SRX8370860,success,clustered_20260509/SRX8370860_clustered.h5ad,6,5,2026-05-11 19:21:28,
703/765,SRX8372494,success,clustered_20260509/SRX8372494_clustered.h5ad,6,10,2026-05-11 19:21:30,
698/765,SRX8370857,success,clustered_20260509/SRX8370857_clustered.h5ad,6,7,2026-05-11 19:21:37,
706/765,SRX8417844,success,clustered_20260509/SRX8417844_clustered.h5ad,1,3,2026-05-11 19:21:38,
701/765,SRX8370861,success,clustered_20260509/SRX8370861_clustered.h5ad,6,5,2026-05-11 19:21:43,
709/765,SRX8961824,success,clustered_20260509/SRX8961824_clustered.h5ad,10,12,2026-05-11 19:21:44,
708/765,SRX8953167,success,clustered_20260509/SRX8953167_clustered.h5ad,16,13,2026-05-11 19:21:47,
694/765,SRX8370852,success,clustered_20260509/SRX8370852_clustered.h5ad,5,1,2026-05-11 19:21:47,
704/765,SRX8372495,success,clustered_20260509/SRX8372495_clustered.h5ad,14,12,2026-05-11 19:21:50,
695/765,SRX8370854,success,clustered_20260509/SRX8370854_clustered.h5ad,7,1,2026-05-11 19:21:53,
710/765,SRX9078407,success,clustered_20260509/SRX9078407_clustered.h5ad,5,5,2026-05-11 19:21:57,
707/765,SRX8953166,success,clustered_20260509/SRX8953166_clustered.h5ad,17,21,2026-05-11 19:21:59,
711/765,SRX9127142,success,clustered_20260509/SRX9127142_clustered.h5ad,11,13,2026-05-11 19:22:14,
699/765,SRX8370858,success,clustered_20260509/SRX8370858_clustered.h5ad,6,6,2026-05-11 19:22:23,
715/765,SRX9246191,success,clustered_20260509/SRX9246191_clustered.h5ad,4,5,2026-05-11 19:22:35,
712/765,SRX9127143,success,clustered_20260509/SRX9127143_clustered.h5ad,9,5,2026-05-11 19:22:46,
719/765,SRX9246197,success,clustered_20260509/SRX9246197_clustered.h5ad,4,4,2026-05-11 19:22:56,
716/765,SRX9246192,success,clustered_20260509/SRX9246192_clustered.h5ad,4,6,2026-05-11 19:22:58,
702/765,SRX8372491,success,clustered_20260509/SRX8372491_clustered.h5ad,20,11,2026-05-11 19:22:58,
717/765,SRX9246194,success,clustered_20260509/SRX9246194_clustered.h5ad,3,4,2026-05-11 19:22:59,
718/765,SRX9246195,success,clustered_20260509/SRX9246195_clustered.h5ad,3,4,2026-05-11 19:23:00,
713/765,SRX9127144,success,clustered_20260509/SRX9127144_clustered.h5ad,7,4,2026-05-11 19:23:01,
726/765,SRX9246205,success,clustered_20260509/SRX9246205_clustered.h5ad,4,3,2026-05-11 19:23:23,
705/765,SRX8372496,success,clustered_20260509/SRX8372496_clustered.h5ad,22,23,2026-05-11 19:23:23,
714/765,SRX9246190,success,clustered_20260509/SRX9246190_clustered.h5ad,5,6,2026-05-11 19:23:42,
721/765,SRX9246200,success,clustered_20260509/SRX9246200_clustered.h5ad,4,4,2026-05-11 19:23:42,
725/765,SRX9246204,success,clustered_20260509/SRX9246204_clustered.h5ad,5,5,2026-05-11 19:23:45,
720/765,SRX9246199,success,clustered_20260509/SRX9246199_clustered.h5ad,4,4,2026-05-11 19:23:53,
731/765,SRX9276290,success,clustered_20260509/SRX9276290_clustered.h5ad,10,8,2026-05-11 19:23:56,
728/765,SRX9246207,success,clustered_20260509/SRX9246207_clustered.h5ad,4,4,2026-05-11 19:23:59,
730/765,SRX9276289,success,clustered_20260509/SRX9276289_clustered.h5ad,13,9,2026-05-11 19:24:00,
724/765,SRX9246203,success,clustered_20260509/SRX9246203_clustered.h5ad,6,4,2026-05-11 19:24:00,
722/765,SRX9246201,success,clustered_20260509/SRX9246201_clustered.h5ad,4,4,2026-05-11 19:24:01,
732/765,SRX9276291,success,clustered_20260509/SRX9276291_clustered.h5ad,12,13,2026-05-11 19:24:03,
733/765,SRX9276292,success,clustered_20260509/SRX9276292_clustered.h5ad,8,10,2026-05-11 19:24:11,
736/765,SRX9276295,success,clustered_20260509/SRX9276295_clustered.h5ad,10,13,2026-05-11 19:24:19,
727/765,SRX9246206,success,clustered_20260509/SRX9246206_clustered.h5ad,4,4,2026-05-11 19:24:25,
737/765,SRX9276302,success,clustered_20260509/SRX9276302_clustered.h5ad,11,5,2026-05-11 19:24:25,
735/765,SRX9276294,success,clustered_20260509/SRX9276294_clustered.h5ad,17,16,2026-05-11 19:24:31,
738/765,SRX9276303,success,clustered_20260509/SRX9276303_clustered.h5ad,13,8,2026-05-11 19:24:34,
740/765,SRX9276306,success,clustered_20260509/SRX9276306_clustered.h5ad,19,11,2026-05-11 19:24:34,
729/765,SRX9246208,success,clustered_20260509/SRX9246208_clustered.h5ad,4,4,2026-05-11 19:24:36,
742/765,SRX9276309,success,clustered_20260509/SRX9276309_clustered.h5ad,10,21,2026-05-11 19:24:36,
739/765,SRX9276304,success,clustered_20260509/SRX9276304_clustered.h5ad,8,8,2026-05-11 19:24:39,
741/765,SRX9276308,success,clustered_20260509/SRX9276308_clustered.h5ad,11,9,2026-05-11 19:24:42,
744/765,SRX9276316,success,clustered_20260509/SRX9276316_clustered.h5ad,12,10,2026-05-11 19:24:52,
748/765,SRX9276322,success,clustered_20260509/SRX9276322_clustered.h5ad,14,11,2026-05-11 19:24:54,
734/765,SRX9276293,success,clustered_20260509/SRX9276293_clustered.h5ad,12,9,2026-05-11 19:24:55,
747/765,SRX9276320,success,clustered_20260509/SRX9276320_clustered.h5ad,15,10,2026-05-11 19:24:58,
723/765,SRX9246202,success,clustered_20260509/SRX9246202_clustered.h5ad,5,4,2026-05-11 19:25:00,
750/765,SRX9276324,success,clustered_20260509/SRX9276324_clustered.h5ad,8,6,2026-05-11 19:25:00,
746/765,SRX9276319,success,clustered_20260509/SRX9276319_clustered.h5ad,10,7,2026-05-11 19:25:04,
745/765,SRX9276318,success,clustered_20260509/SRX9276318_clustered.h5ad,7,4,2026-05-11 19:25:04,
751/765,SRX9276325,success,clustered_20260509/SRX9276325_clustered.h5ad,9,12,2026-05-11 19:25:05,
753/765,SRX9276332,success,clustered_20260509/SRX9276332_clustered.h5ad,15,19,2026-05-11 19:25:06,
749/765,SRX9276323,success,clustered_20260509/SRX9276323_clustered.h5ad,11,5,2026-05-11 19:25:09,
743/765,SRX9276315,success,clustered_20260509/SRX9276315_clustered.h5ad,13,6,2026-05-11 19:25:11,
754/765,SRX9276333,success,clustered_20260509/SRX9276333_clustered.h5ad,10,6,2026-05-11 19:25:11,
756/765,SRX9276335,success,clustered_20260509/SRX9276335_clustered.h5ad,10,8,2026-05-11 19:25:13,
752/765,SRX9276326,success,clustered_20260509/SRX9276326_clustered.h5ad,15,18,2026-05-11 19:25:18,
763/765,SRX9768485,success,clustered_20260509/SRX9768485_clustered.h5ad,2,1,2026-05-11 19:25:19,
764/765,SRX9768488,success,clustered_20260509/SRX9768488_clustered.h5ad,4,4,2026-05-11 19:25:23,
757/765,SRX9276336,success,clustered_20260509/SRX9276336_clustered.h5ad,14,15,2026-05-11 19:25:36,
755/765,SRX9276334,success,clustered_20260509/SRX9276334_clustered.h5ad,10,12,2026-05-11 19:25:47,
761/765,SRX9430527,success,clustered_20260509/SRX9430527_clustered.h5ad,5,2,2026-05-11 19:25:49,
759/765,SRX9296013,success,clustered_20260509/SRX9296013_clustered.h5ad,7,2,2026-05-11 19:26:15,
765/765,SRX9927818,success,clustered_20260509/SRX9927818_clustered.h5ad,10,8,2026-05-11 19:26:17,
758/765,SRX9296012,success,clustered_20260509/SRX9296012_clustered.h5ad,7,4,2026-05-11 19:26:22,
762/765,SRX9495616,success,clustered_20260509/SRX9495616_clustered.h5ad,7,6,2026-05-11 19:26:25,
760/765,SRX9296018,success,clustered_20260509/SRX9296018_clustered.h5ad,7,7,2026-05-11 19:26:37,
