studyAccession,studyTitle,geoAccession,pubmedIds,srxAccession,h5adName,condition,diseaseJson,assayHint,libraryStrategy,tissueType,sampleTitle,conditionEvidence
PRJNA1117768,10x single-cell RNAseq profiling of influenza Virus infected Human Lung Tissue Explants (HLTE),GSE268542,39395995,SRX24732576,SRX24732576.h5ad,control,COPD,scRNA,RNA-Seq,Lung,Human lung tissue cells uninfected control,sampleTitle=Human lung tissue cells uninfected control
PRJNA1117768,10x single-cell RNAseq profiling of influenza Virus infected Human Lung Tissue Explants (HLTE),GSE268542,39395995,SRX24732577,SRX24732577.h5ad,disease,COPD,scRNA,RNA-Seq,Lung,Human lung tissue cells IAV infected,
PRJNA1127657,Single-cell sequencing highlights increased atypical AT2 interacting with M1 macrophage in COPD,GSE270667,,SRX25038161,SRX25038161.h5ad,control,"lung cancer, COPD",scRNA,RNA-Seq,Lung,"TH122, Control, Organoid, scRNA","sampleTitle=TH122, Control, Organoid, scRNA"
PRJNA1127657,Single-cell sequencing highlights increased atypical AT2 interacting with M1 macrophage in COPD,GSE270667,,SRX25038162,SRX25038162.h5ad,control,"lung cancer, COPD",scRNA,RNA-Seq,Lung,"TH122, Control, Tissue, scRNA","sampleTitle=TH122, Control, Tissue, scRNA"
PRJNA1127657,Single-cell sequencing highlights increased atypical AT2 interacting with M1 macrophage in COPD,GSE270667,,SRX25038163,SRX25038163.h5ad,control,lung cancer (patients with COPD),scRNA,RNA-Seq,Lung,"TH137, Control, Organoid, scRNA","sampleTitle=TH137, Control, Organoid, scRNA"
PRJNA1127657,Single-cell sequencing highlights increased atypical AT2 interacting with M1 macrophage in COPD,GSE270667,,SRX25038164,SRX25038164.h5ad,control,chronic obstructive pulmonary disease (COPD),scRNA,RNA-Seq,Lung,"TH137, Control, Tissue, scRNA","sampleTitle=TH137, Control, Tissue, scRNA"
PRJNA1127657,Single-cell sequencing highlights increased atypical AT2 interacting with M1 macrophage in COPD,GSE270667,,SRX25038165,SRX25038165.h5ad,disease,chronic obstructive pulmonary disease (COPD),scRNA,RNA-Seq,Lung,"TH147, COPD, Organoid, scRNA",
PRJNA1127657,Single-cell sequencing highlights increased atypical AT2 interacting with M1 macrophage in COPD,GSE270667,,SRX25038166,SRX25038166.h5ad,disease,COPD,scRNA,RNA-Seq,Lung,"TH147, COPD, Tissue, scRNA",
PRJNA1127657,Single-cell sequencing highlights increased atypical AT2 interacting with M1 macrophage in COPD,GSE270667,,SRX25038167,SRX25038167.h5ad,control,Chronic Obstructive Pulmonary Disease (COPD),scRNA,RNA-Seq,Lung,"TH153, Control, Organoid, scRNA","sampleTitle=TH153, Control, Organoid, scRNA"
PRJNA1127657,Single-cell sequencing highlights increased atypical AT2 interacting with M1 macrophage in COPD,GSE270667,,SRX25038168,SRX25038168.h5ad,control,"lung cancer, COPD",scRNA,RNA-Seq,Lung,"TH153, Control, Tissue, scRNA","sampleTitle=TH153, Control, Tissue, scRNA"
PRJNA1127657,Single-cell sequencing highlights increased atypical AT2 interacting with M1 macrophage in COPD,GSE270667,,SRX25038169,SRX25038169.h5ad,disease,COPD,scRNA,RNA-Seq,Lung,"TH154, COPD, Organid, scRNA",
PRJNA1127657,Single-cell sequencing highlights increased atypical AT2 interacting with M1 macrophage in COPD,GSE270667,,SRX25038170,SRX25038170.h5ad,disease,Chronic Obstructive Pulmonary Disease (COPD),scRNA,RNA-Seq,Lung,"TH154, COPD, Tissue, scRNA",
PRJNA1127657,Single-cell sequencing highlights increased atypical AT2 interacting with M1 macrophage in COPD,GSE270667,,SRX25038171,SRX25038171.h5ad,disease,COPD,scRNA,RNA-Seq,Lung,"TH165, COPD, Organoid, scRNA",
PRJNA1127657,Single-cell sequencing highlights increased atypical AT2 interacting with M1 macrophage in COPD,GSE270667,,SRX25038172,SRX25038172.h5ad,disease,COPD,scRNA,RNA-Seq,Lung,"TH165, COPD, Tissue, scRNA",
PRJNA1177414,Divergent clinical and immunologic outcomes based on STK11 co-mutation status in resectable KRAS-mutant lung cancers following neoadjuvant immune checkpoint blockade,GSE280232,39545922,SRX26487562,SRX26487562.h5ad,disease,KRAS-mutant lung cancer,scRNA,RNA-Seq,lung tumor,MD043-100_tumor - GEX,
PRJNA1177414,Divergent clinical and immunologic outcomes based on STK11 co-mutation status in resectable KRAS-mutant lung cancers following neoadjuvant immune checkpoint blockade,GSE280232,39545922,SRX26487567,SRX26487567.h5ad,disease,non-small cell lung cancer (NSCLC),scRNA,RNA-Seq,lung tumor,01-130_Tumor - GEX,
PRJNA1177414,Divergent clinical and immunologic outcomes based on STK11 co-mutation status in resectable KRAS-mutant lung cancers following neoadjuvant immune checkpoint blockade,GSE280232,39545922,SRX26487569,SRX26487569.h5ad,disease,KRAS-mutant lung cancer,scRNA,RNA-Seq,lung tumor,MD043-102_tumor - GEX,
PRJNA1177414,Divergent clinical and immunologic outcomes based on STK11 co-mutation status in resectable KRAS-mutant lung cancers following neoadjuvant immune checkpoint blockade,GSE280232,39545922,SRX26487572,SRX26487572.h5ad,disease,non-small cell lung cancer (NSCLC),scRNA,RNA-Seq,lung tumor,01-103_tumor - GEX,
PRJNA1177414,Divergent clinical and immunologic outcomes based on STK11 co-mutation status in resectable KRAS-mutant lung cancers following neoadjuvant immune checkpoint blockade,GSE280232,39545922,SRX26487573,SRX26487573.h5ad,disease,non-small cell lung cancer with KRAS mutations,scRNA,OTHER,lung tumor,01-103_tumor - TCR,
PRJNA1177414,Divergent clinical and immunologic outcomes based on STK11 co-mutation status in resectable KRAS-mutant lung cancers following neoadjuvant immune checkpoint blockade,GSE280232,39545922,SRX26487574,SRX26487574.h5ad,disease,KRAS-mutant lung cancer,scRNA,RNA-Seq,lung tumor,01-105_tumor - GEX,
PRJNA1177414,Divergent clinical and immunologic outcomes based on STK11 co-mutation status in resectable KRAS-mutant lung cancers following neoadjuvant immune checkpoint blockade,GSE280232,39545922,SRX26487580,SRX26487580.h5ad,disease,non-small cell lung cancer (NSCLC),scRNA,RNA-Seq,lung tumor,MD043-132_tumor_1 - GEX,
PRJNA1177414,Divergent clinical and immunologic outcomes based on STK11 co-mutation status in resectable KRAS-mutant lung cancers following neoadjuvant immune checkpoint blockade,GSE280232,39545922,SRX26487582,SRX26487582.h5ad,disease,non-small cell lung cancer (NSCLC),scRNA,RNA-Seq,lung tumor,MD043-132_tumor_2 - GEX,
PRJNA1177414,Divergent clinical and immunologic outcomes based on STK11 co-mutation status in resectable KRAS-mutant lung cancers following neoadjuvant immune checkpoint blockade,GSE280232,39545922,SRX26487584,SRX26487584.h5ad,disease,non-small cell lung cancer,scRNA,OTHER,lung tumor,MD043-132_tumor_2 - TCR,
PRJNA1177414,Divergent clinical and immunologic outcomes based on STK11 co-mutation status in resectable KRAS-mutant lung cancers following neoadjuvant immune checkpoint blockade,GSE280232,39545922,SRX26487585,SRX26487585.h5ad,control,non-small cell lung cancer (NSCLC),scRNA,OTHER,adjacent normal lung,01-130_Normal - TCR,tissueType=adjacent normal lung
PRJNA1177414,Divergent clinical and immunologic outcomes based on STK11 co-mutation status in resectable KRAS-mutant lung cancers following neoadjuvant immune checkpoint blockade,GSE280232,39545922,SRX26487586,SRX26487586.h5ad,other,malignant pleural mesothelioma,scRNA,RNA-Seq,lung tumor,01-110_tumor - GEX,
PRJNA1177414,Divergent clinical and immunologic outcomes based on STK11 co-mutation status in resectable KRAS-mutant lung cancers following neoadjuvant immune checkpoint blockade,GSE280232,39545922,SRX26487592,SRX26487592.h5ad,disease,KRAS-mutant lung cancer,scRNA,RNA-Seq,lung tumor,11318-141_tumor - GEX,
PRJNA1177414,Divergent clinical and immunologic outcomes based on STK11 co-mutation status in resectable KRAS-mutant lung cancers following neoadjuvant immune checkpoint blockade,GSE280232,39545922,SRX26487593,SRX26487593.h5ad,disease,non-small cell lung cancer with KRAS/STK11 mutations,scRNA,OTHER,lung tumor,11318-141_tumor - TCR,
PRJNA1177414,Divergent clinical and immunologic outcomes based on STK11 co-mutation status in resectable KRAS-mutant lung cancers following neoadjuvant immune checkpoint blockade,GSE280232,39545922,SRX26487594,SRX26487594.h5ad,disease,KRAS-mutant lung cancer,scRNA,RNA-Seq,lung tumor,11318-139_tumor - GEX,
PRJNA1177414,Divergent clinical and immunologic outcomes based on STK11 co-mutation status in resectable KRAS-mutant lung cancers following neoadjuvant immune checkpoint blockade,GSE280232,39545922,SRX26487595,SRX26487595.h5ad,disease,non-small cell lung cancer with KRAS and STK11 mutations,scRNA,OTHER,lung tumor,11318-139_tumor - TCR,
PRJNA1177414,Divergent clinical and immunologic outcomes based on STK11 co-mutation status in resectable KRAS-mutant lung cancers following neoadjuvant immune checkpoint blockade,GSE280232,39545922,SRX26487598,SRX26487598.h5ad,disease,KRAS-mutant lung cancer,scRNA,RNA-Seq,lung tumor,11318-145_tumor - GEX,
PRJNA1208088,Single Nuclear RNAseq and MultiOme of IPF and Control Lung Tissue,GSE286182,40667263,SRX27291551,SRX27291551.h5ad,disease,Idiopathic Pulmonary Fibrosis (IPF),MultiOme|ATAC|snRNA,RNA-Seq,,,
PRJNA1208088,Single Nuclear RNAseq and MultiOme of IPF and Control Lung Tissue,GSE286182,40667263,SRX27291558,SRX27291558.h5ad,disease,Idiopathic Pulmonary Fibrosis,MultiOme|ATAC|snRNA,RNA-Seq,,,
PRJNA1208088,Single Nuclear RNAseq and MultiOme of IPF and Control Lung Tissue,GSE286182,40667263,SRX27291559,SRX27291559.h5ad,disease,Idiopathic Pulmonary Fibrosis (IPF),MultiOme|ATAC|snRNA,RNA-Seq,,,
PRJNA1208088,Single Nuclear RNAseq and MultiOme of IPF and Control Lung Tissue,GSE286182,40667263,SRX27291560,SRX27291560.h5ad,disease,Idiopathic Pulmonary Fibrosis (IPF),MultiOme|ATAC|snRNA,RNA-Seq,,,
PRJNA1208088,Single Nuclear RNAseq and MultiOme of IPF and Control Lung Tissue,GSE286182,40667263,SRX27291562,SRX27291562.h5ad,disease,Idiopathic Pulmonary Fibrosis (IPF),MultiOme|ATAC|snRNA,RNA-Seq,,,
PRJNA1208088,Single Nuclear RNAseq and MultiOme of IPF and Control Lung Tissue,GSE286182,40667263,SRX27291563,SRX27291563.h5ad,control,Idiopathic Pulmonary Fibrosis (IPF),MultiOme|ATAC|snRNA,RNA-Seq,lung,249_13_D-snRNA,condition=control
PRJNA1208088,Single Nuclear RNAseq and MultiOme of IPF and Control Lung Tissue,GSE286182,40667263,SRX27291564,SRX27291564.h5ad,control,Idiopathic Pulmonary Fibrosis (IPF),MultiOme|ATAC|snRNA,RNA-Seq,lung,249_42_D-snRNA,condition=control
PRJNA1208088,Single Nuclear RNAseq and MultiOme of IPF and Control Lung Tissue,GSE286182,40667263,SRX27291565,SRX27291565.h5ad,disease,Idiopathic Pulmonary Fibrosis (IPF),MultiOme|ATAC|snRNA,RNA-Seq,,,
PRJNA1208088,Single Nuclear RNAseq and MultiOme of IPF and Control Lung Tissue,GSE286182,40667263,SRX27291567,SRX27291567.h5ad,disease,Idiopathic Pulmonary Fibrosis (IPF),MultiOme|ATAC|snRNA,RNA-Seq,,,
PRJNA1208088,Single Nuclear RNAseq and MultiOme of IPF and Control Lung Tissue,GSE286182,40667263,SRX27291568,SRX27291568.h5ad,disease,Idiopathic Pulmonary Fibrosis (IPF),MultiOme|ATAC|snRNA,RNA-Seq,,,
PRJNA1208088,Single Nuclear RNAseq and MultiOme of IPF and Control Lung Tissue,GSE286182,40667263,SRX27291569,SRX27291569.h5ad,disease,Idiopathic Pulmonary Fibrosis (IPF),MultiOme|ATAC|snRNA,RNA-Seq,,,
PRJNA1208088,Single Nuclear RNAseq and MultiOme of IPF and Control Lung Tissue,GSE286182,40667263,SRX27291570,SRX27291570.h5ad,disease,Idiopathic Pulmonary Fibrosis (IPF),MultiOme|ATAC|snRNA,RNA-Seq,,,
PRJNA1208088,Single Nuclear RNAseq and MultiOme of IPF and Control Lung Tissue,GSE286182,40667263,SRX27291571,SRX27291571.h5ad,disease,Idiopathic Pulmonary Fibrosis (IPF),MultiOme|ATAC|snRNA,RNA-Seq,lung,325_70_I-snRNA,
PRJNA1208088,Single Nuclear RNAseq and MultiOme of IPF and Control Lung Tissue,GSE286182,40667263,SRX27291572,SRX27291572.h5ad,control,Idiopathic Pulmonary Fibrosis (IPF),MultiOme|ATAC|snRNA,RNA-Seq,lung,222_68_D-snMultiOme—geneExp,condition=control
PRJNA1208088,Single Nuclear RNAseq and MultiOme of IPF and Control Lung Tissue,GSE286182,40667263,SRX27291574,SRX27291574.h5ad,disease,Idiopathic Pulmonary Fibrosis (IPF),MultiOme|ATAC|snRNA,RNA-Seq,,,
PRJNA1208088,Single Nuclear RNAseq and MultiOme of IPF and Control Lung Tissue,GSE286182,40667263,SRX27291578,SRX27291578.h5ad,disease,Idiopathic Pulmonary Fibrosis (IPF),MultiOme|ATAC|snRNA,RNA-Seq,,,
PRJNA1208088,Single Nuclear RNAseq and MultiOme of IPF and Control Lung Tissue,GSE286182,40667263,SRX27291580,SRX27291580.h5ad,disease,Idiopathic Pulmonary Fibrosis (IPF),MultiOme|ATAC|snRNA,RNA-Seq,,,
PRJNA1208088,Single Nuclear RNAseq and MultiOme of IPF and Control Lung Tissue,GSE286182,40667263,SRX27291582,SRX27291582.h5ad,disease,Idiopathic Pulmonary Fibrosis (IPF),MultiOme|ATAC|snRNA,RNA-Seq,,,
PRJNA1208088,Single Nuclear RNAseq and MultiOme of IPF and Control Lung Tissue,GSE286182,40667263,SRX27291584,SRX27291584.h5ad,disease,Idiopathic Pulmonary Fibrosis (IPF),MultiOme|ATAC|snRNA,RNA-Seq,,,
PRJNA1208088,Single Nuclear RNAseq and MultiOme of IPF and Control Lung Tissue,GSE286182,40667263,SRX27291587,SRX27291587.h5ad,disease,Idiopathic Pulmonary Fibrosis (IPF),MultiOme|ATAC|snRNA,RNA-Seq,,,
PRJNA1208088,Single Nuclear RNAseq and MultiOme of IPF and Control Lung Tissue,GSE286182,40667263,SRX27291588,SRX27291588.h5ad,disease,Idiopathic Pulmonary Fibrosis (IPF),MultiOme|ATAC|snRNA,RNA-Seq,,,
PRJNA1208088,Single Nuclear RNAseq and MultiOme of IPF and Control Lung Tissue,GSE286182,40667263,SRX27291589,SRX27291589.h5ad,disease,Idiopathic Pulmonary Fibrosis (IPF),MultiOme|ATAC|snRNA,RNA-Seq,,,
PRJNA1208088,Single Nuclear RNAseq and MultiOme of IPF and Control Lung Tissue,GSE286182,40667263,SRX27291590,SRX27291590.h5ad,control,Idiopathic Pulmonary Fibrosis (IPF),MultiOme|ATAC|snRNA,RNA-Seq,lung,304_50_D-snRNA,condition=control
PRJNA1208088,Single Nuclear RNAseq and MultiOme of IPF and Control Lung Tissue,GSE286182,40667263,SRX27291592,SRX27291592.h5ad,disease,Idiopathic Pulmonary Fibrosis (IPF),MultiOme|ATAC|snRNA,RNA-Seq,,,
PRJNA1208088,Single Nuclear RNAseq and MultiOme of IPF and Control Lung Tissue,GSE286182,40667263,SRX27291594,SRX27291594.h5ad,control,Idiopathic Pulmonary Fibrosis,MultiOme|ATAC|snRNA,RNA-Seq,lung,62_97_D-snRNA,condition=control
PRJNA1208088,Single Nuclear RNAseq and MultiOme of IPF and Control Lung Tissue,GSE286182,40667263,SRX27291595,SRX27291595.h5ad,control,Idiopathic Pulmonary Fibrosis (IPF),MultiOme|ATAC|snRNA,RNA-Seq,lung,94_113_D-snRNA,condition=control
PRJNA1208088,Single Nuclear RNAseq and MultiOme of IPF and Control Lung Tissue,GSE286182,40667263,SRX27291598,SRX27291598.h5ad,disease,Idiopathic Pulmonary Fibrosis (IPF),MultiOme|ATAC|snRNA,RNA-Seq,,,
PRJNA1208088,Single Nuclear RNAseq and MultiOme of IPF and Control Lung Tissue,GSE286182,40667263,SRX27291599,SRX27291599.h5ad,disease,Idiopathic Pulmonary Fibrosis (IPF),MultiOme|ATAC|snRNA,RNA-Seq,,,
PRJNA1208088,Single Nuclear RNAseq and MultiOme of IPF and Control Lung Tissue,GSE286182,40667263,SRX27291600,SRX27291600.h5ad,disease,Idiopathic Pulmonary Fibrosis,MultiOme|ATAC|snRNA,RNA-Seq,,,
PRJNA1208088,Single Nuclear RNAseq and MultiOme of IPF and Control Lung Tissue,GSE286182,40667263,SRX27291603,SRX27291603.h5ad,disease,Idiopathic Pulmonary Fibrosis (IPF),MultiOme|ATAC|snRNA,RNA-Seq,,,
PRJNA1208088,Single Nuclear RNAseq and MultiOme of IPF and Control Lung Tissue,GSE286182,40667263,SRX27291605,SRX27291605.h5ad,disease,Idiopathic Pulmonary Fibrosis (IPF),MultiOme|ATAC|snRNA,RNA-Seq,,,
PRJNA1208088,Single Nuclear RNAseq and MultiOme of IPF and Control Lung Tissue,GSE286182,40667263,SRX27291607,SRX27291607.h5ad,disease,Idiopathic Pulmonary Fibrosis,MultiOme|ATAC|snRNA,RNA-Seq,lung,127_10_I-snMultiOme—geneExp,
PRJNA1208088,Single Nuclear RNAseq and MultiOme of IPF and Control Lung Tissue,GSE286182,40667263,SRX27291609,SRX27291609.h5ad,disease,Idiopathic Pulmonary Fibrosis (IPF),MultiOme|ATAC|snRNA,RNA-Seq,,,
PRJNA1208088,Single Nuclear RNAseq and MultiOme of IPF and Control Lung Tissue,GSE286182,40667263,SRX27291611,SRX27291611.h5ad,disease,Idiopathic Pulmonary Fibrosis (IPF),MultiOme|ATAC|snRNA,RNA-Seq,,,
PRJNA1208088,Single Nuclear RNAseq and MultiOme of IPF and Control Lung Tissue,GSE286182,40667263,SRX27291612,SRX27291612.h5ad,disease,Idiopathic Pulmonary Fibrosis (IPF),MultiOme|ATAC|snRNA,RNA-Seq,,,
PRJNA1208088,Single Nuclear RNAseq and MultiOme of IPF and Control Lung Tissue,GSE286182,40667263,SRX27291613,SRX27291613.h5ad,disease,Idiopathic Pulmonary Fibrosis (IPF),MultiOme|ATAC|snRNA,RNA-Seq,,,
PRJNA1208088,Single Nuclear RNAseq and MultiOme of IPF and Control Lung Tissue,GSE286182,40667263,SRX27291614,SRX27291614.h5ad,disease,Idiopathic Pulmonary Fibrosis (IPF),MultiOme|ATAC|snRNA,RNA-Seq,,,
PRJNA1208088,Single Nuclear RNAseq and MultiOme of IPF and Control Lung Tissue,GSE286182,40667263,SRX27291616,SRX27291616.h5ad,disease,Idiopathic Pulmonary Fibrosis (IPF),MultiOme|ATAC|snRNA,RNA-Seq,,,
PRJNA1208088,Single Nuclear RNAseq and MultiOme of IPF and Control Lung Tissue,GSE286182,40667263,SRX27291620,SRX27291620.h5ad,disease,Idiopathic Pulmonary Fibrosis (IPF),MultiOme|ATAC|snRNA,RNA-Seq,,,
PRJNA1208088,Single Nuclear RNAseq and MultiOme of IPF and Control Lung Tissue,GSE286182,40667263,SRX27291621,SRX27291621.h5ad,disease,Idiopathic Pulmonary Fibrosis,MultiOme|ATAC|snRNA,RNA-Seq,,,
PRJNA1208088,Single Nuclear RNAseq and MultiOme of IPF and Control Lung Tissue,GSE286182,40667263,SRX27291623,SRX27291623.h5ad,disease,Idiopathic Pulmonary Fibrosis (IPF),MultiOme|ATAC|snRNA,RNA-Seq,,,
PRJNA1208088,Single Nuclear RNAseq and MultiOme of IPF and Control Lung Tissue,GSE286182,40667263,SRX27291624,SRX27291624.h5ad,disease,Idiopathic pulmonary fibrosis (IPF),MultiOme|ATAC|snRNA,RNA-Seq,,,
PRJNA563828,IPF Cell Atlas,GSE136831,35887096;35930670;32832599,SRX17412786,SRX17412786.h5ad,control,idiopathic pulmonary fibrosis (IPF),scRNA,RNA-Seq,Whole Lung Dissociate,296C scRNAseq,disease=Control
PRJNA563828,IPF Cell Atlas,GSE136831,35887096;35930670;32832599,SRX17412792,SRX17412792.h5ad,control,idiopathic pulmonary fibrosis (IPF),scRNA,RNA-Seq,Whole Lung Dissociate,065C scRNAseq,disease=Control
PRJNA563828,IPF Cell Atlas,GSE136831,35887096;35930670;32832599,SRX17412802,SRX17412802.h5ad,control,idiopathic pulmonary fibrosis (IPF),scRNA,RNA-Seq,Whole Lung Dissociate,081C scRNAseq,disease=Control
PRJNA563828,IPF Cell Atlas,GSE136831,35887096;35930670;32832599,SRX17412805,SRX17412805.h5ad,disease,COPD,scRNA,RNA-Seq,Whole Lung Dissociate,152CO scRNAseq,
PRJNA563828,IPF Cell Atlas,GSE136831,35887096;35930670;32832599,SRX17412806,SRX17412806.h5ad,disease,COPD,scRNA,RNA-Seq,Whole Lung Dissociate,153CO scRNAseq,
PRJNA563828,IPF Cell Atlas,GSE136831,35887096;35930670;32832599,SRX17412807,SRX17412807.h5ad,disease,COPD,scRNA,RNA-Seq,Whole Lung Dissociate,178CO scRNAseq,
PRJNA563828,IPF Cell Atlas,GSE136831,35887096;35930670;32832599,SRX17412808,SRX17412808.h5ad,disease,COPD,scRNA,RNA-Seq,Whole Lung Dissociate,184CO scRNAseq,
PRJNA563828,IPF Cell Atlas,GSE136831,35887096;35930670;32832599,SRX17412809,SRX17412809.h5ad,disease,COPD,scRNA,RNA-Seq,Whole Lung Dissociate,186CO scRNAseq,
PRJNA563828,IPF Cell Atlas,GSE136831,35887096;35930670;32832599,SRX17412811,SRX17412811.h5ad,disease,COPD,scRNA,RNA-Seq,Whole Lung Dissociate,193CO scRNAseq,
PRJNA563828,IPF Cell Atlas,GSE136831,35887096;35930670;32832599,SRX17412812,SRX17412812.h5ad,disease,COPD,scRNA,RNA-Seq,Whole Lung Dissociate,194CO scRNAseq,
PRJNA563828,IPF Cell Atlas,GSE136831,35887096;35930670;32832599,SRX17412813,SRX17412813.h5ad,disease,COPD (chronic obstructive pulmonary disease),scRNA,RNA-Seq,Whole Lung Dissociate,207CO scRNAseq,
PRJNA563828,IPF Cell Atlas,GSE136831,35887096;35930670;32832599,SRX17412814,SRX17412814.h5ad,disease,COPD,scRNA,RNA-Seq,Whole Lung Dissociate,217CO scRNAseq,
PRJNA563828,IPF Cell Atlas,GSE136831,35887096;35930670;32832599,SRX17412815,SRX17412815.h5ad,disease,COPD,scRNA,RNA-Seq,Whole Lung Dissociate,23CO scRNAseq,
PRJNA563828,IPF Cell Atlas,GSE136831,35887096;35930670;32832599,SRX17412816,SRX17412816.h5ad,disease,COPD,scRNA,RNA-Seq,Whole Lung Dissociate,235CO scRNAseq,
PRJNA563828,IPF Cell Atlas,GSE136831,35887096;35930670;32832599,SRX17412817,SRX17412817.h5ad,disease,COPD,scRNA,RNA-Seq,Whole Lung Dissociate,237CO scRNAseq,
PRJNA563828,IPF Cell Atlas,GSE136831,35887096;35930670;32832599,SRX17412818,SRX17412818.h5ad,disease,COPD,scRNA,RNA-Seq,Whole Lung Dissociate,238CO scRNAseq,
PRJNA563828,IPF Cell Atlas,GSE136831,35887096;35930670;32832599,SRX17412820,SRX17412820.h5ad,disease,chronic obstructive pulmonary disease (COPD),scRNA,RNA-Seq,Whole Lung Dissociate,052CO scRNAseq,
PRJNA563828,IPF Cell Atlas,GSE136831,35887096;35930670;32832599,SRX17412821,SRX17412821.h5ad,disease,COPD,scRNA,RNA-Seq,Whole Lung Dissociate,056CO scRNAseq,
PRJNA563828,IPF Cell Atlas,GSE136831,35887096;35930670;32832599,SRX17412823,SRX17412823.h5ad,disease,idiopathic pulmonary fibrosis (IPF),scRNA,RNA-Seq,Whole Lung Dissociate,210I scRNAseq,
PRJNA563828,IPF Cell Atlas,GSE136831,35887096;35930670;32832599,SRX17412824,SRX17412824.h5ad,disease,idiopathic pulmonary fibrosis (IPF),scRNA,RNA-Seq,Whole Lung Dissociate,135I scRNAseq,
PRJNA563828,IPF Cell Atlas,GSE136831,35887096;35930670;32832599,SRX17412825,SRX17412825.h5ad,disease,Idiopathic Pulmonary Fibrosis (IPF),scRNA,RNA-Seq,Whole Lung Dissociate,138I scRNAseq,
PRJNA563828,IPF Cell Atlas,GSE136831,35887096;35930670;32832599,SRX17412827,SRX17412827.h5ad,disease,Idiopathic Pulmonary Fibrosis (IPF),scRNA,RNA-Seq,Whole Lung Dissociate,157I scRNAseq,
PRJNA563828,IPF Cell Atlas,GSE136831,35887096;35930670;32832599,SRX17412828,SRX17412828.h5ad,disease,idiopathic pulmonary fibrosis (IPF),scRNA,RNA-Seq,Whole Lung Dissociate,166I scRNAseq,
PRJNA563828,IPF Cell Atlas,GSE136831,35887096;35930670;32832599,SRX17412829,SRX17412829.h5ad,disease,Idiopathic Pulmonary Fibrosis (IPF),scRNA,RNA-Seq,Whole Lung Dissociate,174I scRNAseq,
PRJNA563828,IPF Cell Atlas,GSE136831,35887096;35930670;32832599,SRX17412830,SRX17412830.h5ad,disease,idiopathic pulmonary fibrosis (IPF),scRNA,RNA-Seq,Whole Lung Dissociate,179I scRNAseq,
PRJNA563828,IPF Cell Atlas,GSE136831,35887096;35930670;32832599,SRX17412831,SRX17412831.h5ad,disease,idiopathic pulmonary fibrosis (IPF),scRNA,RNA-Seq,Whole Lung Dissociate,209I scRNAseq,
PRJNA563828,IPF Cell Atlas,GSE136831,35887096;35930670;32832599,SRX17412832,SRX17412832.h5ad,disease,idiopathic pulmonary fibrosis (IPF),scRNA,RNA-Seq,Whole Lung Dissociate,212I scRNAseq,
PRJNA563828,IPF Cell Atlas,GSE136831,35887096;35930670;32832599,SRX17412833,SRX17412833.h5ad,disease,idiopathic pulmonary fibrosis (IPF),scRNA,RNA-Seq,Whole Lung Dissociate,214I scRNAseq,
PRJNA563828,IPF Cell Atlas,GSE136831,35887096;35930670;32832599,SRX17412834,SRX17412834.h5ad,disease,idiopathic pulmonary fibrosis (IPF),scRNA,RNA-Seq,Whole Lung Dissociate,221I scRNAseq,
PRJNA563828,IPF Cell Atlas,GSE136831,35887096;35930670;32832599,SRX17412835,SRX17412835.h5ad,disease,idiopathic pulmonary fibrosis (IPF),scRNA,RNA-Seq,Whole Lung Dissociate,222I scRNAseq,
PRJNA563828,IPF Cell Atlas,GSE136831,35887096;35930670;32832599,SRX17412836,SRX17412836.h5ad,disease,idiopathic pulmonary fibrosis (IPF),scRNA,RNA-Seq,Whole Lung Dissociate,225I scRNAseq,
PRJNA563828,IPF Cell Atlas,GSE136831,35887096;35930670;32832599,SRX17412837,SRX17412837.h5ad,disease,Idiopathic Pulmonary Fibrosis (IPF),scRNA,RNA-Seq,Whole Lung Dissociate,228I scRNAseq,
PRJNA563828,IPF Cell Atlas,GSE136831,35887096;35930670;32832599,SRX17412839,SRX17412839.h5ad,disease,Idiopathic Pulmonary Fibrosis (IPF),scRNA,RNA-Seq,Whole Lung Dissociate,051I scRNAseq,
PRJNA563828,IPF Cell Atlas,GSE136831,35887096;35930670;32832599,SRX17412840,SRX17412840.h5ad,disease,idiopathic pulmonary fibrosis (IPF),scRNA,RNA-Seq,Whole Lung Dissociate,025I scRNAseq,
PRJNA563828,IPF Cell Atlas,GSE136831,35887096;35930670;32832599,SRX17412841,SRX17412841.h5ad,disease,Idiopathic Pulmonary Fibrosis (IPF),scRNA,RNA-Seq,Whole Lung Dissociate,010I scRNAseq,
PRJNA563828,IPF Cell Atlas,GSE136831,35887096;35930670;32832599,SRX17412842,SRX17412842.h5ad,disease,idiopathic pulmonary fibrosis (IPF),scRNA,RNA-Seq,Whole Lung Dissociate,021I scRNAseq,
PRJNA563828,IPF Cell Atlas,GSE136831,35887096;35930670;32832599,SRX17412843,SRX17412843.h5ad,disease,idiopathic pulmonary fibrosis (IPF),scRNA,RNA-Seq,Whole Lung Dissociate,022I scRNAseq,
PRJNA563828,IPF Cell Atlas,GSE136831,35887096;35930670;32832599,SRX17412844,SRX17412844.h5ad,disease,Idiopathic Pulmonary Fibrosis (IPF),scRNA,RNA-Seq,Whole Lung Dissociate,041I scRNAseq,
PRJNA563828,IPF Cell Atlas,GSE136831,35887096;35930670;32832599,SRX17412845,SRX17412845.h5ad,disease,Idiopathic pulmonary fibrosis (IPF),scRNA,RNA-Seq,Whole Lung Dissociate,040I scRNAseq,
PRJNA563828,IPF Cell Atlas,GSE136831,35887096;35930670;32832599,SRX17412846,SRX17412846.h5ad,disease,Idiopathic Pulmonary Fibrosis (IPF),scRNA,RNA-Seq,Whole Lung Dissociate,47I scRNAseq,
PRJNA563828,IPF Cell Atlas,GSE136831,35887096;35930670;32832599,SRX17412847,SRX17412847.h5ad,disease,idiopathic pulmonary fibrosis (IPF),scRNA,RNA-Seq,Whole Lung Dissociate,49I scRNAseq,
PRJNA563828,IPF Cell Atlas,GSE136831,35887096;35930670;32832599,SRX17412848,SRX17412848.h5ad,disease,idiopathic pulmonary fibrosis (IPF),scRNA,RNA-Seq,Whole Lung Dissociate,053I scRNAseq,
PRJNA563828,IPF Cell Atlas,GSE136831,35887096;35930670;32832599,SRX17412849,SRX17412849.h5ad,disease,idiopathic pulmonary fibrosis (IPF),scRNA,RNA-Seq,Whole Lung Dissociate,59I scRNAseq,
PRJNA563828,IPF Cell Atlas,GSE136831,35887096;35930670;32832599,SRX17412850,SRX17412850.h5ad,disease,idiopathic pulmonary fibrosis (IPF),scRNA,RNA-Seq,Whole Lung Dissociate,063I scRNAseq,
PRJNA563828,IPF Cell Atlas,GSE136831,35887096;35930670;32832599,SRX17412851,SRX17412851.h5ad,disease,idiopathic pulmonary fibrosis (IPF),scRNA,RNA-Seq,Whole Lung Dissociate,034I scRNAseq,
PRJNA563828,IPF Cell Atlas,GSE136831,35887096;35930670;32832599,SRX17412852,SRX17412852.h5ad,disease,IPF (Idiopathic Pulmonary Fibrosis),scRNA,RNA-Seq,Whole Lung Dissociate,123I scRNAseq,
PRJNA563828,IPF Cell Atlas,GSE136831,35887096;35930670;32832599,SRX17412853,SRX17412853.h5ad,disease,idiopathic pulmonary fibrosis (IPF),scRNA,RNA-Seq,Whole Lung Dissociate,158I scRNAseq,
PRJNA563828,IPF Cell Atlas,GSE136831,35887096;35930670;32832599,SRX17412854,SRX17412854.h5ad,disease,idiopathic pulmonary fibrosis (IPF),scRNA,RNA-Seq,Whole Lung Dissociate,177I scRNAseq,
PRJNA773987,single cell RNA sequencing of early lung adenocarcinoma from never smoker.,,,SRX12868712,SRX12868712.h5ad,disease,lung adenocarcinoma,scRNA,RNA-Seq,Lung,Lung tumor tissue of IA lung adenocarcinoma (Homo sapiens).,
PRJNA773987,single cell RNA sequencing of early lung adenocarcinoma from never smoker.,,,SRX12868713,SRX12868713.h5ad,disease,lung adenocarcinoma,scRNA,RNA-Seq,Lung,Lung tumor tissue of IA lung adenocarcinoma (Homo sapiens).,
PRJNA773987,single cell RNA sequencing of early lung adenocarcinoma from never smoker.,,,SRX12868714,SRX12868714.h5ad,control,"lung adenocarcinoma, stage IA",scRNA,RNA-Seq,Lung,Normal appearing adjacent lung tissue of IA lung adenocarcinoma (Homo sapiens).,disease=Normal appearing adjacent lung tissue from lung adenocarcinoma patient.
PRJNA773987,single cell RNA sequencing of early lung adenocarcinoma from never smoker.,,,SRX12868715,SRX12868715.h5ad,disease,lung adenocarcinoma,scRNA,RNA-Seq,Lung,Lung tumor tissue of IA lung adenocarcinoma (Homo sapiens).,
PRJNA773987,single cell RNA sequencing of early lung adenocarcinoma from never smoker.,,,SRX12868717,SRX12868717.h5ad,disease,"lung adenocarcinoma, Stage IA",scRNA,RNA-Seq,Lung,Lung tumor tissue of IA lung adenocarcinoma (Homo sapiens).,
PRJNA773987,single cell RNA sequencing of early lung adenocarcinoma from never smoker.,,,SRX12868719,SRX12868719.h5ad,disease,"lung adenocarcinoma, Stage IA",scRNA,RNA-Seq,Lung,Lung tumor tissue of IA lung adenocarcinoma (Homo sapiens).,
PRJNA773987,single cell RNA sequencing of early lung adenocarcinoma from never smoker.,,,SRX12868721,SRX12868721.h5ad,disease,"lung adenocarcinoma, Stage IA",scRNA,RNA-Seq,Lung,Lung tumor tissue of IA lung adenocarcinoma (Homo sapiens).,
PRJNA883741,Single-Nucleus Chromatin Accessibility Identifies a Critical Role for TWIST1 in IPF Myofibroblast Activity,GSE214085,37142338,SRX17689197,SRX17689197.h5ad,disease,Idiopathic Pulmonary Fibrosis (IPF),ATAC|snRNA|scRNA,RNA-Seq,lung,SC87,
PRJNA883741,Single-Nucleus Chromatin Accessibility Identifies a Critical Role for TWIST1 in IPF Myofibroblast Activity,GSE214085,37142338,SRX17689198,SRX17689198.h5ad,disease,idiopathic pulmonary fibrosis,ATAC|snRNA|scRNA,RNA-Seq,lung,SC93,
PRJNA883741,Single-Nucleus Chromatin Accessibility Identifies a Critical Role for TWIST1 in IPF Myofibroblast Activity,GSE214085,37142338,SRX17689199,SRX17689199.h5ad,disease,idiopathic pulmonary fibrosis,ATAC|snRNA|scRNA,RNA-Seq,lung,SC94,
PRJNA883741,Single-Nucleus Chromatin Accessibility Identifies a Critical Role for TWIST1 in IPF Myofibroblast Activity,GSE214085,37142338,SRX17689200,SRX17689200.h5ad,disease,Idiopathic Pulmonary Fibrosis (IPF),ATAC|snRNA|scRNA,RNA-Seq,lung,SC153,
PRJNA883741,Single-Nucleus Chromatin Accessibility Identifies a Critical Role for TWIST1 in IPF Myofibroblast Activity,GSE214085,37142338,SRX17689201,SRX17689201.h5ad,disease,idiopathic pulmonary fibrosis,ATAC|snRNA|scRNA,RNA-Seq,lung,SC154,
PRJNA883741,Single-Nucleus Chromatin Accessibility Identifies a Critical Role for TWIST1 in IPF Myofibroblast Activity,GSE214085,37142338,SRX17689203,SRX17689203.h5ad,disease,idiopathic pulmonary fibrosis,ATAC|snRNA|scRNA,RNA-Seq,lung,SC174,
PRJNA883741,Single-Nucleus Chromatin Accessibility Identifies a Critical Role for TWIST1 in IPF Myofibroblast Activity,GSE214085,37142338,SRX17689204,SRX17689204.h5ad,disease,Idiopathic Pulmonary Fibrosis (IPF),ATAC|snRNA|scRNA,RNA-Seq,lung,SC175,
PRJNA883741,Single-Nucleus Chromatin Accessibility Identifies a Critical Role for TWIST1 in IPF Myofibroblast Activity,GSE214085,37142338,SRX17689205,SRX17689205.h5ad,disease,idiopathic pulmonary fibrosis,ATAC|snRNA|scRNA,RNA-Seq,lung,SC307,
PRJNA883741,Single-Nucleus Chromatin Accessibility Identifies a Critical Role for TWIST1 in IPF Myofibroblast Activity,GSE214085,37142338,SRX17689208,SRX17689208.h5ad,disease,idiopathic pulmonary fibrosis,ATAC|snRNA|scRNA,RNA-Seq,lung,SC317,
PRJNA883741,Single-Nucleus Chromatin Accessibility Identifies a Critical Role for TWIST1 in IPF Myofibroblast Activity,GSE214085,37142338,SRX17689209,SRX17689209.h5ad,control,Idiopathic Pulmonary Fibrosis (IPF),ATAC|snRNA|scRNA,RNA-Seq,lung,SC323,disease state=Normal
PRJNA883741,Single-Nucleus Chromatin Accessibility Identifies a Critical Role for TWIST1 in IPF Myofibroblast Activity,GSE214085,37142338,SRX17689210,SRX17689210.h5ad,disease,idiopathic pulmonary fibrosis (IPF),ATAC|snRNA|scRNA,RNA-Seq,lung,SC325,
PRJNA901260,Single cell RNA sequencing of lung adenocarcinoma from current smoker.,,,SRX18248062,SRX18248062.h5ad,control,lung adenocarcinoma,unknown,RNA-Seq,Lung,Normal appearing adjacent lung tissue of smoker's lung adenocarcinoma,sampleTitle=Normal appearing adjacent lung tissue of smoker's lung adenocarcinoma
PRJNA901260,Single cell RNA sequencing of lung adenocarcinoma from current smoker.,,,SRX18248063,SRX18248063.h5ad,disease,lung adenocarcinoma,unknown,RNA-Seq,Lung,Lung tumor tissue of smoker's lung adenocarcinoma,
PRJNA901260,Single cell RNA sequencing of lung adenocarcinoma from current smoker.,,,SRX18248064,SRX18248064.h5ad,control,lung adenocarcinoma,unknown,RNA-Seq,Lung,Normal appearing adjacent lung tissue of smoker's lung adenocarcinoma,sampleTitle=Normal appearing adjacent lung tissue of smoker's lung adenocarcinoma
PRJNA901260,Single cell RNA sequencing of lung adenocarcinoma from current smoker.,,,SRX18248065,SRX18248065.h5ad,disease,lung adenocarcinoma,unknown,RNA-Seq,Lung,Lung tumor tissue of smoker's lung adenocarcinoma,
PRJNA901260,Single cell RNA sequencing of lung adenocarcinoma from current smoker.,,,SRX18248066,SRX18248066.h5ad,control,lung adenocarcinoma,unknown,RNA-Seq,Lung,Normal appearing adjacent lung tissue of smoker's lung adenocarcinoma,sampleTitle=Normal appearing adjacent lung tissue of smoker's lung adenocarcinoma
PRJNA901260,Single cell RNA sequencing of lung adenocarcinoma from current smoker.,,,SRX18248067,SRX18248067.h5ad,disease,lung adenocarcinoma,unknown,RNA-Seq,Lung,Lung tumor tissue of smoker's lung adenocarcinoma,
PRJNA901260,Single cell RNA sequencing of lung adenocarcinoma from current smoker.,,,SRX18248068,SRX18248068.h5ad,control,lung adenocarcinoma,unknown,RNA-Seq,Lung,Normal appearing adjacent lung tissue of smoker's lung adenocarcinoma,sampleTitle=Normal appearing adjacent lung tissue of smoker's lung adenocarcinoma
PRJNA901260,Single cell RNA sequencing of lung adenocarcinoma from current smoker.,,,SRX18248069,SRX18248069.h5ad,disease,lung adenocarcinoma,unknown,RNA-Seq,Lung,Lung tumor tissue of smoker's lung adenocarcinoma,
PRJNA901260,Single cell RNA sequencing of lung adenocarcinoma from current smoker.,,,SRX18248070,SRX18248070.h5ad,control,lung adenocarcinoma,unknown,RNA-Seq,Lung,Normal appearing adjacent lung tissue of smoker's lung adenocarcinoma,sampleTitle=Normal appearing adjacent lung tissue of smoker's lung adenocarcinoma
PRJNA945854,Cell type-specific and disease-associated eQTL in the human lung,GSE227136,36993211;38548990,SRX19704117,SRX19704117.h5ad,disease,Idiopathic Pulmonary Fibrosis (IPF),scRNA,RNA-Seq,More_fibrotic;Lung,VUILD93-MF,
PRJNA945854,Cell type-specific and disease-associated eQTL in the human lung,GSE227136,36993211;38548990,SRX19704118,SRX19704118.h5ad,disease,CTD-ILD (Interstitial Lung Disease),scRNA,RNA-Seq,More_fibrotic;Lung,VUILDD95-MF,
PRJNA945854,Cell type-specific and disease-associated eQTL in the human lung,GSE227136,36993211;38548990,SRX19704122,SRX19704122.h5ad,disease,Idiopathic Pulmonary Fibrosis (IPF),scRNA,RNA-Seq,More_fibrotic;Lung,VUILD97-MF,
PRJNA945854,Cell type-specific and disease-associated eQTL in the human lung,GSE227136,36993211;38548990,SRX19704126,SRX19704126.h5ad,disease,idiopathic pulmonary fibrosis,scRNA,RNA-Seq,Less_fibrotic;Lung,TILD084-LF,
PRJNA945854,Cell type-specific and disease-associated eQTL in the human lung,GSE227136,36993211;38548990,SRX19704127,SRX19704127.h5ad,disease,Idiopathic Pulmonary Fibrosis (IPF),scRNA,RNA-Seq,More_fibrotic;Lung,TILD084-MF,
PRJNA945854,Cell type-specific and disease-associated eQTL in the human lung,GSE227136,36993211;38548990,SRX19704128,SRX19704128.h5ad,disease,Interstitial Lung Disease/Hypersensitivity Pneumonitis,scRNA,RNA-Seq,Less_fibrotic;Lung,TILD102-LF,
PRJNA945854,Cell type-specific and disease-associated eQTL in the human lung,GSE227136,36993211;38548990,SRX19704139,SRX19704139.h5ad,control,pulmonary fibrosis,scRNA,RNA-Seq,Control;Lung,VUHD104,disease state/diagnosis=Control
PRJNA945854,Cell type-specific and disease-associated eQTL in the human lung,GSE227136,36993211;38548990,SRX19704142,SRX19704142.h5ad,disease,idiopathic pulmonary fibrosis,scRNA,RNA-Seq,Less_fibrotic;Lung,VUILD104-LF,
PRJNA945854,Cell type-specific and disease-associated eQTL in the human lung,GSE227136,36993211;38548990,SRX19704143,SRX19704143.h5ad,disease,idiopathic pulmonary fibrosis,scRNA,RNA-Seq,More_fibrotic;Lung,VUILD104-MF,
PRJNA945854,Cell type-specific and disease-associated eQTL in the human lung,GSE227136,36993211;38548990,SRX19704144,SRX19704144.h5ad,other,NSIP (Non-Specific Interstitial Pneumonia),scRNA,RNA-Seq,Less_fibrotic;Lung,VUILD108-LF,
PRJNA945854,Cell type-specific and disease-associated eQTL in the human lung,GSE227136,36993211;38548990,SRX19704145,SRX19704145.h5ad,other,NSIP (Non-Specific Interstitial Pneumonia),scRNA,RNA-Seq,More_fibrotic;Lung,VUILD108-MF,
PRJNA945854,Cell type-specific and disease-associated eQTL in the human lung,GSE227136,36993211;38548990,SRX19704147,SRX19704147.h5ad,disease,Idiopathic Pulmonary Fibrosis (IPF),scRNA,RNA-Seq,Less_fibrotic;Lung,TILD109-LF,
PRJNA945854,Cell type-specific and disease-associated eQTL in the human lung,GSE227136,36993211;38548990,SRX19704148,SRX19704148.h5ad,disease,Idiopathic Pulmonary Fibrosis (IPF),scRNA,RNA-Seq,More_fibrotic;Lung,TILD109-MF,
PRJNA945854,Cell type-specific and disease-associated eQTL in the human lung,GSE227136,36993211;38548990,SRX19704149,SRX19704149.h5ad,disease,Idiopathic Pulmonary Fibrosis (IPF),scRNA,RNA-Seq,Less_fibrotic;Lung,TILD111-LF,
PRJNA945854,Cell type-specific and disease-associated eQTL in the human lung,GSE227136,36993211;38548990,SRX19704150,SRX19704150.h5ad,disease,pulmonary fibrosis,scRNA,RNA-Seq,More_fibrotic;Lung,TILD111-MF,
PRJNA945854,Cell type-specific and disease-associated eQTL in the human lung,GSE227136,36993211;38548990,SRX19704151,SRX19704151.h5ad,disease,idiopathic pulmonary fibrosis,scRNA,RNA-Seq,Less_fibrotic;Lung,TILD113-LF,
PRJNA945854,Cell type-specific and disease-associated eQTL in the human lung,GSE227136,36993211;38548990,SRX19704152,SRX19704152.h5ad,disease,idiopathic pulmonary fibrosis,scRNA,RNA-Seq,More_fibrotic;Lung,TILD113-MF,
PRJNA945854,Cell type-specific and disease-associated eQTL in the human lung,GSE227136,36993211;38548990,SRX19704156,SRX19704156.h5ad,other,IPAF (Interstitial Pneumonia with Autoimmune Features),scRNA,RNA-Seq,More_fibrotic;Lung,VUILD82-MF,
PRJNA945854,Cell type-specific and disease-associated eQTL in the human lung,GSE227136,36993211;38548990,SRX19704157,SRX19704157.h5ad,other,IPAF (Interstitial Pneumonia with Autoimmune Features),scRNA,RNA-Seq,Less_fibrotic;Lung,VUILD82-LF,
PRJNA945854,Cell type-specific and disease-associated eQTL in the human lung,GSE227136,36993211;38548990,SRX19704158,SRX19704158.h5ad,disease,idiopathic pulmonary fibrosis,scRNA,RNA-Seq,Less_fibrotic;Lung,VUILD83-LF,
PRJNA945854,Cell type-specific and disease-associated eQTL in the human lung,GSE227136,36993211;38548990,SRX19704159,SRX19704159.h5ad,disease,idiopathic pulmonary fibrosis,scRNA,RNA-Seq,More_fibrotic;Lung,VUILD83-MF,
PRJNA945854,Cell type-specific and disease-associated eQTL in the human lung,GSE227136,36993211;38548990,SRX19704160,SRX19704160.h5ad,disease,Idiopathic Pulmonary Fibrosis (IPF),scRNA,RNA-Seq,Less_fibrotic;Lung,VUILD84-LF,
PRJNA945854,Cell type-specific and disease-associated eQTL in the human lung,GSE227136,36993211;38548990,SRX19704161,SRX19704161.h5ad,disease,idiopathic pulmonary fibrosis,scRNA,RNA-Seq,More_fibrotic;Lung,VUILD84-MF,
PRJNA945854,Cell type-specific and disease-associated eQTL in the human lung,GSE227136,36993211;38548990,SRX19704162,SRX19704162.h5ad,disease,idiopathic pulmonary fibrosis,scRNA,RNA-Seq,Less_fibrotic;Lung,VUILD88-LF,
PRJNA945854,Cell type-specific and disease-associated eQTL in the human lung,GSE227136,36993211;38548990,SRX19704164,SRX19704164.h5ad,disease,idiopathic pulmonary fibrosis,scRNA,RNA-Seq,More_fibrotic;Lung,VUILD88-MF,
PRJNA945854,Cell type-specific and disease-associated eQTL in the human lung,GSE227136,36993211;38548990,SRX19704165,SRX19704165.h5ad,disease,Idiopathic Pulmonary Fibrosis (IPF),scRNA,RNA-Seq,More_fibrotic;Lung,VUILD91-MF,
PRJNA945854,Cell type-specific and disease-associated eQTL in the human lung,GSE227136,36993211;38548990,SRX19704166,SRX19704166.h5ad,disease,pulmonary fibrosis,scRNA,RNA-Seq,More_fibrotic;Lung,VUILD92-MF,
PRJNA945854,Cell type-specific and disease-associated eQTL in the human lung,GSE227136,36993211;38548990,SRX19704169,SRX19704169.h5ad,disease,interstitial lung disease,scRNA,RNA-Seq,More_fibrotic;Lung,TILD123-MF,
PRJNA945854,Cell type-specific and disease-associated eQTL in the human lung,GSE227136,36993211;38548990,SRX19704170,SRX19704170.h5ad,disease,Interstitial Lung Disease (ILD),scRNA,RNA-Seq,Less_fibrotic;Lung,TILD136-LF,
PRJNA945854,Cell type-specific and disease-associated eQTL in the human lung,GSE227136,36993211;38548990,SRX19704171,SRX19704171.h5ad,disease,Interstitial Lung Disease (ILD),scRNA,RNA-Seq,More_fibrotic;Lung,TILD136-MF,
PRJNA945854,Cell type-specific and disease-associated eQTL in the human lung,GSE227136,36993211;38548990,SRX19704179,SRX19704179.h5ad,control,pulmonary fibrosis,scRNA,RNA-Seq,Control;Lung,VUHD117,disease state/diagnosis=Control
PRJNA945854,Cell type-specific and disease-associated eQTL in the human lung,GSE227136,36993211;38548990,SRX19704180,SRX19704180.h5ad,disease,idiopathic pulmonary fibrosis,scRNA,RNA-Seq,Less_fibrotic;Lung,VUILD102-LF,
PRJNA945854,Cell type-specific and disease-associated eQTL in the human lung,GSE227136,36993211;38548990,SRX19704181,SRX19704181.h5ad,disease,idiopathic pulmonary fibrosis (IPF),scRNA,RNA-Seq,More_fibrotic;Lung,VUILD102-MF,
PRJNA945854,Cell type-specific and disease-associated eQTL in the human lung,GSE227136,36993211;38548990,SRX19704186,SRX19704186.h5ad,disease,idiopathic pulmonary fibrosis (IPF),scRNA,RNA-Seq,Less_fibrotic;Lung,VUILD87-LF,
PRJNA945854,Cell type-specific and disease-associated eQTL in the human lung,GSE227136,36993211;38548990,SRX19704187,SRX19704187.h5ad,disease,idiopathic pulmonary fibrosis,scRNA,RNA-Seq,More_fibrotic;Lung,VUILD87-MF,
PRJNA945854,Cell type-specific and disease-associated eQTL in the human lung,GSE227136,36993211;38548990,SRX19704188,SRX19704188.h5ad,disease,Idiopathic Pulmonary Fibrosis (IPF),scRNA,RNA-Seq,More_fibrotic;Lung,VUILD98-MF,
PRJNA945854,Cell type-specific and disease-associated eQTL in the human lung,GSE227136,36993211;38548990,SRX19704193,SRX19704193.h5ad,disease,interstitial lung disease,scRNA,RNA-Seq,Less_fibrotic;Lung,TILD103-LF,
PRJNA945854,Cell type-specific and disease-associated eQTL in the human lung,GSE227136,36993211;38548990,SRX19704194,SRX19704194.h5ad,disease,Interstitial Lung Disease (ILD),scRNA,RNA-Seq,More_fibrotic;Lung,TILD103-MF,
PRJNA945854,Cell type-specific and disease-associated eQTL in the human lung,GSE227136,36993211;38548990,SRX19704196,SRX19704196.h5ad,disease,idiopathic pulmonary fibrosis,scRNA,RNA-Seq,Less_fibrotic;Lung,TILD126-LF,
PRJNA945854,Cell type-specific and disease-associated eQTL in the human lung,GSE227136,36993211;38548990,SRX19704197,SRX19704197.h5ad,disease,idiopathic pulmonary fibrosis,scRNA,RNA-Seq,More_fibrotic;Lung,TILD126-MF,
PRJNA945854,Cell type-specific and disease-associated eQTL in the human lung,GSE227136,36993211;38548990,SRX19704198,SRX19704198.h5ad,other,Interstitial Pneumonia with Autoimmune Features (IPAF),scRNA,RNA-Seq,More_fibrotic;Lung,VUILD100-MF,
PRJNA945854,Cell type-specific and disease-associated eQTL in the human lung,GSE227136,36993211;38548990,SRX19844818,SRX19844818.h5ad,disease,ILD (Interstitial Lung Disease),scRNA,RNA-Seq,Less_fibrotic;Lung,TILD049-LF,
PRJNA945854,Cell type-specific and disease-associated eQTL in the human lung,GSE227136,36993211;38548990,SRX19844819,SRX19844819.h5ad,disease,ILD (Interstitial Lung Disease),scRNA,RNA-Seq,More_fibrotic;Lung,TILD049-MF,
PRJNA945854,Cell type-specific and disease-associated eQTL in the human lung,GSE227136,36993211;38548990,SRX19844820,SRX19844820.h5ad,disease,IPF (Idiopathic Pulmonary Fibrosis),scRNA,RNA-Seq,Less_fibrotic;Lung,TILD051-LF,
PRJNA945854,Cell type-specific and disease-associated eQTL in the human lung,GSE227136,36993211;38548990,SRX19844821,SRX19844821.h5ad,disease,Idiopathic Pulmonary Fibrosis (IPF),scRNA,RNA-Seq,More_fibrotic;Lung,TILD051-MF,
PRJNA945854,Cell type-specific and disease-associated eQTL in the human lung,GSE227136,36993211;38548990,SRX19844822,SRX19844822.h5ad,disease,IPF (Idiopathic Pulmonary Fibrosis),scRNA,RNA-Seq,Less_fibrotic;Lung,TILD055-LF,
PRJNA945854,Cell type-specific and disease-associated eQTL in the human lung,GSE227136,36993211;38548990,SRX19844823,SRX19844823.h5ad,disease,IPF (Idiopathic Pulmonary Fibrosis),scRNA,RNA-Seq,More_fibrotic;Lung,TILD055-MF,
PRJNA945854,Cell type-specific and disease-associated eQTL in the human lung,GSE227136,36993211;38548990,SRX19844824,SRX19844824.h5ad,disease,IPF (Idiopathic Pulmonary Fibrosis),scRNA,RNA-Seq,Less_fibrotic;Lung,TILD059-LF,
PRJNA945854,Cell type-specific and disease-associated eQTL in the human lung,GSE227136,36993211;38548990,SRX19844825,SRX19844825.h5ad,disease,Idiopathic Pulmonary Fibrosis (IPF),scRNA,RNA-Seq,More_fibrotic;Lung,TILD059-MF,
PRJNA945854,Cell type-specific and disease-associated eQTL in the human lung,GSE227136,36993211;38548990,SRX19844828,SRX19844828.h5ad,control,pulmonary fibrosis,scRNA,RNA-Seq,Control;Lung,VUHD84,disease state=Control
PRJNA945854,Cell type-specific and disease-associated eQTL in the human lung,GSE227136,36993211;38548990,SRX19844830,SRX19844830.h5ad,disease,Idiopathic Pulmonary Fibrosis (IPF),scRNA,RNA-Seq,More_fibrotic;Lung,VUILD79-MF,
PRJNA945854,Cell type-specific and disease-associated eQTL in the human lung,GSE227136,36993211;38548990,SRX19844831,SRX19844831.h5ad,disease,idiopathic pulmonary fibrosis,scRNA,RNA-Seq,Less_fibrotic;Lung,VUILD73-LF,
PRJNA945854,Cell type-specific and disease-associated eQTL in the human lung,GSE227136,36993211;38548990,SRX19844832,SRX19844832.h5ad,disease,idiopathic pulmonary fibrosis,scRNA,RNA-Seq,More_fibrotic;Lung,VUILD73-MF,
PRJNA945854,Cell type-specific and disease-associated eQTL in the human lung,GSE227136,36993211;38548990,SRX19844833,SRX19844833.h5ad,disease,IPF (Idiopathic Pulmonary Fibrosis),scRNA,RNA-Seq,More_fibrotic;Lung,VUILD77-MF,
PRJNA945854,Cell type-specific and disease-associated eQTL in the human lung,GSE227136,36993211;38548990,SRX19844834,SRX19844834.h5ad,disease,IPF (Idiopathic Pulmonary Fibrosis),scRNA,RNA-Seq,Less_fibrotic;Lung,TILD037-LF,
PRJNA945854,Cell type-specific and disease-associated eQTL in the human lung,GSE227136,36993211;38548990,SRX19844835,SRX19844835.h5ad,disease,idiopathic pulmonary fibrosis,scRNA,RNA-Seq,More_fibrotic;Lung,TILD037-MF,
PRJNA945854,Cell type-specific and disease-associated eQTL in the human lung,GSE227136,36993211;38548990,SRX19844836,SRX19844836.h5ad,disease,ILD (Interstitial Lung Disease),scRNA,RNA-Seq,Less_fibrotic;Lung,TILD039-LF,
PRJNA945854,Cell type-specific and disease-associated eQTL in the human lung,GSE227136,36993211;38548990,SRX19844837,SRX19844837.h5ad,disease,interstitial lung disease,scRNA,RNA-Seq,More_fibrotic;Lung,TILD039-MF,
PRJNA945854,Cell type-specific and disease-associated eQTL in the human lung,GSE227136,36993211;38548990,SRX19844838,SRX19844838.h5ad,disease,Interstitial Lung Disease (ILD),scRNA,RNA-Seq,Less_fibrotic;Lung,TILD041-LF,
PRJNA945854,Cell type-specific and disease-associated eQTL in the human lung,GSE227136,36993211;38548990,SRX19844839,SRX19844839.h5ad,disease,ILD (Interstitial Lung Disease),scRNA,RNA-Seq,More_fibrotic;Lung,TILD041-MF,
PRJNA945854,Cell type-specific and disease-associated eQTL in the human lung,GSE227136,36993211;38548990,SRX19844846,SRX19844846.h5ad,disease,idiopathic pulmonary fibrosis,scRNA,RNA-Seq,Less_fibrotic;Lung,VUILD67-LF,
PRJNA945854,Cell type-specific and disease-associated eQTL in the human lung,GSE227136,36993211;38548990,SRX19844848,SRX19844848.h5ad,disease,IPF (Idiopathic Pulmonary Fibrosis),scRNA,RNA-Seq,Less_fibrotic;Lung,VUILD68-LF,
PRJNA945854,Cell type-specific and disease-associated eQTL in the human lung,GSE227136,36993211;38548990,SRX19844849,SRX19844849.h5ad,disease,idiopathic pulmonary fibrosis,scRNA,RNA-Seq,More_fibrotic;Lung,VUILD68-MF,
