srx_accession,file_path,obs_count,medianGenesPerCell,medianUmisPerCell,nCellsForQc
SRX15263316,gs://arc-institute-virtual-cell-atlas/scbasecount/2026-01-12/h5ad/GeneFull/Homo_sapiens/SRX15263316.h5ad,5356,4763.5,16285.0,5356
SRX15263318,gs://arc-institute-virtual-cell-atlas/scbasecount/2026-01-12/h5ad/GeneFull/Homo_sapiens/SRX15263318.h5ad,4150,2574.0,6394.0,4150
SRX15263315,gs://arc-institute-virtual-cell-atlas/scbasecount/2026-01-12/h5ad/GeneFull/Homo_sapiens/SRX15263315.h5ad,7700,3278.5,7705.5,7700
SRX17137139,gs://arc-institute-virtual-cell-atlas/scbasecount/2026-01-12/h5ad/GeneFull/Homo_sapiens/SRX17137139.h5ad,19000,2710.0,6768.0,19000
SRX15263317,gs://arc-institute-virtual-cell-atlas/scbasecount/2026-01-12/h5ad/GeneFull/Homo_sapiens/SRX15263317.h5ad,4433,4110.0,11010.0,4433
SRX22226494,gs://arc-institute-virtual-cell-atlas/scbasecount/2026-01-12/h5ad/GeneFull/Homo_sapiens/SRX22226494.h5ad,3264,1416.0,2586.5,3264
SRX22226496,gs://arc-institute-virtual-cell-atlas/scbasecount/2026-01-12/h5ad/GeneFull/Homo_sapiens/SRX22226496.h5ad,3044,1133.0,1852.5,3044
SRX22226498,gs://arc-institute-virtual-cell-atlas/scbasecount/2026-01-12/h5ad/GeneFull/Homo_sapiens/SRX22226498.h5ad,3308,1337.0,2395.5,3308
SRX22226500,gs://arc-institute-virtual-cell-atlas/scbasecount/2026-01-12/h5ad/GeneFull/Homo_sapiens/SRX22226500.h5ad,1989,1941.0,3925.0,1989
SRX22226492,gs://arc-institute-virtual-cell-atlas/scbasecount/2026-01-12/h5ad/GeneFull/Homo_sapiens/SRX22226492.h5ad,3967,2034.0,4055.0,3967
SRX23331468,gs://arc-institute-virtual-cell-atlas/scbasecount/2026-01-12/h5ad/GeneFull/Homo_sapiens/SRX23331468.h5ad,2862,1731.5,7286.5,2862
SRX23331472,gs://arc-institute-virtual-cell-atlas/scbasecount/2026-01-12/h5ad/GeneFull/Homo_sapiens/SRX23331472.h5ad,6494,3258.5,9039.0,6494
SRX23331471,gs://arc-institute-virtual-cell-atlas/scbasecount/2026-01-12/h5ad/GeneFull/Homo_sapiens/SRX23331471.h5ad,7637,5463.0,21010.0,7637
SRX23395191,gs://arc-institute-virtual-cell-atlas/scbasecount/2026-01-12/h5ad/GeneFull/Homo_sapiens/SRX23395191.h5ad,2178,1456.5,2933.0,2178
SRX23395192,gs://arc-institute-virtual-cell-atlas/scbasecount/2026-01-12/h5ad/GeneFull/Homo_sapiens/SRX23395192.h5ad,3034,1049.0,1741.0,3034
SRX23331463,gs://arc-institute-virtual-cell-atlas/scbasecount/2026-01-12/h5ad/GeneFull/Homo_sapiens/SRX23331463.h5ad,14073,3104.0,7525.0,14073
SRX12285822,gs://arc-institute-virtual-cell-atlas/scbasecount/2026-01-12/h5ad/GeneFull/Homo_sapiens/SRX12285822.h5ad,4377,3538.0,11048.0,4377
SRX11438989,gs://arc-institute-virtual-cell-atlas/scbasecount/2026-01-12/h5ad/GeneFull/Homo_sapiens/SRX11438989.h5ad,4159,2183.0,5065.0,4159
SRX11438984,gs://arc-institute-virtual-cell-atlas/scbasecount/2026-01-12/h5ad/GeneFull/Homo_sapiens/SRX11438984.h5ad,3680,2904.0,6742.0,3680
SRX11438987,gs://arc-institute-virtual-cell-atlas/scbasecount/2026-01-12/h5ad/GeneFull/Homo_sapiens/SRX11438987.h5ad,1481,1380.0,3615.0,1481
SRX11438992,gs://arc-institute-virtual-cell-atlas/scbasecount/2026-01-12/h5ad/GeneFull/Homo_sapiens/SRX11438992.h5ad,2654,2490.0,6175.5,2654
SRX14589433,gs://arc-institute-virtual-cell-atlas/scbasecount/2026-01-12/h5ad/GeneFull/Homo_sapiens/SRX14589433.h5ad,6976,1582.0,2935.0,6976
SRX14589431,gs://arc-institute-virtual-cell-atlas/scbasecount/2026-01-12/h5ad/GeneFull/Homo_sapiens/SRX14589431.h5ad,5708,2009.5,4064.0,5708
SRX11438991,gs://arc-institute-virtual-cell-atlas/scbasecount/2026-01-12/h5ad/GeneFull/Homo_sapiens/SRX11438991.h5ad,4001,2371.0,5524.0,4001
SRX11438990,gs://arc-institute-virtual-cell-atlas/scbasecount/2026-01-12/h5ad/GeneFull/Homo_sapiens/SRX11438990.h5ad,5342,2620.0,6848.5,5342
SRX22226505,gs://arc-institute-virtual-cell-atlas/scbasecount/2026-01-12/h5ad/GeneFull/Homo_sapiens/SRX22226505.h5ad,4581,2882.0,6850.0,4581
SRX22226504,gs://arc-institute-virtual-cell-atlas/scbasecount/2026-01-12/h5ad/GeneFull/Homo_sapiens/SRX22226504.h5ad,2994,1825.5,4100.0,2994
SRX23331462,gs://arc-institute-virtual-cell-atlas/scbasecount/2026-01-12/h5ad/GeneFull/Homo_sapiens/SRX23331462.h5ad,9709,1857.0,3526.0,9709
SRX23724110,gs://arc-institute-virtual-cell-atlas/scbasecount/2026-01-12/h5ad/GeneFull/Homo_sapiens/SRX23724110.h5ad,8925,1751.0,3352.0,8925
SRX23724101,gs://arc-institute-virtual-cell-atlas/scbasecount/2026-01-12/h5ad/GeneFull/Homo_sapiens/SRX23724101.h5ad,9110,1668.0,2915.0,9110
SRX23724094,gs://arc-institute-virtual-cell-atlas/scbasecount/2026-01-12/h5ad/GeneFull/Homo_sapiens/SRX23724094.h5ad,9504,2721.5,5811.0,9504
SRX23724124,gs://arc-institute-virtual-cell-atlas/scbasecount/2026-01-12/h5ad/GeneFull/Homo_sapiens/SRX23724124.h5ad,1953,2601.0,6283.0,1953
SRX23724103,gs://arc-institute-virtual-cell-atlas/scbasecount/2026-01-12/h5ad/GeneFull/Homo_sapiens/SRX23724103.h5ad,3183,1300.0,2265.0,3183
SRX23724088,gs://arc-institute-virtual-cell-atlas/scbasecount/2026-01-12/h5ad/GeneFull/Homo_sapiens/SRX23724088.h5ad,4947,2313.0,5182.0,4947
SRX23724122,gs://arc-institute-virtual-cell-atlas/scbasecount/2026-01-12/h5ad/GeneFull/Homo_sapiens/SRX23724122.h5ad,4650,1391.0,2491.5,4650
SRX23724100,gs://arc-institute-virtual-cell-atlas/scbasecount/2026-01-12/h5ad/GeneFull/Homo_sapiens/SRX23724100.h5ad,10638,1350.0,2309.5,10638
SRX23724123,gs://arc-institute-virtual-cell-atlas/scbasecount/2026-01-12/h5ad/GeneFull/Homo_sapiens/SRX23724123.h5ad,6524,3169.5,8892.5,6524
SRX23724125,gs://arc-institute-virtual-cell-atlas/scbasecount/2026-01-12/h5ad/GeneFull/Homo_sapiens/SRX23724125.h5ad,16970,2649.0,6553.0,16970
SRX23724081,gs://arc-institute-virtual-cell-atlas/scbasecount/2026-01-12/h5ad/GeneFull/Homo_sapiens/SRX23724081.h5ad,9195,1947.0,3535.0,9195
SRX23724107,gs://arc-institute-virtual-cell-atlas/scbasecount/2026-01-12/h5ad/GeneFull/Homo_sapiens/SRX23724107.h5ad,22198,2147.0,3692.0,22198
SRX23724098,gs://arc-institute-virtual-cell-atlas/scbasecount/2026-01-12/h5ad/GeneFull/Homo_sapiens/SRX23724098.h5ad,11246,1427.5,2577.0,11246
SRX23802731,gs://arc-institute-virtual-cell-atlas/scbasecount/2026-01-12/h5ad/GeneFull/Homo_sapiens/SRX23802731.h5ad,22441,1448.0,2530.0,22441
SRX23802736,gs://arc-institute-virtual-cell-atlas/scbasecount/2026-01-12/h5ad/GeneFull/Homo_sapiens/SRX23802736.h5ad,18482,1692.0,3068.0,18482
SRX23724090,gs://arc-institute-virtual-cell-atlas/scbasecount/2026-01-12/h5ad/GeneFull/Homo_sapiens/SRX23724090.h5ad,4151,3409.0,10370.0,4151
SRX23724082,gs://arc-institute-virtual-cell-atlas/scbasecount/2026-01-12/h5ad/GeneFull/Homo_sapiens/SRX23724082.h5ad,19177,1781.0,3050.0,19177
SRX23724096,gs://arc-institute-virtual-cell-atlas/scbasecount/2026-01-12/h5ad/GeneFull/Homo_sapiens/SRX23724096.h5ad,11802,1571.5,2837.0,11802
SRX23724109,gs://arc-institute-virtual-cell-atlas/scbasecount/2026-01-12/h5ad/GeneFull/Homo_sapiens/SRX23724109.h5ad,7699,2591.0,5980.0,7699
SRX23724121,gs://arc-institute-virtual-cell-atlas/scbasecount/2026-01-12/h5ad/GeneFull/Homo_sapiens/SRX23724121.h5ad,17601,1466.0,2390.0,17601
SRX23802728,gs://arc-institute-virtual-cell-atlas/scbasecount/2026-01-12/h5ad/GeneFull/Homo_sapiens/SRX23802728.h5ad,18972,1756.0,3239.0,18972
SRX23724091,gs://arc-institute-virtual-cell-atlas/scbasecount/2026-01-12/h5ad/GeneFull/Homo_sapiens/SRX23724091.h5ad,33545,2861.0,5851.0,33545
SRX23724111,gs://arc-institute-virtual-cell-atlas/scbasecount/2026-01-12/h5ad/GeneFull/Homo_sapiens/SRX23724111.h5ad,6416,2442.0,5481.5,6416
SRX23724106,gs://arc-institute-virtual-cell-atlas/scbasecount/2026-01-12/h5ad/GeneFull/Homo_sapiens/SRX23724106.h5ad,10544,2910.5,6318.5,10544
SRX23724104,gs://arc-institute-virtual-cell-atlas/scbasecount/2026-01-12/h5ad/GeneFull/Homo_sapiens/SRX23724104.h5ad,9667,2680.0,5770.0,9667
SRX23724105,gs://arc-institute-virtual-cell-atlas/scbasecount/2026-01-12/h5ad/GeneFull/Homo_sapiens/SRX23724105.h5ad,10380,2591.0,5407.5,10380
SRX23724085,gs://arc-institute-virtual-cell-atlas/scbasecount/2026-01-12/h5ad/GeneFull/Homo_sapiens/SRX23724085.h5ad,4982,4008.0,13032.5,4982
SRX23724073,gs://arc-institute-virtual-cell-atlas/scbasecount/2026-01-12/h5ad/GeneFull/Homo_sapiens/SRX23724073.h5ad,24163,1818.0,3762.0,24163
SRX23802735,gs://arc-institute-virtual-cell-atlas/scbasecount/2026-01-12/h5ad/GeneFull/Homo_sapiens/SRX23802735.h5ad,23056,1518.5,2833.5,23056
SRX10048395,gs://arc-institute-virtual-cell-atlas/scbasecount/2026-01-12/h5ad/GeneFull/Homo_sapiens/SRX10048395.h5ad,8876,2410.0,4950.0,8876
SRX10048396,gs://arc-institute-virtual-cell-atlas/scbasecount/2026-01-12/h5ad/GeneFull/Homo_sapiens/SRX10048396.h5ad,3396,1072.0,1619.0,3396
SRX10048373,gs://arc-institute-virtual-cell-atlas/scbasecount/2026-01-12/h5ad/GeneFull/Homo_sapiens/SRX10048373.h5ad,13251,1647.0,3111.0,13251
SRX10048391,gs://arc-institute-virtual-cell-atlas/scbasecount/2026-01-12/h5ad/GeneFull/Homo_sapiens/SRX10048391.h5ad,23078,2329.0,3946.0,23078
SRX10048397,gs://arc-institute-virtual-cell-atlas/scbasecount/2026-01-12/h5ad/GeneFull/Homo_sapiens/SRX10048397.h5ad,2298,1287.5,1972.5,2298
SRX10048389,gs://arc-institute-virtual-cell-atlas/scbasecount/2026-01-12/h5ad/GeneFull/Homo_sapiens/SRX10048389.h5ad,10008,2367.5,4941.5,10008
SRX10100448,gs://arc-institute-virtual-cell-atlas/scbasecount/2026-01-12/h5ad/GeneFull/Homo_sapiens/SRX10100448.h5ad,28784,3024.0,7278.5,28784
SRX9078407,gs://arc-institute-virtual-cell-atlas/scbasecount/2026-01-12/h5ad/GeneFull/Homo_sapiens/SRX9078407.h5ad,2138,6333.5,29893.0,2138
SRX8353571,gs://arc-institute-virtual-cell-atlas/scbasecount/2026-01-12/h5ad/GeneFull/Homo_sapiens/SRX8353571.h5ad,7433,3522.0,10183.0,7433
SRX8353568,gs://arc-institute-virtual-cell-atlas/scbasecount/2026-01-12/h5ad/GeneFull/Homo_sapiens/SRX8353568.h5ad,6819,3875.0,13546.0,6819
