position,srx,status,input_r2_file,output_r2_file,run_id,local_csv,timestamp,duration_seconds,error
1/116,SRX10048389,dry_run,cytetype_pipeline_20260522_175813/SRX10048389_annotated.h5ad,cyteonto_pipeline_20260526_111100/SRX10048389_cyteonto.csv,,,2026-05-26 11:11:01,,
2/116,SRX10100448,dry_run,cytetype_pipeline_20260522_175813/SRX10100448_annotated.h5ad,cyteonto_pipeline_20260526_111100/SRX10100448_cyteonto.csv,,,2026-05-26 11:11:01,,
3/116,SRX11438989,dry_run,cytetype_pipeline_20260522_175813/SRX11438989_annotated.h5ad,cyteonto_pipeline_20260526_111100/SRX11438989_cyteonto.csv,,,2026-05-26 11:11:01,,
4/116,SRX12285822,dry_run,cytetype_pipeline_20260522_175813/SRX12285822_annotated.h5ad,cyteonto_pipeline_20260526_111100/SRX12285822_cyteonto.csv,,,2026-05-26 11:11:01,,
5/116,SRX14098306,dry_run,cytetype_pipeline_20260522_175813/SRX14098306_annotated.h5ad,cyteonto_pipeline_20260526_111100/SRX14098306_cyteonto.csv,,,2026-05-26 11:11:01,,
6/116,SRX14767851,dry_run,cytetype_pipeline_20260522_175813/SRX14767851_annotated.h5ad,cyteonto_pipeline_20260526_111100/SRX14767851_cyteonto.csv,,,2026-05-26 11:11:01,,
7/116,SRX14767852,dry_run,cytetype_pipeline_20260522_175813/SRX14767852_annotated.h5ad,cyteonto_pipeline_20260526_111100/SRX14767852_cyteonto.csv,,,2026-05-26 11:11:01,,
8/116,SRX14767853,dry_run,cytetype_pipeline_20260522_175813/SRX14767853_annotated.h5ad,cyteonto_pipeline_20260526_111100/SRX14767853_cyteonto.csv,,,2026-05-26 11:11:01,,
9/116,SRX14767854,dry_run,cytetype_pipeline_20260522_175813/SRX14767854_annotated.h5ad,cyteonto_pipeline_20260526_111100/SRX14767854_cyteonto.csv,,,2026-05-26 11:11:01,,
10/116,SRX14767855,dry_run,cytetype_pipeline_20260522_175813/SRX14767855_annotated.h5ad,cyteonto_pipeline_20260526_111100/SRX14767855_cyteonto.csv,,,2026-05-26 11:11:01,,
11/116,SRX15263316,dry_run,cytetype_pipeline_20260522_175813/SRX15263316_annotated.h5ad,cyteonto_pipeline_20260526_111100/SRX15263316_cyteonto.csv,,,2026-05-26 11:11:01,,
12/116,SRX15263317,dry_run,cytetype_pipeline_20260522_175813/SRX15263317_annotated.h5ad,cyteonto_pipeline_20260526_111100/SRX15263317_cyteonto.csv,,,2026-05-26 11:11:01,,
13/116,SRX17137139,dry_run,cytetype_pipeline_20260522_175813/SRX17137139_annotated.h5ad,cyteonto_pipeline_20260526_111100/SRX17137139_cyteonto.csv,,,2026-05-26 11:11:01,,
14/116,SRX17412809,dry_run,cytetype_pipeline_20260522_175813/SRX17412809_annotated.h5ad,cyteonto_pipeline_20260526_111100/SRX17412809_cyteonto.csv,,,2026-05-26 11:11:01,,
15/116,SRX17412812,dry_run,cytetype_pipeline_20260522_175813/SRX17412812_annotated.h5ad,cyteonto_pipeline_20260526_111100/SRX17412812_cyteonto.csv,,,2026-05-26 11:11:01,,
16/116,SRX17412813,dry_run,cytetype_pipeline_20260522_175813/SRX17412813_annotated.h5ad,cyteonto_pipeline_20260526_111100/SRX17412813_cyteonto.csv,,,2026-05-26 11:11:01,,
17/116,SRX17412814,dry_run,cytetype_pipeline_20260522_175813/SRX17412814_annotated.h5ad,cyteonto_pipeline_20260526_111100/SRX17412814_cyteonto.csv,,,2026-05-26 11:11:01,,
18/116,SRX17412815,dry_run,cytetype_pipeline_20260522_175813/SRX17412815_annotated.h5ad,cyteonto_pipeline_20260526_111100/SRX17412815_cyteonto.csv,,,2026-05-26 11:11:01,,
19/116,SRX17412820,dry_run,cytetype_pipeline_20260522_175813/SRX17412820_annotated.h5ad,cyteonto_pipeline_20260526_111100/SRX17412820_cyteonto.csv,,,2026-05-26 11:11:01,,
20/116,SRX17412823,dry_run,cytetype_pipeline_20260522_175813/SRX17412823_annotated.h5ad,cyteonto_pipeline_20260526_111100/SRX17412823_cyteonto.csv,,,2026-05-26 11:11:01,,
21/116,SRX17412828,dry_run,cytetype_pipeline_20260522_175813/SRX17412828_annotated.h5ad,cyteonto_pipeline_20260526_111100/SRX17412828_cyteonto.csv,,,2026-05-26 11:11:01,,
22/116,SRX17412832,dry_run,cytetype_pipeline_20260522_175813/SRX17412832_annotated.h5ad,cyteonto_pipeline_20260526_111100/SRX17412832_cyteonto.csv,,,2026-05-26 11:11:01,,
23/116,SRX17412848,dry_run,cytetype_pipeline_20260522_175813/SRX17412848_annotated.h5ad,cyteonto_pipeline_20260526_111100/SRX17412848_cyteonto.csv,,,2026-05-26 11:11:01,,
24/116,SRX17412850,dry_run,cytetype_pipeline_20260522_175813/SRX17412850_annotated.h5ad,cyteonto_pipeline_20260526_111100/SRX17412850_cyteonto.csv,,,2026-05-26 11:11:01,,
25/116,SRX17664572,dry_run,cytetype_pipeline_20260522_175813/SRX17664572_annotated.h5ad,cyteonto_pipeline_20260526_111100/SRX17664572_cyteonto.csv,,,2026-05-26 11:11:01,,
26/116,SRX17689200,dry_run,cytetype_pipeline_20260522_175813/SRX17689200_annotated.h5ad,cyteonto_pipeline_20260526_111100/SRX17689200_cyteonto.csv,,,2026-05-26 11:11:01,,
27/116,SRX17689203,dry_run,cytetype_pipeline_20260522_175813/SRX17689203_annotated.h5ad,cyteonto_pipeline_20260526_111100/SRX17689203_cyteonto.csv,,,2026-05-26 11:11:01,,
28/116,SRX17689209,dry_run,cytetype_pipeline_20260522_175813/SRX17689209_annotated.h5ad,cyteonto_pipeline_20260526_111100/SRX17689209_cyteonto.csv,,,2026-05-26 11:11:01,,
29/116,SRX17896691,dry_run,cytetype_pipeline_20260522_175813/SRX17896691_annotated.h5ad,cyteonto_pipeline_20260526_111100/SRX17896691_cyteonto.csv,,,2026-05-26 11:11:01,,
30/116,SRX19704158,dry_run,cytetype_pipeline_20260522_175813/SRX19704158_annotated.h5ad,cyteonto_pipeline_20260526_111100/SRX19704158_cyteonto.csv,,,2026-05-26 11:11:01,,
31/116,SRX19704159,dry_run,cytetype_pipeline_20260522_175813/SRX19704159_annotated.h5ad,cyteonto_pipeline_20260526_111100/SRX19704159_cyteonto.csv,,,2026-05-26 11:11:01,,
32/116,SRX19704188,dry_run,cytetype_pipeline_20260522_175813/SRX19704188_annotated.h5ad,cyteonto_pipeline_20260526_111100/SRX19704188_cyteonto.csv,,,2026-05-26 11:11:01,,
33/116,SRX19704194,dry_run,cytetype_pipeline_20260522_175813/SRX19704194_annotated.h5ad,cyteonto_pipeline_20260526_111100/SRX19704194_cyteonto.csv,,,2026-05-26 11:11:01,,
34/116,SRX19704196,dry_run,cytetype_pipeline_20260522_175813/SRX19704196_annotated.h5ad,cyteonto_pipeline_20260526_111100/SRX19704196_cyteonto.csv,,,2026-05-26 11:11:01,,
35/116,SRX19727428,dry_run,cytetype_pipeline_20260522_175813/SRX19727428_annotated.h5ad,cyteonto_pipeline_20260526_111100/SRX19727428_cyteonto.csv,,,2026-05-26 11:11:01,,
36/116,SRX19727429,dry_run,cytetype_pipeline_20260522_175813/SRX19727429_annotated.h5ad,cyteonto_pipeline_20260526_111100/SRX19727429_cyteonto.csv,,,2026-05-26 11:11:01,,
37/116,SRX19727432,dry_run,cytetype_pipeline_20260522_175813/SRX19727432_annotated.h5ad,cyteonto_pipeline_20260526_111100/SRX19727432_cyteonto.csv,,,2026-05-26 11:11:01,,
38/116,SRX19727434,dry_run,cytetype_pipeline_20260522_175813/SRX19727434_annotated.h5ad,cyteonto_pipeline_20260526_111100/SRX19727434_cyteonto.csv,,,2026-05-26 11:11:01,,
39/116,SRX19727435,dry_run,cytetype_pipeline_20260522_175813/SRX19727435_annotated.h5ad,cyteonto_pipeline_20260526_111100/SRX19727435_cyteonto.csv,,,2026-05-26 11:11:01,,
40/116,SRX19844818,dry_run,cytetype_pipeline_20260522_175813/SRX19844818_annotated.h5ad,cyteonto_pipeline_20260526_111100/SRX19844818_cyteonto.csv,,,2026-05-26 11:11:01,,
41/116,SRX19844819,dry_run,cytetype_pipeline_20260522_175813/SRX19844819_annotated.h5ad,cyteonto_pipeline_20260526_111100/SRX19844819_cyteonto.csv,,,2026-05-26 11:11:01,,
42/116,SRX19844821,dry_run,cytetype_pipeline_20260522_175813/SRX19844821_annotated.h5ad,cyteonto_pipeline_20260526_111100/SRX19844821_cyteonto.csv,,,2026-05-26 11:11:01,,
43/116,SRX19844825,dry_run,cytetype_pipeline_20260522_175813/SRX19844825_annotated.h5ad,cyteonto_pipeline_20260526_111100/SRX19844825_cyteonto.csv,,,2026-05-26 11:11:01,,
44/116,SRX19844836,dry_run,cytetype_pipeline_20260522_175813/SRX19844836_annotated.h5ad,cyteonto_pipeline_20260526_111100/SRX19844836_cyteonto.csv,,,2026-05-26 11:11:01,,
45/116,SRX19844837,dry_run,cytetype_pipeline_20260522_175813/SRX19844837_annotated.h5ad,cyteonto_pipeline_20260526_111100/SRX19844837_cyteonto.csv,,,2026-05-26 11:11:01,,
46/116,SRX19844838,dry_run,cytetype_pipeline_20260522_175813/SRX19844838_annotated.h5ad,cyteonto_pipeline_20260526_111100/SRX19844838_cyteonto.csv,,,2026-05-26 11:11:01,,
47/116,SRX19844839,dry_run,cytetype_pipeline_20260522_175813/SRX19844839_annotated.h5ad,cyteonto_pipeline_20260526_111100/SRX19844839_cyteonto.csv,,,2026-05-26 11:11:01,,
48/116,SRX19844846,dry_run,cytetype_pipeline_20260522_175813/SRX19844846_annotated.h5ad,cyteonto_pipeline_20260526_111100/SRX19844846_cyteonto.csv,,,2026-05-26 11:11:01,,
49/116,SRX22226492,dry_run,cytetype_pipeline_20260522_175813/SRX22226492_annotated.h5ad,cyteonto_pipeline_20260526_111100/SRX22226492_cyteonto.csv,,,2026-05-26 11:11:01,,
50/116,SRX22226494,dry_run,cytetype_pipeline_20260522_175813/SRX22226494_annotated.h5ad,cyteonto_pipeline_20260526_111100/SRX22226494_cyteonto.csv,,,2026-05-26 11:11:01,,
51/116,SRX22226496,dry_run,cytetype_pipeline_20260522_175813/SRX22226496_annotated.h5ad,cyteonto_pipeline_20260526_111100/SRX22226496_cyteonto.csv,,,2026-05-26 11:11:01,,
52/116,SRX22226500,dry_run,cytetype_pipeline_20260522_175813/SRX22226500_annotated.h5ad,cyteonto_pipeline_20260526_111100/SRX22226500_cyteonto.csv,,,2026-05-26 11:11:01,,
53/116,SRX22226505,dry_run,cytetype_pipeline_20260522_175813/SRX22226505_annotated.h5ad,cyteonto_pipeline_20260526_111100/SRX22226505_cyteonto.csv,,,2026-05-26 11:11:01,,
54/116,SRX23331471,dry_run,cytetype_pipeline_20260522_175813/SRX23331471_annotated.h5ad,cyteonto_pipeline_20260526_111100/SRX23331471_cyteonto.csv,,,2026-05-26 11:11:01,,
55/116,SRX23395191,dry_run,cytetype_pipeline_20260522_175813/SRX23395191_annotated.h5ad,cyteonto_pipeline_20260526_111100/SRX23395191_cyteonto.csv,,,2026-05-26 11:11:01,,
56/116,SRX23724085,dry_run,cytetype_pipeline_20260522_175813/SRX23724085_annotated.h5ad,cyteonto_pipeline_20260526_111100/SRX23724085_cyteonto.csv,,,2026-05-26 11:11:01,,
57/116,SRX23724088,dry_run,cytetype_pipeline_20260522_175813/SRX23724088_annotated.h5ad,cyteonto_pipeline_20260526_111100/SRX23724088_cyteonto.csv,,,2026-05-26 11:11:01,,
58/116,SRX23724094,dry_run,cytetype_pipeline_20260522_175813/SRX23724094_annotated.h5ad,cyteonto_pipeline_20260526_111100/SRX23724094_cyteonto.csv,,,2026-05-26 11:11:01,,
59/116,SRX23724096,dry_run,cytetype_pipeline_20260522_175813/SRX23724096_annotated.h5ad,cyteonto_pipeline_20260526_111100/SRX23724096_cyteonto.csv,,,2026-05-26 11:11:01,,
60/116,SRX23724098,dry_run,cytetype_pipeline_20260522_175813/SRX23724098_annotated.h5ad,cyteonto_pipeline_20260526_111100/SRX23724098_cyteonto.csv,,,2026-05-26 11:11:01,,
61/116,SRX23724110,dry_run,cytetype_pipeline_20260522_175813/SRX23724110_annotated.h5ad,cyteonto_pipeline_20260526_111100/SRX23724110_cyteonto.csv,,,2026-05-26 11:11:01,,
62/116,SRX23724122,dry_run,cytetype_pipeline_20260522_175813/SRX23724122_annotated.h5ad,cyteonto_pipeline_20260526_111100/SRX23724122_cyteonto.csv,,,2026-05-26 11:11:01,,
63/116,SRX23724123,dry_run,cytetype_pipeline_20260522_175813/SRX23724123_annotated.h5ad,cyteonto_pipeline_20260526_111100/SRX23724123_cyteonto.csv,,,2026-05-26 11:11:01,,
64/116,SRX23802728,dry_run,cytetype_pipeline_20260522_175813/SRX23802728_annotated.h5ad,cyteonto_pipeline_20260526_111100/SRX23802728_cyteonto.csv,,,2026-05-26 11:11:01,,
65/116,SRX23802731,dry_run,cytetype_pipeline_20260522_175813/SRX23802731_annotated.h5ad,cyteonto_pipeline_20260526_111100/SRX23802731_cyteonto.csv,,,2026-05-26 11:11:01,,
66/116,SRX24732576,dry_run,cytetype_pipeline_20260522_175813/SRX24732576_annotated.h5ad,cyteonto_pipeline_20260526_111100/SRX24732576_cyteonto.csv,,,2026-05-26 11:11:01,,
67/116,SRX24732577,dry_run,cytetype_pipeline_20260522_175813/SRX24732577_annotated.h5ad,cyteonto_pipeline_20260526_111100/SRX24732577_cyteonto.csv,,,2026-05-26 11:11:01,,
68/116,SRX24841614,dry_run,cytetype_pipeline_20260522_175813/SRX24841614_annotated.h5ad,cyteonto_pipeline_20260526_111100/SRX24841614_cyteonto.csv,,,2026-05-26 11:11:01,,
69/116,SRX24841616,dry_run,cytetype_pipeline_20260522_175813/SRX24841616_annotated.h5ad,cyteonto_pipeline_20260526_111100/SRX24841616_cyteonto.csv,,,2026-05-26 11:11:01,,
70/116,SRX24841617,dry_run,cytetype_pipeline_20260522_175813/SRX24841617_annotated.h5ad,cyteonto_pipeline_20260526_111100/SRX24841617_cyteonto.csv,,,2026-05-26 11:11:01,,
71/116,SRX24841619,dry_run,cytetype_pipeline_20260522_175813/SRX24841619_annotated.h5ad,cyteonto_pipeline_20260526_111100/SRX24841619_cyteonto.csv,,,2026-05-26 11:11:01,,
72/116,SRX25038162,dry_run,cytetype_pipeline_20260522_175813/SRX25038162_annotated.h5ad,cyteonto_pipeline_20260526_111100/SRX25038162_cyteonto.csv,,,2026-05-26 11:11:01,,
73/116,SRX25038164,dry_run,cytetype_pipeline_20260522_175813/SRX25038164_annotated.h5ad,cyteonto_pipeline_20260526_111100/SRX25038164_cyteonto.csv,,,2026-05-26 11:11:01,,
74/116,SRX25038165,dry_run,cytetype_pipeline_20260522_175813/SRX25038165_annotated.h5ad,cyteonto_pipeline_20260526_111100/SRX25038165_cyteonto.csv,,,2026-05-26 11:11:01,,
75/116,SRX25038166,dry_run,cytetype_pipeline_20260522_175813/SRX25038166_annotated.h5ad,cyteonto_pipeline_20260526_111100/SRX25038166_cyteonto.csv,,,2026-05-26 11:11:01,,
76/116,SRX25038170,dry_run,cytetype_pipeline_20260522_175813/SRX25038170_annotated.h5ad,cyteonto_pipeline_20260526_111100/SRX25038170_cyteonto.csv,,,2026-05-26 11:11:01,,
77/116,SRX25038171,dry_run,cytetype_pipeline_20260522_175813/SRX25038171_annotated.h5ad,cyteonto_pipeline_20260526_111100/SRX25038171_cyteonto.csv,,,2026-05-26 11:11:01,,
78/116,SRX25038172,dry_run,cytetype_pipeline_20260522_175813/SRX25038172_annotated.h5ad,cyteonto_pipeline_20260526_111100/SRX25038172_cyteonto.csv,,,2026-05-26 11:11:01,,
79/116,SRX27113463,dry_run,cytetype_pipeline_20260522_175813/SRX27113463_annotated.h5ad,cyteonto_pipeline_20260526_111100/SRX27113463_cyteonto.csv,,,2026-05-26 11:11:01,,
80/116,SRX27291574,dry_run,cytetype_pipeline_20260522_175813/SRX27291574_annotated.h5ad,cyteonto_pipeline_20260526_111100/SRX27291574_cyteonto.csv,,,2026-05-26 11:11:01,,
81/116,SRX27291612,dry_run,cytetype_pipeline_20260522_175813/SRX27291612_annotated.h5ad,cyteonto_pipeline_20260526_111100/SRX27291612_cyteonto.csv,,,2026-05-26 11:11:01,,
82/116,SRX27291623,dry_run,cytetype_pipeline_20260522_175813/SRX27291623_annotated.h5ad,cyteonto_pipeline_20260526_111100/SRX27291623_cyteonto.csv,,,2026-05-26 11:11:01,,
83/116,SRX6726382,dry_run,cytetype_pipeline_20260522_175813/SRX6726382_annotated.h5ad,cyteonto_pipeline_20260526_111100/SRX6726382_cyteonto.csv,,,2026-05-26 11:11:01,,
84/116,SRX6726383,dry_run,cytetype_pipeline_20260522_175813/SRX6726383_annotated.h5ad,cyteonto_pipeline_20260526_111100/SRX6726383_cyteonto.csv,,,2026-05-26 11:11:01,,
85/116,SRX6812462,dry_run,cytetype_pipeline_20260522_175813/SRX6812462_annotated.h5ad,cyteonto_pipeline_20260526_111100/SRX6812462_cyteonto.csv,,,2026-05-26 11:11:01,,
86/116,SRX8349956,dry_run,cytetype_pipeline_20260522_175813/SRX8349956_annotated.h5ad,cyteonto_pipeline_20260526_111100/SRX8349956_cyteonto.csv,,,2026-05-26 11:11:01,,
87/116,SRX8349958,dry_run,cytetype_pipeline_20260522_175813/SRX8349958_annotated.h5ad,cyteonto_pipeline_20260526_111100/SRX8349958_cyteonto.csv,,,2026-05-26 11:11:01,,
88/116,SRX8349959,dry_run,cytetype_pipeline_20260522_175813/SRX8349959_annotated.h5ad,cyteonto_pipeline_20260526_111100/SRX8349959_cyteonto.csv,,,2026-05-26 11:11:01,,
89/116,SRX8349961,dry_run,cytetype_pipeline_20260522_175813/SRX8349961_annotated.h5ad,cyteonto_pipeline_20260526_111100/SRX8349961_cyteonto.csv,,,2026-05-26 11:11:01,,
90/116,SRX8349966,dry_run,cytetype_pipeline_20260522_175813/SRX8349966_annotated.h5ad,cyteonto_pipeline_20260526_111100/SRX8349966_cyteonto.csv,,,2026-05-26 11:11:01,,
91/116,SRX8353568,dry_run,cytetype_pipeline_20260522_175813/SRX8353568_annotated.h5ad,cyteonto_pipeline_20260526_111100/SRX8353568_cyteonto.csv,,,2026-05-26 11:11:01,,
92/116,SRX9246197,dry_run,cytetype_pipeline_20260522_175813/SRX9246197_annotated.h5ad,cyteonto_pipeline_20260526_111100/SRX9246197_cyteonto.csv,,,2026-05-26 11:11:01,,
93/116,SRX9246199,dry_run,cytetype_pipeline_20260522_175813/SRX9246199_annotated.h5ad,cyteonto_pipeline_20260526_111100/SRX9246199_cyteonto.csv,,,2026-05-26 11:11:01,,
94/116,SRX9246200,dry_run,cytetype_pipeline_20260522_175813/SRX9246200_annotated.h5ad,cyteonto_pipeline_20260526_111100/SRX9246200_cyteonto.csv,,,2026-05-26 11:11:01,,
95/116,SRX9246201,dry_run,cytetype_pipeline_20260522_175813/SRX9246201_annotated.h5ad,cyteonto_pipeline_20260526_111100/SRX9246201_cyteonto.csv,,,2026-05-26 11:11:01,,
96/116,SRX9246202,dry_run,cytetype_pipeline_20260522_175813/SRX9246202_annotated.h5ad,cyteonto_pipeline_20260526_111100/SRX9246202_cyteonto.csv,,,2026-05-26 11:11:01,,
97/116,SRX9246204,dry_run,cytetype_pipeline_20260522_175813/SRX9246204_annotated.h5ad,cyteonto_pipeline_20260526_111100/SRX9246204_cyteonto.csv,,,2026-05-26 11:11:01,,
98/116,SRX9246205,dry_run,cytetype_pipeline_20260522_175813/SRX9246205_annotated.h5ad,cyteonto_pipeline_20260526_111100/SRX9246205_cyteonto.csv,,,2026-05-26 11:11:01,,
99/116,SRX9246206,dry_run,cytetype_pipeline_20260522_175813/SRX9246206_annotated.h5ad,cyteonto_pipeline_20260526_111100/SRX9246206_cyteonto.csv,,,2026-05-26 11:11:01,,
100/116,SRX9246207,dry_run,cytetype_pipeline_20260522_175813/SRX9246207_annotated.h5ad,cyteonto_pipeline_20260526_111100/SRX9246207_cyteonto.csv,,,2026-05-26 11:11:01,,
101/116,SRX9246208,dry_run,cytetype_pipeline_20260522_175813/SRX9246208_annotated.h5ad,cyteonto_pipeline_20260526_111100/SRX9246208_cyteonto.csv,,,2026-05-26 11:11:01,,
102/116,SRX9276289,dry_run,cytetype_pipeline_20260522_175813/SRX9276289_annotated.h5ad,cyteonto_pipeline_20260526_111100/SRX9276289_cyteonto.csv,,,2026-05-26 11:11:01,,
103/116,SRX9276290,dry_run,cytetype_pipeline_20260522_175813/SRX9276290_annotated.h5ad,cyteonto_pipeline_20260526_111100/SRX9276290_cyteonto.csv,,,2026-05-26 11:11:01,,
104/116,SRX9276291,dry_run,cytetype_pipeline_20260522_175813/SRX9276291_annotated.h5ad,cyteonto_pipeline_20260526_111100/SRX9276291_cyteonto.csv,,,2026-05-26 11:11:01,,
105/116,SRX9276292,dry_run,cytetype_pipeline_20260522_175813/SRX9276292_annotated.h5ad,cyteonto_pipeline_20260526_111100/SRX9276292_cyteonto.csv,,,2026-05-26 11:11:01,,
106/116,SRX9276293,dry_run,cytetype_pipeline_20260522_175813/SRX9276293_annotated.h5ad,cyteonto_pipeline_20260526_111100/SRX9276293_cyteonto.csv,,,2026-05-26 11:11:01,,
107/116,SRX9276294,dry_run,cytetype_pipeline_20260522_175813/SRX9276294_annotated.h5ad,cyteonto_pipeline_20260526_111100/SRX9276294_cyteonto.csv,,,2026-05-26 11:11:01,,
108/116,SRX9276295,dry_run,cytetype_pipeline_20260522_175813/SRX9276295_annotated.h5ad,cyteonto_pipeline_20260526_111100/SRX9276295_cyteonto.csv,,,2026-05-26 11:11:01,,
109/116,SRX9276309,dry_run,cytetype_pipeline_20260522_175813/SRX9276309_annotated.h5ad,cyteonto_pipeline_20260526_111100/SRX9276309_cyteonto.csv,,,2026-05-26 11:11:01,,
110/116,SRX9276315,dry_run,cytetype_pipeline_20260522_175813/SRX9276315_annotated.h5ad,cyteonto_pipeline_20260526_111100/SRX9276315_cyteonto.csv,,,2026-05-26 11:11:01,,
111/116,SRX9276316,dry_run,cytetype_pipeline_20260522_175813/SRX9276316_annotated.h5ad,cyteonto_pipeline_20260526_111100/SRX9276316_cyteonto.csv,,,2026-05-26 11:11:01,,
112/116,SRX9276318,dry_run,cytetype_pipeline_20260522_175813/SRX9276318_annotated.h5ad,cyteonto_pipeline_20260526_111100/SRX9276318_cyteonto.csv,,,2026-05-26 11:11:01,,
113/116,SRX9276319,dry_run,cytetype_pipeline_20260522_175813/SRX9276319_annotated.h5ad,cyteonto_pipeline_20260526_111100/SRX9276319_cyteonto.csv,,,2026-05-26 11:11:01,,
114/116,SRX9276320,dry_run,cytetype_pipeline_20260522_175813/SRX9276320_annotated.h5ad,cyteonto_pipeline_20260526_111100/SRX9276320_cyteonto.csv,,,2026-05-26 11:11:01,,
115/116,SRX9276323,dry_run,cytetype_pipeline_20260522_175813/SRX9276323_annotated.h5ad,cyteonto_pipeline_20260526_111100/SRX9276323_cyteonto.csv,,,2026-05-26 11:11:01,,
116/116,SRX9276336,dry_run,cytetype_pipeline_20260522_175813/SRX9276336_annotated.h5ad,cyteonto_pipeline_20260526_111100/SRX9276336_cyteonto.csv,,,2026-05-26 11:11:01,,
