position,srx,status,input_r2_file,output_r2_file,timestamp,duration_seconds,error
1/116,SRX17412823,success,designated_clustering_2/SRX17412823_clustered.h5ad,cytetype_pipeline_20260522_175813/SRX17412823_annotated.h5ad,2026-05-22 18:14:30,973.20,
2/116,SRX6812462,success,designated_clustering_2/SRX6812462_clustered.h5ad,cytetype_pipeline_20260522_175813/SRX6812462_annotated.h5ad,2026-05-22 18:43:11,893.99,
3/116,SRX19844821,success,designated_clustering_2/SRX19844821_clustered.h5ad,cytetype_pipeline_20260522_175813/SRX19844821_annotated.h5ad,2026-05-22 19:20:22,1324.76,
4/116,SRX19844846,success,designated_clustering_2/SRX19844846_clustered.h5ad,cytetype_pipeline_20260522_175813/SRX19844846_annotated.h5ad,2026-05-22 19:51:56,1419.60,
5/116,SRX9276336,success,designated_clustering_2/SRX9276336_clustered.h5ad,cytetype_pipeline_20260522_175813/SRX9276336_annotated.h5ad,2026-05-22 20:20:19,1321.80,
6/116,SRX27291574,success,designated_clustering_2/SRX27291574_clustered.h5ad,cytetype_pipeline_20260522_175813/SRX27291574_annotated.h5ad,2026-05-22 20:50:55,1358.15,
7/116,SRX17412850,success,designated_clustering_2/SRX17412850_clustered.h5ad,cytetype_pipeline_20260522_175813/SRX17412850_annotated.h5ad,2026-05-22 21:23:21,1503.72,
8/116,SRX6726382,success,designated_clustering_2/SRX6726382_clustered.h5ad,cytetype_pipeline_20260522_175813/SRX6726382_annotated.h5ad,2026-05-22 21:45:44,1047.26,
9/116,SRX6726383,success,designated_clustering_2/SRX6726383_clustered.h5ad,cytetype_pipeline_20260522_175813/SRX6726383_annotated.h5ad,2026-05-22 22:13:37,920.64,
10/116,SRX27291623,success,designated_clustering_2/SRX27291623_clustered.h5ad,cytetype_pipeline_20260522_175813/SRX27291623_annotated.h5ad,2026-05-22 22:43:21,903.95,
11/116,SRX19704158,success,designated_clustering_2/SRX19704158_clustered.h5ad,cytetype_pipeline_20260522_175813/SRX19704158_annotated.h5ad,2026-05-22 23:25:43,1646.50,
12/116,SRX9276309,success,designated_clustering_2/SRX9276309_clustered.h5ad,cytetype_pipeline_20260522_175813/SRX9276309_annotated.h5ad,2026-05-22 23:49:40,1283.33,
13/116,SRX17412828,success,designated_clustering_2/SRX17412828_clustered.h5ad,cytetype_pipeline_20260522_175813/SRX17412828_annotated.h5ad,2026-05-23 00:19:25,1267.98,
14/116,SRX17412832,success,designated_clustering_2/SRX17412832_clustered.h5ad,cytetype_pipeline_20260522_175813/SRX17412832_annotated.h5ad,2026-05-23 00:50:55,1358.46,
15/116,SRX17689209,success,designated_clustering_2/SRX17689209_clustered.h5ad,cytetype_pipeline_20260522_175813/SRX17689209_annotated.h5ad,2026-05-23 01:17:42,1165.19,
16/116,SRX19704159,success,designated_clustering_2/SRX19704159_clustered.h5ad,cytetype_pipeline_20260522_175813/SRX19704159_annotated.h5ad,2026-05-23 01:49:02,1245.13,
17/116,SRX19844825,success,designated_clustering_2/SRX19844825_clustered.h5ad,cytetype_pipeline_20260522_175813/SRX19844825_annotated.h5ad,2026-05-23 02:15:54,1057.04,
18/116,SRX17412848,success,designated_clustering_2/SRX17412848_clustered.h5ad,cytetype_pipeline_20260522_175813/SRX17412848_annotated.h5ad,2026-05-23 02:43:15,898.41,
19/116,SRX27113463,success,designated_clustering_2/SRX27113463_clustered.h5ad,cytetype_pipeline_20260522_175813/SRX27113463_annotated.h5ad,2026-05-23 03:15:24,1026.85,
20/116,SRX9276323,success,designated_clustering_2/SRX9276323_clustered.h5ad,cytetype_pipeline_20260522_175813/SRX9276323_annotated.h5ad,2026-05-23 03:43:24,906.70,
21/116,SRX19704188,success,designated_clustering_2/SRX19704188_clustered.h5ad,cytetype_pipeline_20260522_175813/SRX19704188_annotated.h5ad,2026-05-23 04:20:48,1351.56,
22/116,SRX17689203,success,designated_clustering_2/SRX17689203_clustered.h5ad,cytetype_pipeline_20260522_175813/SRX17689203_annotated.h5ad,2026-05-23 04:51:41,1404.33,
23/116,SRX17689200,success,designated_clustering_2/SRX17689200_clustered.h5ad,cytetype_pipeline_20260522_175813/SRX17689200_annotated.h5ad,2026-05-23 05:20:41,1344.43,
24/116,SRX19704196,success,designated_clustering_2/SRX19704196_clustered.h5ad,cytetype_pipeline_20260522_175813/SRX19704196_annotated.h5ad,2026-05-23 05:44:38,980.69,
25/116,SRX27291612,success,designated_clustering_2/SRX27291612_clustered.h5ad,cytetype_pipeline_20260522_175813/SRX27291612_annotated.h5ad,2026-05-23 06:21:58,1420.76,
26/116,SRX23724085,success,designated_clustering_2/SRX23724085_clustered.h5ad,cytetype_pipeline_20260522_175813/SRX23724085_annotated.h5ad,2026-05-23 06:49:09,1251.91,
27/116,SRX10048389,success,designated_clustering_2/SRX10048389_clustered.h5ad,cytetype_pipeline_20260522_175813/SRX10048389_annotated.h5ad,2026-05-23 07:19:22,1265.20,
28/116,SRX15263316,success,designated_clustering_2/SRX15263316_clustered.h5ad,cytetype_pipeline_20260522_175813/SRX15263316_annotated.h5ad,2026-05-23 07:50:10,1313.05,
29/116,SRX23724096,success,designated_clustering_2/SRX23724096_clustered.h5ad,cytetype_pipeline_20260522_175813/SRX23724096_annotated.h5ad,2026-05-23 08:21:39,1401.74,
30/116,SRX22226494,success,designated_clustering_2/SRX22226494_clustered.h5ad,cytetype_pipeline_20260522_175813/SRX22226494_annotated.h5ad,2026-05-23 08:49:51,1293.83,
31/116,SRX10100448,success,designated_clustering_2/SRX10100448_clustered.h5ad,cytetype_pipeline_20260522_175813/SRX10100448_annotated.h5ad,2026-05-23 09:17:17,1139.79,
32/116,SRX12285822,success,designated_clustering_2/SRX12285822_clustered.h5ad,cytetype_pipeline_20260522_175813/SRX12285822_annotated.h5ad,2026-05-23 09:50:52,1355.55,
33/116,SRX23331471,success,designated_clustering_2/SRX23331471_clustered.h5ad,cytetype_pipeline_20260522_175813/SRX23331471_annotated.h5ad,2026-05-23 10:15:48,1050.73,
34/116,SRX8353568,success,designated_clustering_2/SRX8353568_clustered.h5ad,cytetype_pipeline_20260522_175813/SRX8353568_annotated.h5ad,2026-05-23 10:48:14,1196.87,
35/116,SRX23724094,success,designated_clustering_2/SRX23724094_clustered.h5ad,cytetype_pipeline_20260522_175813/SRX23724094_annotated.h5ad,2026-05-23 11:21:33,1396.54,
36/116,SRX23724088,success,designated_clustering_2/SRX23724088_clustered.h5ad,cytetype_pipeline_20260522_175813/SRX23724088_annotated.h5ad,2026-05-23 11:53:00,1483.12,
37/116,SRX22226492,success,designated_clustering_2/SRX22226492_clustered.h5ad,cytetype_pipeline_20260522_175813/SRX22226492_annotated.h5ad,2026-05-23 12:17:58,1181.62,
38/116,SRX23802731,success,designated_clustering_2/SRX23802731_clustered.h5ad,cytetype_pipeline_20260522_175813/SRX23802731_annotated.h5ad,2026-05-23 12:53:11,1493.86,
39/116,SRX23395191,success,designated_clustering_2/SRX23395191_clustered.h5ad,cytetype_pipeline_20260522_175813/SRX23395191_annotated.h5ad,2026-05-23 13:17:52,1175.09,
40/116,SRX23724122,success,designated_clustering_2/SRX23724122_clustered.h5ad,cytetype_pipeline_20260522_175813/SRX23724122_annotated.h5ad,2026-05-23 13:45:48,1051.55,
41/116,SRX22226505,success,designated_clustering_2/SRX22226505_clustered.h5ad,cytetype_pipeline_20260522_175813/SRX22226505_annotated.h5ad,2026-05-23 14:20:31,1333.63,
42/116,SRX17137139,success,designated_clustering_2/SRX17137139_clustered.h5ad,cytetype_pipeline_20260522_175813/SRX17137139_annotated.h5ad,2026-05-23 14:51:07,1370.22,
43/116,SRX11438989,success,designated_clustering_2/SRX11438989_clustered.h5ad,cytetype_pipeline_20260522_175813/SRX11438989_annotated.h5ad,2026-05-23 15:23:32,1515.05,
44/116,SRX23724098,success,designated_clustering_2/SRX23724098_clustered.h5ad,cytetype_pipeline_20260522_175813/SRX23724098_annotated.h5ad,2026-05-23 15:52:11,1434.16,
45/116,SRX22226500,success,designated_clustering_2/SRX22226500_clustered.h5ad,cytetype_pipeline_20260522_175813/SRX22226500_annotated.h5ad,2026-05-23 16:19:35,1278.39,
46/116,SRX22226496,success,designated_clustering_2/SRX22226496_clustered.h5ad,cytetype_pipeline_20260522_175813/SRX22226496_annotated.h5ad,2026-05-23 16:48:27,1209.74,
47/116,SRX23724110,success,designated_clustering_2/SRX23724110_clustered.h5ad,cytetype_pipeline_20260522_175813/SRX23724110_annotated.h5ad,2026-05-23 17:19:57,1299.77,
48/116,SRX15263317,success,designated_clustering_2/SRX15263317_clustered.h5ad,cytetype_pipeline_20260522_175813/SRX15263317_annotated.h5ad,2026-05-23 17:47:52,1175.11,
49/116,SRX23802728,success,designated_clustering_2/SRX23802728_clustered.h5ad,cytetype_pipeline_20260522_175813/SRX23802728_annotated.h5ad,2026-05-23 18:26:34,1697.41,
50/116,SRX23724123,success,designated_clustering_2/SRX23724123_clustered.h5ad,cytetype_pipeline_20260522_175813/SRX23724123_annotated.h5ad,2026-05-23 18:50:46,1348.94,
51/116,SRX14098306,success,designated_clustering_2/SRX14098306_clustered.h5ad,cytetype_pipeline_20260522_175813/SRX14098306_annotated.h5ad,2026-05-23 19:21:26,1388.60,
52/116,SRX24841614,success,designated_clustering_2/SRX24841614_clustered.h5ad,cytetype_pipeline_20260522_175813/SRX24841614_annotated.h5ad,2026-05-23 19:47:21,1144.49,
53/116,SRX25038171,success,designated_clustering_2/SRX25038171_clustered.h5ad,cytetype_pipeline_20260522_175813/SRX25038171_annotated.h5ad,2026-05-23 20:13:31,914.14,
54/116,SRX24841619,success,designated_clustering_2/SRX24841619_clustered.h5ad,cytetype_pipeline_20260522_175813/SRX24841619_annotated.h5ad,2026-05-23 20:43:32,914.62,
55/116,SRX19727434,success,designated_clustering_2/SRX19727434_clustered.h5ad,cytetype_pipeline_20260522_175813/SRX19727434_annotated.h5ad,2026-05-23 21:18:14,1196.62,
56/116,SRX25038164,success,designated_clustering_2/SRX25038164_clustered.h5ad,cytetype_pipeline_20260522_175813/SRX25038164_annotated.h5ad,2026-05-23 21:49:05,1247.88,
57/116,SRX17412815,success,designated_clustering_2/SRX17412815_clustered.h5ad,cytetype_pipeline_20260522_175813/SRX17412815_annotated.h5ad,2026-05-23 22:20:55,1358.22,
58/116,SRX17412814,success,designated_clustering_2/SRX17412814_clustered.h5ad,cytetype_pipeline_20260522_175813/SRX17412814_annotated.h5ad,2026-05-23 22:46:41,1103.81,
59/116,SRX24732576,success,designated_clustering_2/SRX24732576_clustered.h5ad,cytetype_pipeline_20260522_175813/SRX24732576_annotated.h5ad,2026-05-23 23:25:30,1632.68,
60/116,SRX19727435,success,designated_clustering_2/SRX19727435_clustered.h5ad,cytetype_pipeline_20260522_175813/SRX19727435_annotated.h5ad,2026-05-23 23:46:53,1116.35,
61/116,SRX25038172,success,designated_clustering_2/SRX25038172_clustered.h5ad,cytetype_pipeline_20260522_175813/SRX25038172_annotated.h5ad,2026-05-24 00:17:26,1148.72,
62/116,SRX19727432,success,designated_clustering_2/SRX19727432_clustered.h5ad,cytetype_pipeline_20260522_175813/SRX19727432_annotated.h5ad,2026-05-24 00:45:22,1025.20,
63/116,SRX25038165,success,designated_clustering_2/SRX25038165_clustered.h5ad,cytetype_pipeline_20260522_175813/SRX25038165_annotated.h5ad,2026-05-24 01:11:08,770.67,
64/116,SRX17412820,success,designated_clustering_2/SRX17412820_clustered.h5ad,cytetype_pipeline_20260522_175813/SRX17412820_annotated.h5ad,2026-05-24 01:47:09,1132.35,
65/116,SRX17412809,success,designated_clustering_2/SRX17412809_clustered.h5ad,cytetype_pipeline_20260522_175813/SRX17412809_annotated.h5ad,2026-05-24 02:16:31,1093.60,
66/116,SRX19727428,success,designated_clustering_2/SRX19727428_clustered.h5ad,cytetype_pipeline_20260522_175813/SRX19727428_annotated.h5ad,2026-05-24 02:48:49,1232.11,
67/116,SRX24841617,success,designated_clustering_2/SRX24841617_clustered.h5ad,cytetype_pipeline_20260522_175813/SRX24841617_annotated.h5ad,2026-05-24 03:15:43,1046.03,
68/116,SRX24841616,success,designated_clustering_2/SRX24841616_clustered.h5ad,cytetype_pipeline_20260522_175813/SRX24841616_annotated.h5ad,2026-05-24 03:46:47,1110.24,
69/116,SRX25038166,success,designated_clustering_2/SRX25038166_clustered.h5ad,cytetype_pipeline_20260522_175813/SRX25038166_annotated.h5ad,2026-05-24 04:16:30,1092.72,
70/116,SRX17412813,success,designated_clustering_2/SRX17412813_clustered.h5ad,cytetype_pipeline_20260522_175813/SRX17412813_annotated.h5ad,2026-05-24 04:48:56,1239.00,
71/116,SRX19727429,success,designated_clustering_2/SRX19727429_clustered.h5ad,cytetype_pipeline_20260522_175813/SRX19727429_annotated.h5ad,2026-05-24 05:15:54,1057.20,
72/116,SRX25038162,success,designated_clustering_2/SRX25038162_clustered.h5ad,cytetype_pipeline_20260522_175813/SRX25038162_annotated.h5ad,2026-05-24 05:50:09,1311.82,
73/116,SRX24732577,success,designated_clustering_2/SRX24732577_clustered.h5ad,cytetype_pipeline_20260522_175813/SRX24732577_annotated.h5ad,2026-05-24 06:15:31,1034.40,
74/116,SRX17412812,success,designated_clustering_2/SRX17412812_clustered.h5ad,cytetype_pipeline_20260522_175813/SRX17412812_annotated.h5ad,2026-05-24 06:46:23,1086.07,
75/116,SRX25038170,success,designated_clustering_2/SRX25038170_clustered.h5ad,cytetype_pipeline_20260522_175813/SRX25038170_annotated.h5ad,2026-05-24 07:23:02,1485.44,
76/116,SRX17896691,success,designated_clustering_2/SRX17896691_clustered.h5ad,cytetype_pipeline_20260522_175813/SRX17896691_annotated.h5ad,2026-05-24 07:45:55,1057.76,
77/116,SRX9276318,success,designated_clustering_2/SRX9276318_clustered.h5ad,cytetype_pipeline_20260522_175813/SRX9276318_annotated.h5ad,2026-05-24 08:11:59,821.98,
78/116,SRX9276290,success,designated_clustering_2/SRX9276290_clustered.h5ad,cytetype_pipeline_20260522_175813/SRX9276290_annotated.h5ad,2026-05-24 08:50:00,1302.59,
79/116,SRX19844838,success,designated_clustering_2/SRX19844838_clustered.h5ad,cytetype_pipeline_20260522_175813/SRX19844838_annotated.h5ad,2026-05-24 09:19:14,1257.08,
80/116,SRX9276294,success,designated_clustering_2/SRX9276294_clustered.h5ad,cytetype_pipeline_20260522_175813/SRX9276294_annotated.h5ad,2026-05-24 09:47:28,1151.20,
81/116,SRX19844836,success,designated_clustering_2/SRX19844836_clustered.h5ad,cytetype_pipeline_20260522_175813/SRX19844836_annotated.h5ad,2026-05-24 10:20:42,1344.84,
82/116,SRX9276292,success,designated_clustering_2/SRX9276292_clustered.h5ad,cytetype_pipeline_20260522_175813/SRX9276292_annotated.h5ad,2026-05-24 10:50:04,1307.43,
83/116,SRX19844818,success,designated_clustering_2/SRX19844818_clustered.h5ad,cytetype_pipeline_20260522_175813/SRX19844818_annotated.h5ad,2026-05-24 11:19:55,1298.10,
84/116,SRX9276316,success,designated_clustering_2/SRX9276316_clustered.h5ad,cytetype_pipeline_20260522_175813/SRX9276316_annotated.h5ad,2026-05-24 11:49:44,1286.51,
85/116,SRX9276315,success,designated_clustering_2/SRX9276315_clustered.h5ad,cytetype_pipeline_20260522_175813/SRX9276315_annotated.h5ad,2026-05-24 12:18:19,1201.61,
86/116,SRX9276289,success,designated_clustering_2/SRX9276289_clustered.h5ad,cytetype_pipeline_20260522_175813/SRX9276289_annotated.h5ad,2026-05-24 12:45:12,1014.90,
87/116,SRX19844819,success,designated_clustering_2/SRX19844819_clustered.h5ad,cytetype_pipeline_20260522_175813/SRX19844819_annotated.h5ad,2026-05-24 13:20:11,1313.68,
88/116,SRX9276319,success,designated_clustering_2/SRX9276319_clustered.h5ad,cytetype_pipeline_20260522_175813/SRX9276319_annotated.h5ad,2026-05-24 13:48:25,1208.46,
89/116,SRX9276320,success,designated_clustering_2/SRX9276320_clustered.h5ad,cytetype_pipeline_20260522_175813/SRX9276320_annotated.h5ad,2026-05-24 14:18:48,1231.20,
90/116,SRX19844837,success,designated_clustering_2/SRX19844837_clustered.h5ad,cytetype_pipeline_20260522_175813/SRX19844837_annotated.h5ad,2026-05-24 14:51:14,1377.02,
91/116,SRX9276293,success,designated_clustering_2/SRX9276293_clustered.h5ad,cytetype_pipeline_20260522_175813/SRX9276293_annotated.h5ad,2026-05-24 15:16:48,1111.35,
92/116,SRX19844839,success,designated_clustering_2/SRX19844839_clustered.h5ad,cytetype_pipeline_20260522_175813/SRX19844839_annotated.h5ad,2026-05-24 15:48:50,1232.87,
93/116,SRX9276295,success,designated_clustering_2/SRX9276295_clustered.h5ad,cytetype_pipeline_20260522_175813/SRX9276295_annotated.h5ad,2026-05-24 16:23:03,1486.29,
94/116,SRX9276291,success,designated_clustering_2/SRX9276291_clustered.h5ad,cytetype_pipeline_20260522_175813/SRX9276291_annotated.h5ad,2026-05-24 16:52:46,1468.70,
95/116,SRX19704194,success,designated_clustering_2/SRX19704194_clustered.h5ad,cytetype_pipeline_20260522_175813/SRX19704194_annotated.h5ad,2026-05-24 17:22:14,1437.16,
96/116,SRX17664572,success,designated_clustering_2/SRX17664572_clustered.h5ad,cytetype_pipeline_20260522_175813/SRX17664572_annotated.h5ad,2026-05-24 17:53:39,1522.23,
97/116,SRX8349966,success,designated_clustering_2/SRX8349966_clustered.h5ad,cytetype_pipeline_20260522_175813/SRX8349966_annotated.h5ad,2026-05-24 18:15:26,1028.78,
98/116,SRX9246205,success,designated_clustering_2/SRX9246205_clustered.h5ad,cytetype_pipeline_20260522_175813/SRX9246205_annotated.h5ad,2026-05-24 18:44:36,979.46,
99/116,SRX14767855,success,designated_clustering_2/SRX14767855_clustered.h5ad,cytetype_pipeline_20260522_175813/SRX14767855_annotated.h5ad,2026-05-24 19:21:03,1365.88,
100/116,SRX9246197,success,designated_clustering_2/SRX9246197_clustered.h5ad,cytetype_pipeline_20260522_175813/SRX9246197_annotated.h5ad,2026-05-24 19:42:43,866.22,
101/116,SRX14767851,success,designated_clustering_2/SRX14767851_clustered.h5ad,cytetype_pipeline_20260522_175813/SRX14767851_annotated.h5ad,2026-05-24 20:15:54,1057.31,
102/116,SRX9246206,success,designated_clustering_2/SRX9246206_clustered.h5ad,cytetype_pipeline_20260522_175813/SRX9246206_annotated.h5ad,2026-05-24 20:48:03,1186.43,
103/116,SRX14767853,success,designated_clustering_2/SRX14767853_clustered.h5ad,cytetype_pipeline_20260522_175813/SRX14767853_annotated.h5ad,2026-05-24 21:16:37,1100.21,
104/116,SRX8349956,success,designated_clustering_2/SRX8349956_clustered.h5ad,cytetype_pipeline_20260522_175813/SRX8349956_annotated.h5ad,2026-05-24 21:45:56,1059.15,
105/116,SRX8349959,success,designated_clustering_2/SRX8349959_clustered.h5ad,cytetype_pipeline_20260522_175813/SRX8349959_annotated.h5ad,2026-05-24 22:25:07,1610.00,
106/116,SRX9246208,success,designated_clustering_2/SRX9246208_clustered.h5ad,cytetype_pipeline_20260522_175813/SRX9246208_annotated.h5ad,2026-05-24 22:43:19,901.76,
107/116,SRX14767854,success,designated_clustering_2/SRX14767854_clustered.h5ad,cytetype_pipeline_20260522_175813/SRX14767854_annotated.h5ad,2026-05-24 23:14:36,978.48,
108/116,SRX9246199,success,designated_clustering_2/SRX9246199_clustered.h5ad,cytetype_pipeline_20260522_175813/SRX9246199_annotated.h5ad,2026-05-24 23:43:32,915.34,
109/116,SRX8349958,success,designated_clustering_2/SRX8349958_clustered.h5ad,cytetype_pipeline_20260522_175813/SRX8349958_annotated.h5ad,2026-05-25 00:17:10,1132.62,
110/116,SRX14767852,success,designated_clustering_2/SRX14767852_clustered.h5ad,cytetype_pipeline_20260522_175813/SRX14767852_annotated.h5ad,2026-05-25 00:43:38,920.49,
111/116,SRX9246207,success,designated_clustering_2/SRX9246207_clustered.h5ad,cytetype_pipeline_20260522_175813/SRX9246207_annotated.h5ad,2026-05-25 01:17:08,1130.46,
112/116,SRX9246200,success,designated_clustering_2/SRX9246200_clustered.h5ad,cytetype_pipeline_20260522_175813/SRX9246200_annotated.h5ad,2026-05-25 01:42:12,834.60,
113/116,SRX9246204,success,designated_clustering_2/SRX9246204_clustered.h5ad,cytetype_pipeline_20260522_175813/SRX9246204_annotated.h5ad,2026-05-25 02:17:33,1155.90,
114/116,SRX9246201,success,designated_clustering_2/SRX9246201_clustered.h5ad,cytetype_pipeline_20260522_175813/SRX9246201_annotated.h5ad,2026-05-25 02:43:01,884.33,
115/116,SRX8349961,success,designated_clustering_2/SRX8349961_clustered.h5ad,cytetype_pipeline_20260522_175813/SRX8349961_annotated.h5ad,2026-05-25 03:17:27,1150.42,
116/116,SRX9246202,success,designated_clustering_2/SRX9246202_clustered.h5ad,cytetype_pipeline_20260522_175813/SRX9246202_annotated.h5ad,2026-05-25 03:44:53,995.61,
