cluster,diseaseArea,nOverlapStudies,nCaseProfiles,nControlProfiles,nCaseCells,nControlCells,eligibleForContrast,interpretedCellType,interpretationStatus,topLabel,topLabelFraction
0,COPD,0,0,0,0,0,False,unresolved,unresolved,B cell,0.591747146619842
0,COVID-19 / SARS-CoV-2,0,0,0,0,0,False,unresolved,unresolved,B cell,0.591747146619842
0,IPF / Pulmonary Fibrosis,1,3,1,160,11,False,unresolved,unresolved,B cell,0.591747146619842
0,Interstitial Lung Disease,0,0,0,0,0,False,unresolved,unresolved,B cell,0.591747146619842
0,Lung Cancer,1,2,1,23,11,False,unresolved,unresolved,B cell,0.591747146619842
1,COPD,0,0,0,0,0,False,"CD4-positive, alpha-beta T cell",resolved,"CD4-positive, alpha-beta T cell",0.9118690313778991
1,COVID-19 / SARS-CoV-2,3,15,6,289,134,True,"CD4-positive, alpha-beta T cell",resolved,"CD4-positive, alpha-beta T cell",0.9118690313778991
1,IPF / Pulmonary Fibrosis,0,0,0,0,0,False,"CD4-positive, alpha-beta T cell",resolved,"CD4-positive, alpha-beta T cell",0.9118690313778991
1,Interstitial Lung Disease,0,0,0,0,0,False,"CD4-positive, alpha-beta T cell",resolved,"CD4-positive, alpha-beta T cell",0.9118690313778991
1,Lung Cancer,3,18,14,767,529,True,"CD4-positive, alpha-beta T cell",resolved,"CD4-positive, alpha-beta T cell",0.9118690313778991
1,Pulmonary Hypertension,1,2,1,72,11,False,"CD4-positive, alpha-beta T cell",resolved,"CD4-positive, alpha-beta T cell",0.9118690313778991
10,COVID-19 / SARS-CoV-2,1,9,2,220,58,True,macrophage,resolved,macrophage,0.9653284671532847
10,IPF / Pulmonary Fibrosis,0,0,0,0,0,False,macrophage,resolved,macrophage,0.9653284671532847
12,Interstitial Lung Disease,0,0,0,0,0,False,unresolved,unresolved,B cell,0.3404255319148936
13,COPD,0,0,0,0,0,False,unresolved,unresolved,basophil,0.6066350710900474
13,COVID-19 / SARS-CoV-2,0,0,0,0,0,False,unresolved,unresolved,basophil,0.6066350710900474
13,IPF / Pulmonary Fibrosis,0,0,0,0,0,False,unresolved,unresolved,basophil,0.6066350710900474
13,Lung Cancer,0,0,0,0,0,False,unresolved,unresolved,basophil,0.6066350710900474
14,COVID-19 / SARS-CoV-2,0,0,0,0,0,False,unresolved,unresolved,adventitial cell,0.2904381372278865
14,Cystic Fibrosis,0,0,0,0,0,False,unresolved,unresolved,adventitial cell,0.2904381372278865
14,IPF / Pulmonary Fibrosis,2,19,18,635,288,True,unresolved,unresolved,adventitial cell,0.2904381372278865
14,Interstitial Lung Disease,0,0,0,0,0,False,unresolved,unresolved,adventitial cell,0.2904381372278865
14,Lung Cancer,1,12,1,260,29,False,unresolved,unresolved,adventitial cell,0.2904381372278865
14,Pulmonary Hypertension,0,0,0,0,0,False,unresolved,unresolved,adventitial cell,0.2904381372278865
17,COVID-19 / SARS-CoV-2,0,0,0,0,0,False,unresolved,unresolved,basal cell,0.47768595041322315
17,Lung Cancer,0,0,0,0,0,False,unresolved,unresolved,basal cell,0.47768595041322315
2,IPF / Pulmonary Fibrosis,0,0,0,0,0,False,"CD4-positive, alpha-beta T cell",resolved,"CD4-positive, alpha-beta T cell",1.0
20,COPD,0,0,0,0,0,False,unresolved,unresolved,respiratory tract goblet cell,0.33263009845288327
20,COVID-19 / SARS-CoV-2,1,2,1,53,18,False,unresolved,unresolved,respiratory tract goblet cell,0.33263009845288327
20,Cystic Fibrosis,0,0,0,0,0,False,unresolved,unresolved,respiratory tract goblet cell,0.33263009845288327
20,IPF / Pulmonary Fibrosis,1,6,1,128,17,False,unresolved,unresolved,respiratory tract goblet cell,0.33263009845288327
20,Interstitial Lung Disease,0,0,0,0,0,False,unresolved,unresolved,respiratory tract goblet cell,0.33263009845288327
20,Lung Cancer,0,0,0,0,0,False,unresolved,unresolved,respiratory tract goblet cell,0.33263009845288327
21,COPD,0,0,0,0,0,False,unresolved,unresolved,plasma cell,0.34473398479913137
21,COVID-19 / SARS-CoV-2,0,0,0,0,0,False,unresolved,unresolved,plasma cell,0.34473398479913137
21,Cystic Fibrosis,0,0,0,0,0,False,unresolved,unresolved,plasma cell,0.34473398479913137
21,IPF / Pulmonary Fibrosis,0,0,0,0,0,False,unresolved,unresolved,plasma cell,0.34473398479913137
21,Interstitial Lung Disease,0,0,0,0,0,False,unresolved,unresolved,plasma cell,0.34473398479913137
21,Lung Cancer,1,1,1,12,16,False,unresolved,unresolved,plasma cell,0.34473398479913137
23,COVID-19 / SARS-CoV-2,1,1,1,12,63,False,unresolved,unresolved,basal cell,0.4604221635883905
23,Cystic Fibrosis,0,0,0,0,0,False,unresolved,unresolved,basal cell,0.4604221635883905
23,IPF / Pulmonary Fibrosis,0,0,0,0,0,False,unresolved,unresolved,basal cell,0.4604221635883905
23,Lung Cancer,0,0,0,0,0,False,unresolved,unresolved,basal cell,0.4604221635883905
24,COPD,0,0,0,0,0,False,unresolved,unresolved,macrophage,0.30376344086021506
24,COVID-19 / SARS-CoV-2,1,1,1,15,20,False,unresolved,unresolved,macrophage,0.30376344086021506
24,IPF / Pulmonary Fibrosis,0,0,0,0,0,False,unresolved,unresolved,macrophage,0.30376344086021506
24,Interstitial Lung Disease,0,0,0,0,0,False,unresolved,unresolved,macrophage,0.30376344086021506
24,Lung Cancer,1,3,3,115,80,True,unresolved,unresolved,macrophage,0.30376344086021506
24,Pulmonary Hypertension,0,0,0,0,0,False,unresolved,unresolved,macrophage,0.30376344086021506
26,COPD,0,0,0,0,0,False,macrophage,resolved,macrophage,0.8012320328542094
26,COVID-19 / SARS-CoV-2,1,12,4,326,178,True,macrophage,resolved,macrophage,0.8012320328542094
26,Cystic Fibrosis,0,0,0,0,0,False,macrophage,resolved,macrophage,0.8012320328542094
26,IPF / Pulmonary Fibrosis,2,20,6,359,147,True,macrophage,resolved,macrophage,0.8012320328542094
26,Interstitial Lung Disease,0,0,0,0,0,False,macrophage,resolved,macrophage,0.8012320328542094
26,Lung Cancer,1,2,2,107,54,True,macrophage,resolved,macrophage,0.8012320328542094
26,Pulmonary Hypertension,1,2,1,44,28,False,macrophage,resolved,macrophage,0.8012320328542094
3,Lung Cancer,0,0,0,0,0,False,unresolved,unresolved,"CD4-positive, alpha-beta T cell",0.6557377049180327
31,COVID-19 / SARS-CoV-2,1,2,1,130,57,False,basal cell,resolved,basal cell,0.9575971731448764
31,Cystic Fibrosis,1,8,1,127,14,False,basal cell,resolved,basal cell,0.9575971731448764
31,IPF / Pulmonary Fibrosis,0,0,0,0,0,False,basal cell,resolved,basal cell,0.9575971731448764
31,Interstitial Lung Disease,0,0,0,0,0,False,basal cell,resolved,basal cell,0.9575971731448764
31,Lung Cancer,0,0,0,0,0,False,basal cell,resolved,basal cell,0.9575971731448764
32,Interstitial Lung Disease,0,0,0,0,0,False,unresolved,unresolved,basal cell,0.2773722627737226
32,Lung Cancer,0,0,0,0,0,False,unresolved,unresolved,basal cell,0.2773722627737226
33,Lung Cancer,0,0,0,0,0,False,unresolved,unresolved,basal cell,0.5625
34,COPD,0,0,0,0,0,False,unresolved,unresolved,intermediate monocyte,0.22170722286597142
34,COVID-19 / SARS-CoV-2,1,3,1,83,73,False,unresolved,unresolved,intermediate monocyte,0.22170722286597142
34,IPF / Pulmonary Fibrosis,1,2,1,22,16,False,unresolved,unresolved,intermediate monocyte,0.22170722286597142
34,Interstitial Lung Disease,0,0,0,0,0,False,unresolved,unresolved,intermediate monocyte,0.22170722286597142
34,Lung Cancer,2,4,4,53,62,True,unresolved,unresolved,intermediate monocyte,0.22170722286597142
34,Pulmonary Hypertension,0,0,0,0,0,False,unresolved,unresolved,intermediate monocyte,0.22170722286597142
35,IPF / Pulmonary Fibrosis,1,2,4,24,66,True,unresolved,unresolved,"CD4-positive, alpha-beta T cell",0.6390532544378699
36,COPD,0,0,0,0,0,False,unresolved,unresolved,capillary endothelial cell,0.5119933829611248
36,COVID-19 / SARS-CoV-2,1,12,4,244,74,True,unresolved,unresolved,capillary endothelial cell,0.5119933829611248
36,IPF / Pulmonary Fibrosis,3,34,28,773,819,True,unresolved,unresolved,capillary endothelial cell,0.5119933829611248
36,Interstitial Lung Disease,0,0,0,0,0,False,unresolved,unresolved,capillary endothelial cell,0.5119933829611248
36,Lung Cancer,2,7,7,129,102,True,unresolved,unresolved,capillary endothelial cell,0.5119933829611248
36,Pulmonary Hypertension,1,2,2,25,36,True,unresolved,unresolved,capillary endothelial cell,0.5119933829611248
38,COVID-19 / SARS-CoV-2,1,7,1,86,14,False,pulmonary alveolar type 1 cell,resolved,pulmonary alveolar type 1 cell,0.7489878542510121
38,IPF / Pulmonary Fibrosis,1,4,8,84,145,True,pulmonary alveolar type 1 cell,resolved,pulmonary alveolar type 1 cell,0.7489878542510121
38,Lung Cancer,0,0,0,0,0,False,pulmonary alveolar type 1 cell,resolved,pulmonary alveolar type 1 cell,0.7489878542510121
39,COVID-19 / SARS-CoV-2,0,0,0,0,0,False,unresolved,unresolved,respiratory tract goblet cell,0.3532934131736527
39,Lung Cancer,0,0,0,0,0,False,unresolved,unresolved,respiratory tract goblet cell,0.3532934131736527
4,COPD,0,0,0,0,0,False,unresolved,unresolved,"CD8-positive, alpha-beta T cell",0.34860947904426165
4,COVID-19 / SARS-CoV-2,1,4,1,58,18,False,unresolved,unresolved,"CD8-positive, alpha-beta T cell",0.34860947904426165
4,IPF / Pulmonary Fibrosis,0,0,0,0,0,False,unresolved,unresolved,"CD8-positive, alpha-beta T cell",0.34860947904426165
4,Interstitial Lung Disease,0,0,0,0,0,False,unresolved,unresolved,"CD8-positive, alpha-beta T cell",0.34860947904426165
4,Lung Cancer,2,4,5,67,103,True,unresolved,unresolved,"CD8-positive, alpha-beta T cell",0.34860947904426165
4,Pulmonary Hypertension,0,0,0,0,0,False,unresolved,unresolved,"CD8-positive, alpha-beta T cell",0.34860947904426165
43,COPD,0,0,0,0,0,False,unresolved,unresolved,lung multiciliated epithelial cell,0.6099706744868035
43,COVID-19 / SARS-CoV-2,2,8,7,253,225,True,unresolved,unresolved,lung multiciliated epithelial cell,0.6099706744868035
43,Cystic Fibrosis,0,0,0,0,0,False,unresolved,unresolved,lung multiciliated epithelial cell,0.6099706744868035
43,IPF / Pulmonary Fibrosis,3,18,9,474,174,True,unresolved,unresolved,lung multiciliated epithelial cell,0.6099706744868035
43,Interstitial Lung Disease,0,0,0,0,0,False,unresolved,unresolved,lung multiciliated epithelial cell,0.6099706744868035
43,Lung Cancer,0,0,0,0,0,False,unresolved,unresolved,lung multiciliated epithelial cell,0.6099706744868035
44,COPD,0,0,0,0,0,False,lung multiciliated epithelial cell,resolved,lung multiciliated epithelial cell,0.9480225988700565
44,COVID-19 / SARS-CoV-2,2,8,5,190,81,True,lung multiciliated epithelial cell,resolved,lung multiciliated epithelial cell,0.9480225988700565
44,Cystic Fibrosis,1,8,1,116,17,False,lung multiciliated epithelial cell,resolved,lung multiciliated epithelial cell,0.9480225988700565
44,IPF / Pulmonary Fibrosis,2,18,3,403,43,True,lung multiciliated epithelial cell,resolved,lung multiciliated epithelial cell,0.9480225988700565
44,Interstitial Lung Disease,0,0,0,0,0,False,lung multiciliated epithelial cell,resolved,lung multiciliated epithelial cell,0.9480225988700565
44,Lung Cancer,0,0,0,0,0,False,lung multiciliated epithelial cell,resolved,lung multiciliated epithelial cell,0.9480225988700565
45,COVID-19 / SARS-CoV-2,1,3,1,97,10,False,respiratory tract goblet cell,resolved,respiratory tract goblet cell,0.82642089093702
45,Cystic Fibrosis,0,0,0,0,0,False,respiratory tract goblet cell,resolved,respiratory tract goblet cell,0.82642089093702
45,IPF / Pulmonary Fibrosis,1,6,1,122,17,False,respiratory tract goblet cell,resolved,respiratory tract goblet cell,0.82642089093702
45,Interstitial Lung Disease,0,0,0,0,0,False,respiratory tract goblet cell,resolved,respiratory tract goblet cell,0.82642089093702
45,Lung Cancer,0,0,0,0,0,False,respiratory tract goblet cell,resolved,respiratory tract goblet cell,0.82642089093702
49,COVID-19 / SARS-CoV-2,0,0,0,0,0,False,unresolved,unresolved,macrophage,0.7282608695652174
5,COPD,0,0,0,0,0,False,unresolved,unresolved,"CD4-positive, alpha-beta T cell",0.6286231884057971
5,COVID-19 / SARS-CoV-2,1,4,1,58,10,False,unresolved,unresolved,"CD4-positive, alpha-beta T cell",0.6286231884057971
5,IPF / Pulmonary Fibrosis,0,0,0,0,0,False,unresolved,unresolved,"CD4-positive, alpha-beta T cell",0.6286231884057971
5,Interstitial Lung Disease,0,0,0,0,0,False,unresolved,unresolved,"CD4-positive, alpha-beta T cell",0.6286231884057971
5,Lung Cancer,3,10,9,316,297,True,unresolved,unresolved,"CD4-positive, alpha-beta T cell",0.6286231884057971
5,Pulmonary Hypertension,0,0,0,0,0,False,unresolved,unresolved,"CD4-positive, alpha-beta T cell",0.6286231884057971
52,COVID-19 / SARS-CoV-2,0,0,0,0,0,False,unresolved,unresolved,macrophage,0.20879801734820322
52,IPF / Pulmonary Fibrosis,1,9,11,242,678,True,unresolved,unresolved,macrophage,0.20879801734820322
52,Lung Cancer,0,0,0,0,0,False,unresolved,unresolved,macrophage,0.20879801734820322
54,IPF / Pulmonary Fibrosis,1,5,3,136,57,True,unresolved,unresolved,pulmonary alveolar type 2 cell,0.3761467889908257
59,COVID-19 / SARS-CoV-2,0,0,0,0,0,False,endothelial cell of lymphatic vessel,resolved,endothelial cell of lymphatic vessel,0.7465181058495822
59,IPF / Pulmonary Fibrosis,0,0,0,0,0,False,endothelial cell of lymphatic vessel,resolved,endothelial cell of lymphatic vessel,0.7465181058495822
59,Lung Cancer,0,0,0,0,0,False,endothelial cell of lymphatic vessel,resolved,endothelial cell of lymphatic vessel,0.7465181058495822
6,COPD,0,0,0,0,0,False,B cell,resolved,B cell,0.9477048227774549
6,IPF / Pulmonary Fibrosis,0,0,0,0,0,False,B cell,resolved,B cell,0.9477048227774549
6,Lung Cancer,1,2,1,196,17,False,B cell,resolved,B cell,0.9477048227774549
60,COPD,0,0,0,0,0,False,unresolved,unresolved,pericyte,0.4294770206022187
60,COVID-19 / SARS-CoV-2,0,0,0,0,0,False,unresolved,unresolved,pericyte,0.4294770206022187
60,IPF / Pulmonary Fibrosis,1,4,4,42,66,True,unresolved,unresolved,pericyte,0.4294770206022187
60,Interstitial Lung Disease,0,0,0,0,0,False,unresolved,unresolved,pericyte,0.4294770206022187
60,Lung Cancer,0,0,0,0,0,False,unresolved,unresolved,pericyte,0.4294770206022187
60,Pulmonary Hypertension,1,1,1,23,50,False,unresolved,unresolved,pericyte,0.4294770206022187
66,COVID-19 / SARS-CoV-2,0,0,0,0,0,False,macrophage,resolved,macrophage,0.715311004784689
66,IPF / Pulmonary Fibrosis,0,0,0,0,0,False,macrophage,resolved,macrophage,0.715311004784689
7,COVID-19 / SARS-CoV-2,1,1,1,21,20,False,unresolved,unresolved,macrophage,0.6052631578947368
7,IPF / Pulmonary Fibrosis,0,0,0,0,0,False,unresolved,unresolved,macrophage,0.6052631578947368
7,Lung Cancer,0,0,0,0,0,False,unresolved,unresolved,macrophage,0.6052631578947368
8,COPD,0,0,0,0,0,False,unresolved,unresolved,pulmonary alveolar type 2 cell,0.424062584299973
8,COVID-19 / SARS-CoV-2,0,0,0,0,0,False,unresolved,unresolved,pulmonary alveolar type 2 cell,0.424062584299973
8,Cystic Fibrosis,1,1,1,22,11,False,unresolved,unresolved,pulmonary alveolar type 2 cell,0.424062584299973
8,IPF / Pulmonary Fibrosis,4,12,31,244,863,True,unresolved,unresolved,pulmonary alveolar type 2 cell,0.424062584299973
8,Interstitial Lung Disease,0,0,0,0,0,False,unresolved,unresolved,pulmonary alveolar type 2 cell,0.424062584299973
8,Lung Cancer,0,0,0,0,0,False,unresolved,unresolved,pulmonary alveolar type 2 cell,0.424062584299973
9,COPD,0,0,0,0,0,False,macrophage,resolved,macrophage,0.7782419495213229
9,COVID-19 / SARS-CoV-2,2,7,2,305,60,True,macrophage,resolved,macrophage,0.7782419495213229
9,Cystic Fibrosis,0,0,0,0,0,False,macrophage,resolved,macrophage,0.7782419495213229
9,IPF / Pulmonary Fibrosis,3,40,4,896,72,True,macrophage,resolved,macrophage,0.7782419495213229
9,Interstitial Lung Disease,0,0,0,0,0,False,macrophage,resolved,macrophage,0.7782419495213229
9,Lung Cancer,1,2,2,59,142,True,macrophage,resolved,macrophage,0.7782419495213229
9,Pulmonary Hypertension,0,0,0,0,0,False,macrophage,resolved,macrophage,0.7782419495213229
